timestamp_iso,timestamp_unix,340,345,350,355,360,365,370,375,380,385,390,395,400,405,410,415,420,425,430,435,440,445,450,455,460,465,470,475,480,485,490,495,500,505,510,515,520,525,530,535,540,545,550,555,560,565,570,575,580,585,590,595,600,605,610,615,620,625,630,635,640,645,650,655,660,665,670,675,680,685,690,695,700,705,710,715,720,725,730,735,740,745,750,755,760,765,770,775,780,785,790,795,800,805,810,815,820,825,830,835,840,845,850,855,860,865,870,875,880,885,890,895,900,905,910,915,920,925,930,935,940,945,950,955,960,965,970,975,980,985,990,995,1000,1005,1010
2025-12-05T10:27:57.239237,1764930477.2392373,0.0018129210220649838,0.0015862518921494484,0.001349500846117735,0.001033675274811685,0.00066505087306723,0.000608971284236759,0.0007233547512441874,0.0011182345915585756,0.0016558774514123797,0.0022018395829945803,0.0026729791425168514,0.003119437023997307,0.003520434023812413,0.0038363910280168056,0.004159842152148485,0.004577509593218565,0.004957829602062702,0.005241202190518379,0.005453361198306084,0.005815506912767887,0.006508336868137121,0.007502598222345114,0.008433852344751358,0.008972561918199062,0.008919229730963707,0.008517701178789139,0.00811885017901659,0.008159061893820763,0.00863463245332241,0.009137189015746117,0.009350641630589962,0.009223958477377892,0.009004151448607445,0.009085651487112045,0.00942531879991293,0.009892728179693222,0.010248804464936256,0.010206900537014008,0.009755408391356468,0.009196252562105656,0.008802304975688457,0.008649872615933418,0.008809361606836319,0.009180359542369843,0.009439772926270962,0.009683098644018173,0.009765761904418468,0.009680643677711487,0.009564870037138462,0.009550871327519417,0.009749283082783222,0.009967976249754429,0.010045723058283329,0.01005192007869482,0.010158383287489414,0.010219444520771503,0.010064182803034782,0.01004275307059288,0.009870331734418869,0.009332695975899696,0.008688095025718212,0.007823163643479347,0.006833241321146488,0.006054334342479706,0.005628055892884731,0.005396941676735878,0.005462236236780882,0.005675587337464094,0.005722819361835718,0.005557284224778414,0.005339118652045727,0.004931955132633448,0.004636221099644899,0.004310540854930878,0.004141279961913824,0.003720249980688095,0.003289627144113183,0.0029623727314174175,0.0027459305711090565,0.0029292043764144182,0.003012885805219412,0.0030815473292022943,0.003042129799723625,0.0026475179474800825,0.0021828750614076853,0.0018953022081404924,0.0017645878251641989,0.001678704982623458,0.0019253737991675735,0.001975113060325384,0.0019112775335088372,0.0016955866012722254,0.0013535147299990058,0.0012037857668474317,0.0009890319779515266,0.0009483579779043794,0.0009524555061943829,0.0009688889840617776,0.001013884088024497,0.0010659329127520323,0.0010773289250209928,0.0011181769659742713,0.0012474897084757686,0.0011889527086168528,0.0011583948507905006,0.0011042688274756074,0.0010124233085662127,0.0008772896835580468,0.0007846365915611386,0.0006864545866847038,0.0005883867852389812,0.0004588081210386008,0.0003656675398815423,0.0004002742061857134,0.00048125351895578206,0.0005147129995748401,0.0004931216244585812,0.0004058622580487281,0.0002480225230101496,6.075900728319539e-06,0.0,0.0,0.0,0.0,0.0,0.0,0.0,0.0,0.0,2.6379806513432413e-05,0.0001386871881550178,0.0,0.0,0.0,0.0
2025-12-05T10:27:58.914867,1764930478.914867,0.0,0.0,0.0,0.00032305679633282125,0.0008311224519275129,0.0012573268031701446,0.0013023114297538996,0.001297983224503696,0.0013120451476424932,0.0016116913175210357,0.0023426602128893137,0.0031196775380522013,0.003670683829113841,0.003905078861862421,0.004151003435254097,0.004530434031039476,0.0048963772132992744,0.005195233039557934,0.005456819199025631,0.005849177483469248,0.006517255213111639,0.00745853316038847,0.008378918282687664,0.0090264230966568,0.009219002909958363,0.009147032164037228,0.009109707549214363,0.009184137918055058,0.009373733773827553,0.0095633240416646,0.00954216718673706,0.009141580201685429,0.008567395620048046,0.008054064586758614,0.007942888885736465,0.008347363211214542,0.009038131684064865,0.009823947213590145,0.010428854264318943,0.010698393918573856,0.010532687418162823,0.010041444562375546,0.009751539677381516,0.009640420787036419,0.009601479396224022,0.00969972088932991,0.010184637270867825,0.010539565235376358,0.010694335214793682,0.010644459165632725,0.010309843346476555,0.009882757440209389,0.009573578834533691,0.009427551180124283,0.009375319816172123,0.009438451379537582,0.009468315169215202,0.009496910497546196,0.009485210292041302,0.009309865534305573,0.009029495529830456,0.008703893050551414,0.008040067739784718,0.007547509390860796,0.007185198832303286,0.006702670827507973,0.006225647404789925,0.005803565960377455,0.005260090343654156,0.00484769232571125,0.004735414870083332,0.0046523804776370525,0.004681493155658245,0.004556315951049328,0.004408432170748711,0.003940487280488014,0.0036372533068060875,0.002994957147166133,0.0026605473831295967,0.002295989776030183,0.002097152406349778,0.0016969710122793913,0.0015027327463030815,0.0012851654319092631,0.0011819261126220226,0.001334384665824473,0.0015961024910211563,0.0020387882832437754,0.0027601318433880806,0.0031943987123668194,0.0033349418081343174,0.0031084283255040646,0.002602672902867198,0.002058411715552211,0.0014398094499483705,0.0010940823704004288,0.000763885211199522,0.000582854903768748,0.0004854898725170642,0.00040534528670832515,0.00032303144689649343,0.0003283503174316138,0.0003677403728943318,0.00047642187564633787,0.0005966940661892295,0.0007146991556510329,0.0008625058690086007,0.0010397920850664377,0.001206087414175272,0.001360177295282483,0.0014618434943258762,0.0015260569052770734,0.001534999581053853,0.0013716475805267692,0.0011002526152879,0.0007801876636222005,0.000488091231090948,0.0002829381264746189,0.00010496725735720247,0.0,0.0,0.0,0.0,0.0,0.0,0.0,0.0,0.0,0.0,0.0,4.705845185526414e-06,4.467441976885311e-05,4.2796102206921205e-05,0.00015230353164952248,0.0002873616467695683
2025-12-05T10:28:00.582841,1764930480.5828414,0.0008223946206271648,0.0008004187257029116,0.0008083893335424364,0.0008705138461664319,0.00093533203471452,0.001074791420251131,0.0011899060336872935,0.0014533825451508164,0.001856552204117179,0.0024274089373648167,0.0030883478466421366,0.0035578133538365364,0.0038716879207640886,0.0041722748428583145,0.004511833656579256,0.004756023176014423,0.0048180874437093735,0.004959174431860447,0.00539445923641324,0.006116947624832392,0.006963479332625866,0.007721699308604002,0.008266562595963478,0.008749006316065788,0.00920806173235178,0.00962809007614851,0.009879949502646923,0.009920923039317131,0.009847084991633892,0.009746762923896313,0.009600108489394188,0.00936620868742466,0.009081332013010979,0.00876051839441061,0.008501769974827766,0.008530708961188793,0.00869192834943533,0.009099980816245079,0.009569433517754078,0.009870239533483982,0.010198128409683704,0.010483833961188793,0.0106872683390975,0.010644225403666496,0.01044832170009613,0.010107520967721939,0.009916987270116806,0.009779699146747589,0.00974753312766552,0.00996148306876421,0.010185589082539082,0.010361606255173683,0.010362819768488407,0.010299437679350376,0.010089115239679813,0.009820635430514812,0.009457874111831188,0.009067339822649956,0.008744354359805584,0.008515280671417713,0.008486167527735233,0.008596847765147686,0.008567513898015022,0.008483171463012695,0.008236221969127655,0.007447927724570036,0.006420896854251623,0.005393674597144127,0.004408027045428753,0.0038368352688848972,0.0034982534125447273,0.0037536188028752804,0.004243148025125265,0.004705735947936773,0.00472240662202239,0.004652502480894327,0.004597808700054884,0.0040644994005560875,0.003314819186925888,0.0028702185954898596,0.00225152843631804,0.0017011761665344238,0.001357624656520784,0.0013134072069078684,0.0014712309930473566,0.0016670322511345148,0.001930538914166391,0.0021878033876419067,0.0021626173984259367,0.002062607556581497,0.0019074558513239026,0.001802679500542581,0.0017962773563340306,0.001837296411395073,0.0019558044150471687,0.002050860784947872,0.0019505518721416593,0.001760410494171083,0.0014717343728989363,0.0011891161557286978,0.0008953334181569517,0.0006777445087209344,0.0005711086560040712,0.00048441108083352447,0.0004710559151135385,0.0004661133571062237,0.0004766714118886739,0.0005677211447618902,0.0007318463758565485,0.0009189996053464711,0.0011111098574474454,0.0012702493695542216,0.001344202901236713,0.001364750089123845,0.0012993778800591826,0.0011330477427691221,0.0008485037833452225,0.0005112937069498003,0.00022624703706242144,5.011560642742552e-05,0.0,0.0,0.0,0.0,3.1291830964619294e-05,0.0001443604560336098,0.00024742711684666574,0.0003268136060796678,0.00041008502012118697,0.00047228496987372637,0.00041197880636900663,0.000363062514225021,0.00023833216982893646,0.00016742190928198397,7.506283873226494e-05
2025-12-05T10:28:02.250859,1764930482.2508595,0.0017418842762708664,0.0015325095737352967,0.0013565120752900839,0.0012003802694380283,0.0010022715432569385,0.0010041657369583845,0.0011686569778248668,0.0013958555646240711,0.0017344699008390307,0.0020818510092794895,0.002375197596848011,0.002713835099712014,0.003131090197712183,0.003796928795054555,0.004475576803088188,0.005008872598409653,0.005260453559458256,0.005402636714279652,0.0056377616710960865,0.006086236331611872,0.006821125745773315,0.007813491858541965,0.008741172961890697,0.009275306947529316,0.00925180222839117,0.008928310126066208,0.00856511015444994,0.008464308455586433,0.00867904257029295,0.009047853760421276,0.009364951401948929,0.00940677523612976,0.00915500894188881,0.00898838136345148,0.009007147513329983,0.009231961332261562,0.009677119553089142,0.009965747594833374,0.009978101588785648,0.00979088805615902,0.009307615458965302,0.008938802406191826,0.008935034275054932,0.009264855645596981,0.00977512076497078,0.010274320840835571,0.010703573934733868,0.011012916453182697,0.010816297493875027,0.01039536390453577,0.010141521692276001,0.009974827989935875,0.009867553599178791,0.009860752150416374,0.009962464682757854,0.009998503141105175,0.009974784217774868,0.009958277456462383,0.00973877776414156,0.009180697612464428,0.008644742891192436,0.00820082426071167,0.007517073769122362,0.0070685651153326035,0.0067698839120566845,0.006342784035950899,0.005904329475015402,0.005632034502923489,0.005578665062785149,0.0053389244712889194,0.0048897285014390945,0.0046187499538064,0.004401101265102625,0.00429463991895318,0.0037248539738357067,0.003813341725617647,0.0037312388885766268,0.0031791147775948048,0.0029650728683918715,0.002590389456599951,0.002597099868580699,0.0025140221696347,0.002539602806791663,0.0024262075312435627,0.002347453497350216,0.0022836148273199797,0.002268444746732712,0.0022926838137209415,0.0020757734309881926,0.0018322663381695747,0.0015239848289638758,0.001185341621749103,0.0009329743916168809,0.0009488885989412665,0.0011169321369379759,0.0013854850549250841,0.001559603726491332,0.0016034874133765697,0.0015315370401367545,0.0012724676635116339,0.001125698210671544,0.0009963816264644265,0.0010324446484446526,0.0011197568383067846,0.001248739892616868,0.0013602916151285172,0.0014395761536434293,0.0014833383029326797,0.0014205377083271742,0.0012700656661763787,0.0009888018248602748,0.0006019911379553378,0.0002540115674491972,7.075779285514727e-05,0.0,0.0,0.0,0.0,1.896266439871397e-05,0.00010342700988985598,0.00015022707520984113,0.00014941893459763378,0.00017161268624477088,0.00025653705233708024,0.00030133468681015074,0.00031773213413544,0.0002675590221770108,0.0001919822534546256,0.0001206326560350135,0.00011639337753877044,4.9020585720427334e-05,0.0,0.0,0.0,0.0
2025-12-05T10:28:03.918665,1764930483.9186654,0.0009606128442101181,0.0010805942583829165,0.0011925151338800788,0.0013487343676388264,0.0015738296788185835,0.0016558982897549868,0.001563688856549561,0.0015234446618705988,0.001610719133168459,0.001943184994161129,0.002641574013978243,0.003345550736412406,0.0038583555724471807,0.00408287113532424,0.00425912206992507,0.004493798594921827,0.004752043634653091,0.0050656758248806,0.005424526985734701,0.005969948600977659,0.006806651130318642,0.007849620655179024,0.008804664947092533,0.009397158399224281,0.009465067647397518,0.009266280569136143,0.009193354286253452,0.00927806831896305,0.009414775297045708,0.009521535597741604,0.009477940388023853,0.009337514638900757,0.009152346290647984,0.008915388025343418,0.008781058713793755,0.009049366228282452,0.009359942749142647,0.009739551693201065,0.00989658385515213,0.009892956353724003,0.009924015961587429,0.009773985482752323,0.009857160039246082,0.009890447370707989,0.010036783292889595,0.010142041370272636,0.010224936529994011,0.010328127071261406,0.010428113862872124,0.010628378950059414,0.010712267830967903,0.01056615449488163,0.010311665944755077,0.010224824771285057,0.010329234413802624,0.010424082167446613,0.010266197845339775,0.009971985593438148,0.009515903890132904,0.009003764018416405,0.008629231713712215,0.0085707176476717,0.008311450481414795,0.008090675808489323,0.007916261442005634,0.007184014655649662,0.006417710334062576,0.005600792821496725,0.004826637916266918,0.004408498760312796,0.004022883716970682,0.003957316745072603,0.004273689351975918,0.00479375384747982,0.004879239480942488,0.004929742775857449,0.005038539879024029,0.004361817613244057,0.003798140911385417,0.003249258268624544,0.002855410100892186,0.0022391409147530794,0.0019139760406687856,0.0016639145324006677,0.0013718249974772334,0.0008608825737610459,0.001027419464662671,0.0014343373477458954,0.0016613883199170232,0.001793757313862443,0.0018727030837908387,0.0018144649220630527,0.0016469256952404976,0.0015083940234035254,0.001416219281964004,0.0015116574941202998,0.0015134020941331983,0.0015334326308220625,0.0015181178459897637,0.0014419987564906478,0.0012891261139884591,0.0011425934499129653,0.001063949428498745,0.0009786899900063872,0.0009177497704513371,0.0009368308237753808,0.0010126391425728798,0.0011168706696480513,0.0011321102501824498,0.0011173778912052512,0.0010794018162414432,0.0009966848883777857,0.0009224109235219657,0.000815715582575649,0.000650494359433651,0.00046328126336447895,0.000277858751360327,0.0002110115747200325,0.0001771760144038126,0.000188111123861745,0.00019136632909066975,0.0001477555197197944,4.935674951411784e-05,0.0,0.0,0.0,0.0,0.0,0.0,0.0,0.0,0.0,0.0,0.0,0.0
2025-12-05T10:28:05.585217,1764930485.5852168,0.001870854408480227,0.0016394676640629768,0.0014986774185672402,0.0013479214394465089,0.0011661923490464687,0.0011213578982278705,0.0012204942759126425,0.0014901448739692569,0.001819847384467721,0.002195006003603339,0.002686678199097514,0.0032721480820327997,0.00385744939558208,0.004311613738536835,0.0045421975664794445,0.004591531120240688,0.004448385909199715,0.004505049902945757,0.00492762541398406,0.0057531436905264854,0.0069064730778336525,0.00801655650138855,0.008744323626160622,0.009090284816920757,0.009205885231494904,0.009314489550888538,0.009424986317753792,0.009379011578857899,0.009164463728666306,0.008956988342106342,0.008885260671377182,0.00898364745080471,0.009192438796162605,0.009374681860208511,0.00948141235858202,0.009723718278110027,0.00977940484881401,0.009776601567864418,0.009816277772188187,0.009900365956127644,0.010099797509610653,0.01001966092735529,0.00985497236251831,0.009759900160133839,0.009685782715678215,0.009590533562004566,0.009654034860432148,0.009715097956359386,0.009988246485590935,0.010257351212203503,0.01036842167377472,0.01032866071909666,0.010310213081538677,0.010338318534195423,0.01041107252240181,0.010345108807086945,0.010082692839205265,0.009753182530403137,0.00929465051740408,0.00886049959808588,0.008433545008301735,0.008211266249418259,0.007733307313174009,0.007390310056507587,0.007070635445415974,0.006481632590293884,0.005819086916744709,0.005317279603332281,0.005113782361149788,0.0047831120900809765,0.004576303064823151,0.00474231131374836,0.004755091387778521,0.0046057249419391155,0.004259157460182905,0.004241818096488714,0.004057255107909441,0.003752995515242219,0.003578700590878725,0.0033198525197803974,0.0028294885996729136,0.0024436884559690952,0.0025184270925819874,0.002191962208598852,0.0018689181888476014,0.001622079173102975,0.0015998290618881583,0.001600047224201262,0.0016563491662964225,0.0019997069612145424,0.002262020716443658,0.002368355169892311,0.002283968962728977,0.0021015957463532686,0.0018018310656771064,0.0014677714789286256,0.0011714741121977568,0.0008969223708845675,0.0007185640279203653,0.0006690791342407465,0.0006170669803395867,0.0006696180207654834,0.0008871065219864249,0.0009904945036396384,0.0010602689580991864,0.0011306153610348701,0.0011773434234783053,0.001227745320647955,0.001242707367055118,0.0012477678246796131,0.0012559547321870923,0.0012339393142610788,0.001136245671659708,0.0010126314591616392,0.0008488966850563884,0.0005853387992829084,0.0002960391284432262,0.00012141714250901714,0.0,0.0,0.0,0.0,0.0,0.0,4.478379923966713e-05,0.00015385830192826688,0.0002539329288993031,0.00033084588358178735,0.00039766612462699413,0.000347104505635798,0.00024269575078506023,0.0,0.0,0.0,0.0
2025-12-05T10:28:07.253392,1764930487.253392,0.0009347850573249161,0.001006203587166965,0.0010638789972290397,0.0010760931763797998,0.0010104735847562551,0.0010797688737511635,0.0012491471134126186,0.0015088118379935622,0.0018821146804839373,0.002187043195590377,0.00228539458476007,0.002447186503559351,0.002878030762076378,0.003824555315077305,0.004753271117806435,0.00536315469071269,0.005557630211114883,0.005738124717026949,0.006038154941052198,0.006343168206512928,0.006704270839691162,0.007190244738012552,0.007909560576081276,0.00878469180315733,0.009403308853507042,0.009590626694262028,0.00938403606414795,0.009135091677308083,0.009015979245305061,0.009054734371602535,0.00911234226077795,0.009070408530533314,0.008927368558943272,0.008867816999554634,0.009045137092471123,0.009628464467823505,0.010106547735631466,0.010472255758941174,0.010577535256743431,0.010332564823329449,0.010175787843763828,0.00995632354170084,0.009744139388203621,0.009736821986734867,0.00987707544118166,0.010213067755103111,0.010595344938337803,0.010887238197028637,0.011079128831624985,0.011084716767072678,0.010664102621376514,0.010037843137979507,0.00942645501345396,0.008933576755225658,0.008760582655668259,0.008763722144067287,0.008910895325243473,0.00926418136805296,0.009558584541082382,0.009767130017280579,0.009733865037560463,0.009387385100126266,0.008568177931010723,0.007813636213541031,0.007178355939686298,0.006489123683422804,0.006075617857277393,0.005873853340744972,0.005738555453717709,0.005445382557809353,0.005142266396433115,0.004893787670880556,0.0045049842447042465,0.004035947844386101,0.003785001812502742,0.003584379330277443,0.003463217057287693,0.0032685173209756613,0.003176409052684903,0.0031083046924322844,0.0026913185138255358,0.002570830285549164,0.002641558414325118,0.002507960656657815,0.0021949904039502144,0.0019041155464947224,0.0017207766650244594,0.0015643105143681169,0.0016573135508224368,0.002019684761762619,0.0024290091823786497,0.002737026894465089,0.0027958862483501434,0.0027382848784327507,0.002391707617789507,0.001948589808307588,0.0013717376859858632,0.0008375944453291595,0.00040111973066814244,0.00019380185403861105,7.778188592055812e-05,0.00011271697439951822,0.0002726568782236427,0.0004606501024682075,0.0006217915215529501,0.0007627017912454903,0.0009091007523238659,0.001043882337398827,0.0011349571868777275,0.0011537529062479734,0.001085469382815063,0.0009134641732089221,0.0006648654234595597,0.0004750048683490604,0.00031143648084253073,0.00016953566228039563,1.6726635294617154e-05,0.0,0.0,0.0,0.0,0.0,0.0,0.0,0.0,0.0,0.0,0.0,0.0,0.0,0.0,0.0,0.0,0.0,0.0
2025-12-05T10:28:08.921586,1764930488.9215856,0.0011035538045689464,0.0010889727855101228,0.0010299168061465025,0.0009337865631096065,0.0008081655250862241,0.0007245797314681113,0.000687205814756453,0.0008284486830234528,0.0011768675176426768,0.0016384972259402275,0.0022396070417016745,0.002906668931245804,0.003524236846715212,0.003997642081230879,0.004385904874652624,0.004815633408725262,0.005240543745458126,0.005653887055814266,0.005945171229541302,0.006155908107757568,0.00647492241114378,0.0070863207802176476,0.007956149987876415,0.008880658075213432,0.00946638360619545,0.009613064117729664,0.009452525526285172,0.00928492657840252,0.009271109476685524,0.009387239813804626,0.009526228532195091,0.009557539597153664,0.009386849589645863,0.009157039225101471,0.00892375037074089,0.009087926708161831,0.009374825283885002,0.009717162698507309,0.010050283744931221,0.010089161805808544,0.010150633752346039,0.009972434490919113,0.009840321727097034,0.0099757956340909,0.010182680562138557,0.01039029285311699,0.010696695186197758,0.01096382737159729,0.011064267717301846,0.011051634326577187,0.010691402480006218,0.01008245162665844,0.00954942312091589,0.00927786622196436,0.009234831668436527,0.009317893534898758,0.009294270537793636,0.009363078512251377,0.009481573477387428,0.00943171139806509,0.009246790781617165,0.008990822359919548,0.008571958169341087,0.008099677972495556,0.007702648174017668,0.007050608284771442,0.006541163194924593,0.006097052246332169,0.005748134572058916,0.005258099175989628,0.004687792621552944,0.004345537628978491,0.004029376432299614,0.003879405092447996,0.0036737979389727116,0.003776395693421364,0.004114883951842785,0.004311708267778158,0.00409621512517333,0.003593726782128215,0.0031825776677578688,0.0025007722433656454,0.0023237327113747597,0.0020417997147887945,0.0019734492525458336,0.0019863389898091555,0.0020924434065818787,0.002052793512120843,0.0018702802481129766,0.0017492283368483186,0.001605554367415607,0.001538013224489987,0.0014371807919815183,0.001479528145864606,0.0013903575018048286,0.0013620436657220125,0.001206612098030746,0.001105625880882144,0.001033106935210526,0.0009876794647425413,0.0009865618776530027,0.0009884131141006947,0.0010320888832211494,0.0009521414176560938,0.0008398802601732314,0.0007673081126995385,0.0007432976854033768,0.0007567604770883918,0.0007814030395820737,0.0007950805011205375,0.0007953148451633751,0.0007350463420152664,0.0006213519955053926,0.0005682173068635166,0.0004980610683560371,0.0003564302751328796,0.00020447710994631052,1.7827567717176862e-05,0.0,0.0,0.0,0.0,0.0,0.0,0.0,0.0,0.0,0.0,0.0,0.0,0.0,0.0,0.0,0.0,0.0
2025-12-05T10:28:10.589588,1764930490.5895877,0.00023314269492402673,0.00045610350207425654,0.0006897525163367391,0.0009359043324366212,0.0011969351908192039,0.0015843490837141871,0.0017320449696853757,0.0017999736592173576,0.0017656168201938272,0.001707281917333603,0.0018055584514513612,0.0022687523160129786,0.002947224536910653,0.003696371801197529,0.004318623337894678,0.0048601157031953335,0.005299014039337635,0.005670027807354927,0.006065142806619406,0.006478540133684874,0.0071548582054674625,0.008056370541453362,0.008963147178292274,0.009625460021197796,0.009787511080503464,0.0094690453261137,0.008869302459061146,0.00836879201233387,0.008202013559639454,0.008345494046807289,0.00863304827362299,0.008872603066265583,0.009112851694226265,0.009470630437135696,0.00992885883897543,0.010471361689269543,0.010675627738237381,0.010442986153066158,0.00996614620089531,0.009471231140196323,0.009322005324065685,0.009374894201755524,0.009838799946010113,0.010598883964121342,0.01097701396793127,0.011083098128437996,0.01095637772232294,0.010567636229097843,0.010271847248077393,0.010029342956840992,0.009950968436896801,0.010054484941065311,0.01018329244107008,0.010343600064516068,0.01053492072969675,0.010633876547217369,0.01047422457486391,0.010160763747990131,0.00958341546356678,0.008728032000362873,0.007973805069923401,0.007474671117961407,0.007004916202276945,0.006700517144054174,0.006494087167084217,0.006213609129190445,0.006231668870896101,0.006258263718336821,0.0062784538604319096,0.006434304174035788,0.006400456186383963,0.005908317863941193,0.005220386665314436,0.004313627723604441,0.0033309119753539562,0.002560902154073119,0.0018743760883808136,0.0012005226453766227,0.0011998729314655066,0.0014454710762947798,0.002064642496407032,0.0027403361164033413,0.0036710042040795088,0.0038536759093403816,0.003678027307614684,0.003427979303523898,0.0029186708852648735,0.002499264432117343,0.0023357877507805824,0.0021715175826102495,0.001955490093678236,0.0016323892632499337,0.001183994929306209,0.0007618061499670148,0.00044920583604834974,0.0002627525827847421,0.00028275942895561457,0.0004770652740262449,0.0007629300816915929,0.0010897696483880281,0.001357903005555272,0.0015661028446629643,0.0017240388551726937,0.0017108262982219458,0.0016662724083289504,0.001588961691595614,0.0015010400675237179,0.0013616090873256326,0.001172293210402131,0.0009884004248306155,0.0007719337590970099,0.0005583840538747609,0.0003567875537555665,0.00020111438061576337,0.0001478858757764101,0.00017394067253917456,0.00022309029009193182,0.00026456269551999867,0.00027866053278557956,0.00021261033543851227,0.00010612015466904268,0.0,0.0,0.0,0.0,0.0,0.0,5.106805474497378e-06,0.00012583598436322063,0.00023563456488773227,0.00022331453510560095,9.462110028835014e-05,0.00010316597763448954,0.00011023864499293268,8.475128561258316e-05
2025-12-05T10:28:12.258509,1764930492.2585094,0.0008206651546061039,0.0008460148237645626,0.0008413002360612154,0.0008411300950683653,0.0009170179255306721,0.0009594383300282061,0.0010728058405220509,0.0012283899122849107,0.0015014013042673469,0.0018684689421206713,0.002453400520607829,0.00318400957621634,0.0038863138761371374,0.004263659007847309,0.004347097594290972,0.004259995650500059,0.004251140169799328,0.004519874695688486,0.005081646144390106,0.005830616224557161,0.006680106744170189,0.00762249855324626,0.008520222268998623,0.009171592071652412,0.009429875761270523,0.009287678636610508,0.008947835303843021,0.008711704984307289,0.008816361427307129,0.009154906496405602,0.009396572597324848,0.009351067245006561,0.009164645336568356,0.009010624140501022,0.008871032856404781,0.008866610005497932,0.008995357900857925,0.009389840997755527,0.009627808816730976,0.009832143783569336,0.00995207205414772,0.01001686230301857,0.01003600750118494,0.00993388332426548,0.009904306381940842,0.010116972029209137,0.0105008939281106,0.010839078575372696,0.011021985672414303,0.011151719838380814,0.011124718934297562,0.01085190661251545,0.010353360325098038,0.00989211443811655,0.009572330862283707,0.00931334588676691,0.009258388541638851,0.009369929321110249,0.009487750940024853,0.009488018229603767,0.00927569530904293,0.00885993055999279,0.008098969236016273,0.007411280181258917,0.007030779495835304,0.006471726577728987,0.006215832661837339,0.006054259371012449,0.0058384183794260025,0.00564692122861743,0.005304690450429916,0.004912001546472311,0.004645144566893578,0.004524024669080973,0.004012841731309891,0.0041035679168999195,0.003947903402149677,0.0035409731790423393,0.0031775040552020073,0.002964587649330497,0.002553466474637389,0.001929295714944601,0.0019559457432478666,0.0018621028866618872,0.0018768757581710815,0.0017993468791246414,0.001961131114512682,0.0021238659974187613,0.0022026170045137405,0.002212472725659609,0.002220716094598174,0.0021904991008341312,0.002081171376630664,0.0020178239792585373,0.0019585746340453625,0.0018729215953499079,0.0017139025731012225,0.001495837583206594,0.0011847729329019785,0.0009059178410097957,0.000524527917150408,0.00027346459683030844,0.00018320241360925138,0.00014176640252117068,0.00021493366512004286,0.00034640583908185363,0.0005213062977418303,0.0007317957351915538,0.0009271377348341048,0.00109489809256047,0.0011915677459910512,0.0012143357889726758,0.0011006529675796628,0.000949460081756115,0.0008444740669801831,0.0007375464774668217,0.000593273201957345,0.00048693528515286744,0.00040383674786426127,0.0003655418986454606,0.00036117385025136173,0.000390349276131019,0.0004357814905233681,0.0005068418104201555,0.0005484693683683872,0.0005627538776025176,0.0005159538704901934,0.0004295736725907773,0.0003378800174687058,0.00012806248560082167,0.0,0.0,0.0,0.0,0.0
2025-12-05T10:28:13.927192,1764930493.927192,0.0015236248727887869,0.0014537827810272574,0.0013777422718703747,0.001284729572944343,0.0012441901490092278,0.001273424830287695,0.0013626337749883533,0.0015348306624218822,0.001666068914346397,0.001734810066409409,0.0019434859277680516,0.002413230249658227,0.0030478201806545258,0.0037979937624186277,0.004440477583557367,0.004867811221629381,0.005060798022896051,0.005236314609646797,0.005498620681464672,0.005952512379735708,0.00659559341147542,0.007446493022143841,0.00845219288021326,0.009391185827553272,0.009898263961076736,0.00982027966529131,0.009334325790405273,0.008754154667258263,0.008408308029174805,0.00844667199999094,0.00875814538449049,0.009187747724354267,0.009502943605184555,0.009545477107167244,0.009283228777348995,0.009043683297932148,0.009057384915649891,0.009407308883965015,0.010011677630245686,0.010508779436349869,0.010729441419243813,0.010602067224681377,0.010201610624790192,0.009704723954200745,0.00935909803956747,0.009394620545208454,0.00990415457636118,0.010420383885502815,0.010722889564931393,0.010754541493952274,0.010453173890709877,0.0099267503246665,0.009504402987658978,0.00918207410722971,0.00915027316659689,0.009391323663294315,0.009722327813506126,0.009911861270666122,0.009937427937984467,0.009609146974980831,0.009069227613508701,0.008743694983422756,0.008236921392381191,0.00791619811207056,0.007584118749946356,0.006983552593737841,0.006387521978467703,0.005771601106971502,0.005248452536761761,0.004658623598515987,0.00405041454359889,0.003832110669463873,0.0037448366638273,0.0038388636894524097,0.0039219120517373085,0.003976552747189999,0.0044019524939358234,0.004475692752748728,0.0044097560457885265,0.003744471352547407,0.003104186151176691,0.0024437487591058016,0.002029403578490019,0.0015458842972293496,0.0012654943857342005,0.0011400533840060234,0.0013339330907911062,0.0016131001757457852,0.0018610178958624601,0.0021932681556791067,0.0024129743687808514,0.0025175893679261208,0.0023967402521520853,0.002246849937364459,0.0019828949589282274,0.0017766909440979362,0.0015215848106890917,0.0012869378551840782,0.001070021535269916,0.0007972722523845732,0.0006019769934937358,0.00041769398376345634,0.00035226703039370477,0.00028797637787647545,0.00035867211408913136,0.0005134754464961588,0.0007403998752124608,0.0010208855383098125,0.001272729248739779,0.0014957532985135913,0.0016233271453529596,0.0016377492574974895,0.001492809155024588,0.001273542526178062,0.0010211592307314277,0.0007325405604206026,0.00042233802378177643,0.00022625108249485493,0.00010007050877902657,7.070049468893558e-05,0.00012766932195518166,0.00013844831846654415,8.21771245682612e-05,1.0010703590523917e-05,0.0,0.0,0.0,0.0,0.0,0.0,0.0,0.0,0.0,0.0,2.1124222257640213e-05
2025-12-05T10:28:15.595659,1764930495.5956595,0.0005072496715001762,0.000646409927867353,0.0007714751991443336,0.0009024778264574707,0.001078388886526227,0.0012483422178775072,0.0013350588269531727,0.0014579154085367918,0.0017016071360558271,0.0020029982551932335,0.0024312033783644438,0.00294284475967288,0.0034400338772684336,0.003954566083848476,0.00451896945014596,0.005057139787822962,0.005310385022312403,0.005307171959429979,0.005333497188985348,0.005681714043021202,0.006477567832916975,0.007499061059206724,0.00838239025324583,0.008941169828176498,0.009100194089114666,0.008974973112344742,0.008761752396821976,0.008779098279774189,0.009106951765716076,0.009491126984357834,0.009659893810749054,0.009495250880718231,0.009140623733401299,0.008838229812681675,0.008604935370385647,0.008674940094351768,0.008970438502728939,0.009480398148298264,0.009931354783475399,0.010176034644246101,0.010328046977519989,0.010228591971099377,0.010037891566753387,0.009998124092817307,0.010029668919742107,0.010075307451188564,0.010289158672094345,0.0104988943785429,0.010504662990570068,0.010477402247488499,0.010457305237650871,0.010343234054744244,0.0102049196138978,0.010161721147596836,0.009975059889256954,0.009781504981219769,0.009476174600422382,0.009100145660340786,0.008712361566722393,0.00828523375093937,0.008045535534620285,0.008086011745035648,0.008120288141071796,0.008253336884081364,0.008254637010395527,0.007813716307282448,0.0072752367705106735,0.00646354490891099,0.005472593940794468,0.004635182674974203,0.0039690216071903706,0.0037495584692806005,0.0037740187253803015,0.0038866903632879257,0.0037039979360997677,0.003684354480355978,0.0038475266192108393,0.003903154283761978,0.003659629262983799,0.0032794892322272062,0.0028026385698467493,0.0023823664523661137,0.0021657999604940414,0.002074925694614649,0.0019669588655233383,0.0017336012097075582,0.0016425870126113296,0.001596852671355009,0.001486706081777811,0.001559151685796678,0.0016784480540081859,0.001806603162549436,0.001754202414304018,0.0017323049250990152,0.0016877183225005865,0.0016120623331516981,0.0015419473638758063,0.0015260939253494143,0.0015004336601123214,0.0014382658991962671,0.0013348839711397886,0.001145235146395862,0.0008409247966483235,0.0005817617638967931,0.00035510267480276525,0.00020577292889356613,0.0001674334198469296,0.0002803652605507523,0.0004852541023865342,0.0007188806193880737,0.0008782284567132592,0.0009223358938470483,0.0008753276197239757,0.0008137232507579029,0.0007458439213223755,0.0006797289242967963,0.0005103210569359362,0.00032162221032194793,0.0002559517743065953,0.0003053391119465232,0.0003494664269965142,0.00036159533192403615,0.00033147167414426804,0.00028447926160879433,0.00021499938156921417,0.00011738849570974708,0.0,0.0,0.0,0.0,6.947849033167586e-05,0.0001187880479847081,0.00021089796791784465,0.000318842037813738,0.00040792240179143846
2025-12-05T10:28:17.263853,1764930497.2638533,0.000870968506205827,0.0008717038435861468,0.0009135695290751755,0.0009987738449126482,0.0011227530194446445,0.0012184891384094954,0.0012373364297673106,0.0013519347412511706,0.0015047744382172823,0.0018050866201519966,0.002375215757638216,0.003079916350543499,0.0037339648697525263,0.0040472629480063915,0.004158103372901678,0.004282205365598202,0.0045871068723499775,0.0049315826036036015,0.005312211345881224,0.005727942567318678,0.006405165884643793,0.007349689956754446,0.008387749083340168,0.00919018592685461,0.009349456988275051,0.008829066529870033,0.008095166645944118,0.007721469271928072,0.007985221222043037,0.008598845452070236,0.009098476730287075,0.00924504641443491,0.009035385213792324,0.008587241172790527,0.008300237357616425,0.008567788638174534,0.009244930930435658,0.01003660261631012,0.010294029489159584,0.010129263624548912,0.00974664743989706,0.009199569001793861,0.008790574967861176,0.008781151846051216,0.009135656990110874,0.009726387448608875,0.010504883714020252,0.011039567179977894,0.011209176853299141,0.011096836067736149,0.010727469809353352,0.010076602920889854,0.009407795034348965,0.008964639157056808,0.008952298201620579,0.00919008906930685,0.009449373930692673,0.00974165927618742,0.00974887516349554,0.009423358365893364,0.009011458605527878,0.008552350103855133,0.007961858995258808,0.007449910044670105,0.006802178453654051,0.006184250582009554,0.005674341227859259,0.005292575340718031,0.004973531235009432,0.004779947455972433,0.00456650648266077,0.004470490384846926,0.004484910052269697,0.004592636600136757,0.004339556209743023,0.004434915725141764,0.004216204863041639,0.0036257097963243723,0.0030754876788705587,0.002450806787237525,0.0020398024935275316,0.001859277137555182,0.0016553911846131086,0.0015976089052855968,0.0016475848387926817,0.0016483832150697708,0.0019203844713047147,0.0021982889156788588,0.002306056674569845,0.002357044955715537,0.0022387192584574223,0.0019972214940935373,0.0016740966821089387,0.0014526380691677332,0.0012937618885189295,0.0012692805612459779,0.0012220924254506826,0.0011569621274247766,0.0010190648026764393,0.0007757563726045191,0.0005512105999514461,0.0003663716488517821,0.0002502131974324584,0.0002998782438226044,0.0004257243999745697,0.0006306178402155638,0.0008920858963392675,0.0011373093584552407,0.0013073364971205592,0.001385265146382153,0.0013308717170730233,0.0011293251300230622,0.0008358652703464031,0.000516880361828953,0.00026337188319303095,0.00011117849498987198,2.1546153220697306e-05,0.0,2.19060639210511e-05,9.798730752663687e-05,0.0001813792041502893,0.0002682833874132484,0.0003334338834974915,0.00038365874206647277,0.00039695651503279805,0.0003626443212851882,0.00025909164105542004,0.00015555137360934168,8.779620111454278e-05,8.164934843080118e-05,6.366223533404991e-05,1.167967184301233e-05,1.720484215184115e-05,4.29891370004043e-05,7.730245124548674e-05
2025-12-05T10:28:18.930020,1764930498.9300196,0.0,7.90987178334035e-05,0.0003288095467723906,0.0005025070277042687,0.0007629099418409169,0.001002099714241922,0.00126631127204746,0.0015035306569188833,0.001717997482046485,0.001834218972362578,0.0019694382790476084,0.002406956860795617,0.003072370309382677,0.0037972363643348217,0.004298018291592598,0.004602645989507437,0.0047942339442670345,0.00507081625983119,0.005438815336674452,0.005905895493924618,0.0064230551943182945,0.0070179533213377,0.007764874491840601,0.008555833250284195,0.009054369293153286,0.00911678746342659,0.008962314575910568,0.008911282755434513,0.00902140885591507,0.009082417003810406,0.008917399682104588,0.008669077418744564,0.0085112564265728,0.008566423319280148,0.008613711223006248,0.008873318322002888,0.009220287203788757,0.009403538890182972,0.0094231478869915,0.009547869674861431,0.009697547182440758,0.00972521211951971,0.009623863734304905,0.009557618759572506,0.009525900706648827,0.009472902864217758,0.009704847820103168,0.009929581545293331,0.010079038329422474,0.010432185605168343,0.010642698034644127,0.010493610054254532,0.010218692943453789,0.00993566308170557,0.009648815728724003,0.009431243874132633,0.009217904880642891,0.008994786068797112,0.008773776702582836,0.008546607568860054,0.00825008749961853,0.007918915711343288,0.007434998173266649,0.007321944925934076,0.0071847024373710155,0.006922551896423101,0.006783199030905962,0.006512184627354145,0.006045002024620771,0.00536463875323534,0.004502451978623867,0.0038478716742247343,0.0033786857966333628,0.0031655803322792053,0.0029321443289518356,0.003017749870195985,0.0031693626660853624,0.003292738925665617,0.0034736620727926493,0.0037828278727829456,0.0033900311682373285,0.0030990559607744217,0.0026295026764273643,0.0019233612110838294,0.0014246586943045259,0.0011250588577240705,0.0012151211267337203,0.0013022609055042267,0.0014174176612868905,0.00146552047226578,0.0014903576811775565,0.001523609273135662,0.0016042889328673482,0.0017592404037714005,0.0018666709074750543,0.002093558432534337,0.0019985437393188477,0.0018415481317788363,0.0016028335085138679,0.0013905474916100502,0.0010855610016733408,0.0008483543060719967,0.0007543502142652869,0.0005576926050707698,0.0003929039230570197,0.0002860707463696599,0.00024403698625974357,0.0002873861521948129,0.0003841365978587419,0.00048863171832636,0.000601179082877934,0.0007102609961293638,0.0007295247633010149,0.0007676529930904508,0.0007600774406455457,0.0006174850277602673,0.0003486880159471184,0.00019974277529399842,8.607267955085263e-05,7.196357910288498e-05,0.00011670550156850368,0.0001727136259432882,0.0002545524330344051,0.00038958858931437135,0.0004792799591086805,0.0005363911623135209,0.0005644463235512376,0.0005576030816882849,0.0005190015654079616,0.0004826996591873467,0.0004381690814625472,0.00036502222064882517,8.122566214296967e-05,0.0,0.0
2025-12-05T10:28:20.596944,1764930500.5969443,0.0004572241159621626,0.00024549171212129295,0.00011215727136004716,5.748223338741809e-05,0.0001287815102841705,0.0003151664277538657,0.00063842668896541,0.001014213776215911,0.0013700142735615373,0.001637732028029859,0.002110445871949196,0.002896299120038748,0.0037154171150177717,0.004292717669159174,0.004461225122213364,0.004416232462972403,0.004432846792042255,0.0046822200529277325,0.005190081428736448,0.005782507359981537,0.006313752848654985,0.006814642809331417,0.007424753624945879,0.00818640273064375,0.00886985007673502,0.009254020638763905,0.009214957244694233,0.00881525594741106,0.008295201696455479,0.008008032105863094,0.008134175091981888,0.008636952377855778,0.009185361675918102,0.00945514440536499,0.009254109114408493,0.008826151490211487,0.008434521965682507,0.008224094286561012,0.008284925483167171,0.008693745359778404,0.009305655024945736,0.009790183044970036,0.009998972527682781,0.009979750961065292,0.009900675155222416,0.00971936620771885,0.009661227464675903,0.0097274761646986,0.009746065363287926,0.009998894296586514,0.0101326834410429,0.009915733709931374,0.009591624140739441,0.009507765993475914,0.009418151341378689,0.009406410157680511,0.009353246539831161,0.009307069703936577,0.009130585938692093,0.008799059316515923,0.008345459587872028,0.007941003888845444,0.007524517364799976,0.00703014712780714,0.006743619684129953,0.006351477466523647,0.00587842334061861,0.005605106707662344,0.005315474234521389,0.004959712270647287,0.004674205556511879,0.004708839114755392,0.004686990287154913,0.004649159032851458,0.0042858971282839775,0.00395073089748621,0.0037983448710292578,0.0034694988280534744,0.00289215799421072,0.0021750053856521845,0.0018879935378208756,0.0015094410628080368,0.0016083181835711002,0.0017356642056256533,0.0018907457124441862,0.0021332798060029745,0.002155922120437026,0.001966288546100259,0.0017166174948215485,0.0017553120851516724,0.0018643675139173865,0.0020401254296302795,0.002155053662136197,0.0020457454957067966,0.001774919917806983,0.0013161151437088847,0.0008760026539675891,0.0005595761467702687,0.0004199942632112652,0.0004214171785861254,0.000535616825800389,0.0006421246216632426,0.0007712881197221577,0.0007440861663781106,0.0006687096902169287,0.0005589541979134083,0.0004491467261686921,0.0004248827463015914,0.0004243918228894472,0.000502942071761936,0.0006551530677825212,0.000761613599024713,0.000779870490077883,0.0007170940516516566,0.0006042569293640554,0.000503885152284056,0.0003692047903314233,0.00018021432333625853,3.752123302547261e-05,0.0,0.0,3.7185200199019164e-06,4.4602227717405185e-05,0.00012046546908095479,0.00016341576701961458,0.00013938067422714084,9.48692686506547e-05,8.635984704596922e-05,4.422837810125202e-05,0.0,0.0,0.0,0.0,0.0,0.0
2025-12-05T10:28:22.265294,1764930502.2652938,0.0008053259225562215,0.0008181818411685526,0.0008545370073989034,0.0009365149890072644,0.001070404308848083,0.0013299532001838088,0.001507944194599986,0.0016451687552034855,0.001838940428569913,0.0021319680381566286,0.0026743002235889435,0.0032221232540905476,0.0035689484793692827,0.0037557294126600027,0.003966778516769409,0.004242445342242718,0.00442145112901926,0.004603582434356213,0.004970046225935221,0.0057105799205601215,0.006790046580135822,0.007914448156952858,0.008775314316153526,0.009265285916626453,0.009330288507044315,0.009073112159967422,0.008603421971201897,0.008134476840496063,0.007946628145873547,0.008146695792675018,0.008521038107573986,0.008895421400666237,0.008964943699538708,0.008756458759307861,0.00860009714961052,0.008507803082466125,0.00857927743345499,0.008765767328441143,0.00897138100117445,0.009327482432126999,0.009662391617894173,0.009825913235545158,0.009916230104863644,0.009952382184565067,0.009947334416210651,0.009668445214629173,0.009349389001727104,0.009235995821654797,0.009222938679158688,0.009281795471906662,0.00947923306375742,0.009764323011040688,0.01007491908967495,0.010172401554882526,0.010024955496191978,0.009716439992189407,0.009270265698432922,0.008871030062437057,0.008589434437453747,0.00826999545097351,0.007916505448520184,0.007780028972774744,0.007292039692401886,0.007022809237241745,0.006812473759055138,0.0063338992185890675,0.00560023495927453,0.005122936796396971,0.0048334733583033085,0.004527086392045021,0.0045139361172914505,0.004623785614967346,0.004687460605055094,0.0045699202455580235,0.004197597038000822,0.00360478344373405,0.0031444805208593607,0.002537204883992672,0.0022882772609591484,0.0018321528332307935,0.00166737858671695,0.001538533833809197,0.001626841607503593,0.001836764276959002,0.0021490759681910276,0.0025004649069160223,0.002748338971287012,0.0026277313008904457,0.002369181253015995,0.0020074881613254547,0.0016691426280885935,0.0014647350180894136,0.0014449476730078459,0.0015489911893382668,0.0014731157571077347,0.0013407128863036633,0.0011204167967662215,0.0008612626697868109,0.000632248935289681,0.0004631717747543007,0.00043613286106847227,0.0005000070086680353,0.0007033338188193738,0.0008649883675388992,0.0009438171982765198,0.000972376496065408,0.0009540118044242263,0.0009773592464625835,0.0009598608012311161,0.0009792512282729149,0.0010836961446329951,0.0012437790865078568,0.0013278656406328082,0.0013191597536206245,0.0011754584265872836,0.0008884290582500398,0.000534176710061729,0.00020227028289809823,0.0,0.0,0.0,0.0,0.0,0.0,0.0,5.2374638471519575e-05,0.0003272468748036772,0.0005684959469363093,0.0007373825646936893,0.0007733266102150083,0.0006525403587147593,0.0006170987617224455,0.00038186239544302225,0.00021601533808279783,4.748249557451345e-05
2025-12-05T10:28:23.933581,1764930503.9335806,0.0013921402860432863,0.0011751456186175346,0.0010324402246624231,0.0009152111015282571,0.0007597019430249929,0.0006947515066713095,0.0007510113064199686,0.0010386842768639326,0.001418581116013229,0.001812454778701067,0.0022571037989109755,0.002746265847235918,0.0032566350419074297,0.0037545098457485437,0.004163021687418222,0.004440933000296354,0.004575261380523443,0.004795497749000788,0.00526005681604147,0.005912937689572573,0.006689517758786678,0.00746857188642025,0.008156915195286274,0.008700228296220303,0.00889760721474886,0.008766367100179195,0.008568646386265755,0.008538579568266869,0.008771670050919056,0.00904812105000019,0.009110664017498493,0.008841454051434994,0.008398432284593582,0.00793151743710041,0.007702171336859465,0.007956437766551971,0.008551212027668953,0.009433492086827755,0.009936557151377201,0.010009266436100006,0.009787606075406075,0.009306794963777065,0.008965953253209591,0.008650269359350204,0.008474097587168217,0.008762136101722717,0.00919173564761877,0.009581434540450573,0.009906478226184845,0.010050580836832523,0.010034286417067051,0.009851374663412571,0.009493593126535416,0.009110021404922009,0.008762401528656483,0.008618381805717945,0.008563235402107239,0.008679158985614777,0.008766508661210537,0.008717833086848259,0.008673490025103092,0.0085140410810709,0.007916073314845562,0.007253113202750683,0.006588324438780546,0.005617588292807341,0.004914626944810152,0.004386588931083679,0.004231596831232309,0.004206203855574131,0.004238220397382975,0.004336135927587748,0.00439434265717864,0.00439494987949729,0.004139242228120565,0.004066872876137495,0.003956792410463095,0.0035316278226673603,0.002981517231091857,0.0024757664650678635,0.001816520350985229,0.0012728290166705847,0.0013000324834138155,0.00123356725089252,0.001261228579096496,0.0012450710637494922,0.0015286465641111135,0.0018393703503534198,0.002087024040520191,0.002325361594557762,0.0025043049827218056,0.00253688869997859,0.002403705148026347,0.0020924771670252085,0.0016592851607128978,0.0012224512174725533,0.000778112153057009,0.0004508086130954325,0.00023246700584422797,0.00017503440903965384,0.0002166082413168624,0.000360327452654019,0.0006016612169332802,0.0007755544502288103,0.0009089654195122421,0.0010187154402956367,0.001113088452257216,0.001216745120473206,0.001293907524086535,0.0013575437478721142,0.0013630593894049525,0.0012894209939986467,0.001110321725718677,0.0008488450548611581,0.000610516348388046,0.0004099055367987603,0.0002209689118899405,4.863978574576322e-06,0.0,0.0,0.0,0.0,0.0,0.0,0.0,0.0,9.008530469145626e-05,0.00021630966512020677,0.0003851935616694391,0.0005552974180318415,0.0006860569701530039,0.0007923043449409306,0.0008721707272343338,0.0009226902620866895,0.0009670709841884673
2025-12-05T10:28:25.602690,1764930505.6026902,0.0010981342056766152,0.0010486857499927282,0.0009928919607773423,0.0009414696833118796,0.000876937760040164,0.0008610064978711307,0.0009885230101644993,0.0012935033300891519,0.0016890934202820063,0.002070509595796466,0.0024185727816075087,0.0027692753355950117,0.0031836978159844875,0.0037813903763890266,0.004435440991073847,0.00492890365421772,0.005075234919786453,0.005053773522377014,0.005185948219150305,0.005593204405158758,0.006231748033314943,0.006948078982532024,0.007628887426108122,0.008273513056337833,0.008730712346732616,0.008885367773473263,0.008702749386429787,0.008334089070558548,0.007989549078047276,0.007847641594707966,0.007913087494671345,0.008169088512659073,0.008523241616785526,0.008651946671307087,0.008619827218353748,0.008508192375302315,0.008485189639031887,0.008620541542768478,0.008729137480258942,0.008871371857821941,0.008927694521844387,0.008971026167273521,0.009074866771697998,0.009061423130333424,0.009119291789829731,0.009170916862785816,0.009305059909820557,0.009387850761413574,0.00939476303756237,0.009395486675202847,0.009559606201946735,0.009648136794567108,0.009684701450169086,0.00972265750169754,0.009798388928174973,0.009763422422111034,0.009391997009515762,0.008877590298652649,0.008262951858341694,0.0076633659191429615,0.007340367417782545,0.007211518008261919,0.007054836954921484,0.006918369326740503,0.0067680999636650085,0.00640466483309865,0.00614591408520937,0.005801260471343994,0.00520364148542285,0.0045548370108008385,0.003968506120145321,0.003550542052835226,0.003338184207677841,0.00323366466909647,0.0033475090749561787,0.003291398985311389,0.003348863683640957,0.003364087548106909,0.003152719233185053,0.0028973433654755354,0.0026837748009711504,0.002304971218109131,0.002034710953012109,0.0017542237183079123,0.0016584777040407062,0.0015937155112624168,0.0019090628484264016,0.0020582820288836956,0.0020424772519618273,0.0018241684883832932,0.0013520101783797145,0.0008512072381563485,0.0005078627727925777,0.00044331111712381244,0.0006859734421595931,0.001134625286795199,0.0015412125503644347,0.001774561358615756,0.0018146820366382599,0.001656192820519209,0.001429351745173335,0.001216307980939746,0.001161124324426055,0.0010580174857750535,0.0009533492266200483,0.0008816046174615622,0.0008274156134575605,0.0008005894487723708,0.0007762277382425964,0.0007229179609566927,0.0006529284291900694,0.0005588571075350046,0.0004708691849373281,0.0004147114814259112,0.0003861661534756422,0.0003895196132361889,0.0003591142885852605,0.0003189255075994879,0.0002533175575081259,0.00013978818606119603,3.1240640510077355e-06,0.0,0.0,0.0,0.0,0.0,0.0,0.0,0.0,0.0,0.0,0.0,0.0,0.0,0.0
2025-12-05T10:28:27.270136,1764930507.2701356,0.0010561186354607344,0.0009289224981330335,0.0008334382437169552,0.0007681360002607107,0.0007089004502631724,0.0007233003270812333,0.0009668656275607646,0.0013791256351396441,0.0018394687213003635,0.002238993300125003,0.0026119656395167112,0.002946103923022747,0.0032396989408880472,0.0034758984111249447,0.003796244040131569,0.004225796088576317,0.004618837498128414,0.004905030597001314,0.005126785486936569,0.0054777576588094234,0.006094371434301138,0.006803206168115139,0.007398511283099651,0.007888934575021267,0.008331304416060448,0.008759154006838799,0.008975641801953316,0.00883621908724308,0.008368133567273617,0.007866641506552696,0.007576762232929468,0.0076633780263364315,0.00800269190222025,0.008439529687166214,0.008710557594895363,0.008916147984564304,0.008821587078273296,0.00847803708165884,0.008183701895177364,0.008166356012225151,0.008616667240858078,0.009027070365846157,0.009327554143965244,0.009547666646540165,0.009604012593626976,0.009346289560198784,0.009011413902044296,0.008856103755533695,0.008978329598903656,0.009380705654621124,0.009744036942720413,0.009814265184104443,0.009745738469064236,0.009662079624831676,0.00958949513733387,0.009265881031751633,0.008716604672372341,0.00811169482767582,0.00756295770406723,0.00727472361177206,0.007179725915193558,0.007360534276813269,0.00726251769810915,0.007183439563959837,0.0070688254199922085,0.006776157300919294,0.006318783387541771,0.00571445794776082,0.004946532659232616,0.004140556789934635,0.003481140825897455,0.003218083642423153,0.0031870121601969004,0.0033220609184354544,0.0032357757445424795,0.0033423304557800293,0.003408280201256275,0.00311356782913208,0.0029821305070072412,0.002472387161105871,0.002541149500757456,0.002286558272317052,0.002053368603810668,0.0019182047108188272,0.001742248423397541,0.0016045946395024657,0.0016682137502357364,0.0015416891546919942,0.0013319668360054493,0.0012288482394069433,0.0011467377189546824,0.001230742665939033,0.0014208757784217596,0.0016135169425979257,0.0018341869581490755,0.00197405694052577,0.0017149762716144323,0.0013167193392291665,0.0008710573893040419,0.0003756738733500242,0.0002398999931756407,0.00022859523596707731,0.0004208656318951398,0.0006271008751355112,0.000790549092926085,0.0008886134019121528,0.0008978139376267791,0.0008625758346170187,0.0007523134117946029,0.0006172416033223271,0.0005080885021016002,0.0004221074341330677,0.00035326837678439915,0.00031793361995369196,0.0003242007514927536,0.00029608551994897425,0.0002463608398102224,0.00017541792476549745,5.691486148862168e-05,0.0,0.0,0.0,0.0,0.0,0.0,0.0,0.0,0.00010049224511021748,0.00022108819393906742,0.0002773736196104437,0.00022146967239677906,0.00013640277029480785,0.0,0.0,0.0
2025-12-05T10:28:28.941906,1764930508.9419065,0.0024501574225723743,0.0021845248993486166,0.001954567153006792,0.0017036530189216137,0.0013880772748962045,0.0013068447588011622,0.0013597278157249093,0.0015497516142204404,0.0018213995499536395,0.0020018122158944607,0.0021512587554752827,0.002420731820166111,0.0028509940020740032,0.003482314758002758,0.0041259340941905975,0.004701690748333931,0.005117236636579037,0.005411719903349876,0.005681095644831657,0.0059873191639781,0.00645777303725481,0.007082984782755375,0.00772231025621295,0.008260278962552547,0.008568789809942245,0.008683506399393082,0.00865794625133276,0.008401833474636078,0.007982419803738594,0.007560068275779486,0.007262095343321562,0.007149449083954096,0.007342471741139889,0.007896872237324715,0.008593476377427578,0.009331757202744484,0.00950391311198473,0.00932195596396923,0.008896197192370892,0.008438403718173504,0.008266869932413101,0.00819751899689436,0.008638192899525166,0.009341810829937458,0.009827109053730965,0.01013113185763359,0.010089030489325523,0.009723532944917679,0.009420312941074371,0.009023991413414478,0.008660571649670601,0.008398137055337429,0.008295823819935322,0.008494025096297264,0.008791744709014893,0.009150753729045391,0.009225104004144669,0.009147507138550282,0.009007279761135578,0.008714042603969574,0.008093427866697311,0.007322126533836126,0.006327585782855749,0.005559134297072887,0.005027350503951311,0.004842601716518402,0.004913564771413803,0.0051960120908916,0.00531018478795886,0.005329781211912632,0.0051713609136641026,0.00493860337883234,0.004555319435894489,0.003954994026571512,0.0030922212172299623,0.0024332066532224417,0.001771276001818478,0.0014531712513417006,0.0015725091798231006,0.0018931489903479815,0.0020846365951001644,0.0022758073173463345,0.002207189565524459,0.002053601434454322,0.0019241177942603827,0.0020430570002645254,0.002150546293705702,0.0022262868005782366,0.0022855540737509727,0.0022982200607657433,0.0021323906257748604,0.0018255355535075068,0.0013783433241769671,0.000912760675419122,0.0005527223111130297,0.00039248543907888234,0.00028885158826597035,0.0003929627710022032,0.0006437285919673741,0.0008653369732201099,0.0010891897836700082,0.001264968072064221,0.0014257834991440177,0.0014255342539399862,0.001266453880816698,0.0010698667028918862,0.0008689965470694005,0.0007246389868669212,0.0006454766262322664,0.0007028385880403221,0.000841371773276478,0.0009404763113707304,0.0009001842117868364,0.0007560417288914323,0.000543232832569629,0.00028994239983148873,9.738087828736752e-05,0.0,0.0,0.0,8.412000170210376e-05,0.0002155966794816777,0.0003572806890588254,0.00048362798406742513,0.0005347343976609409,0.0005313871661201119,0.0004640553379431367,0.0003994653234258294,0.00036888939212076366,0.0002272703277412802,0.0001256718096556142,2.3654787582927383e-05,0.0,8.04675346444128e-06,4.825178984901868e-05
2025-12-05T10:28:30.609282,1764930510.6092818,0.0010464973747730255,0.0008387446869164705,0.0007240088889375329,0.0006925705238245428,0.0007397409062832594,0.000880486099049449,0.0009088180377148092,0.0010996119817718863,0.0012602958595380187,0.00152356899343431,0.0022437572479248047,0.0031468302477151155,0.003852394875138998,0.004113085567951202,0.004185514524579048,0.004311478231102228,0.004461593925952911,0.004710088949650526,0.005059277173131704,0.005578211508691311,0.006318310741335154,0.007149913813918829,0.007872181013226509,0.008337178267538548,0.00844724290072918,0.008432872593402863,0.008506916463375092,0.0086022624745965,0.008565911091864109,0.008382403291761875,0.008088832721114159,0.007842637598514557,0.007734077516943216,0.0077364202588796616,0.00794125720858574,0.00823639053851366,0.008354728110134602,0.008502615615725517,0.00869707390666008,0.008716832846403122,0.008883426897227764,0.009014409966766834,0.009200490079820156,0.009339189156889915,0.009523043408989906,0.009577590972185135,0.009802927263081074,0.009839684702455997,0.009621167555451393,0.009288436733186245,0.008887778036296368,0.008490527048707008,0.008437616750597954,0.008574385195970535,0.008791311644017696,0.00910979975014925,0.009242996573448181,0.009187485091388226,0.00894803274422884,0.008421016857028008,0.007665199693292379,0.006887238007038832,0.006332284305244684,0.005971473641693592,0.0058515858836472034,0.005605457350611687,0.005599492229521275,0.0055152722634375095,0.005345466546714306,0.005005831830203533,0.004434148781001568,0.003936077933758497,0.003510875627398491,0.0032234995160251856,0.0030700850766152143,0.002895837416872382,0.003142949426546693,0.003311233827844262,0.0030719381757080555,0.0027184709906578064,0.002410799963399768,0.002002515597268939,0.002076915232464671,0.00182864791713655,0.001591046922840178,0.0012508152285590768,0.0013586251297965646,0.0015564057976007462,0.0017520503606647253,0.0018967302748933434,0.0018100383458659053,0.0014482890255749226,0.0010072350269183517,0.0006263676332309842,0.0005217220750637352,0.0006398053374141455,0.0009236091864295304,0.001255030045285821,0.0015083510661497712,0.0015966217033565044,0.0014644707553088665,0.0012030293000862002,0.0009230007417500019,0.0005712400306947529,0.0002938997058663517,0.00017757926252670586,0.00026439406792633235,0.0005231397808529437,0.0007776711718179286,0.0009867785265669227,0.0010783909820020199,0.000996674527414143,0.0007999569643288851,0.0005146942567080259,0.00023319369938690215,2.959510311484337e-05,0.0,0.0,0.0,0.000242750727920793,0.000567625742405653,0.0007618368836119771,0.0008321423665620387,0.0007872817222960293,0.0006427117623388767,0.00043615794857032597,0.00019611424067988992,0.0,0.0,0.0,0.0,0.0,0.0,0.0,0.0
2025-12-05T10:28:32.277059,1764930512.2770593,0.0013077826006338,0.0013886840315535665,0.001413013320416212,0.0013753613457083702,0.0012644854141399264,0.0011837646597996354,0.0010850043036043644,0.0010624919086694717,0.0012222096556797624,0.0015307286521419883,0.0020468938164412975,0.0028384702745825052,0.0037124408408999443,0.004339561332017183,0.004611758049577475,0.004654000513255596,0.004606320522725582,0.004685232415795326,0.004984764847904444,0.005605082027614117,0.006519641261547804,0.007371696177870035,0.007802188862115145,0.007846659980714321,0.007782157976180315,0.007855856791138649,0.008094344288110733,0.008270017802715302,0.008301947265863419,0.008181336335837841,0.008007526397705078,0.007973982952535152,0.008097290992736816,0.008368810638785362,0.008674944750964642,0.008721989579498768,0.008627580478787422,0.008413483388721943,0.00795372761785984,0.00767125329002738,0.007865088060498238,0.008281301707029343,0.008820202201604843,0.009272917173802853,0.00950400996953249,0.009493767283856869,0.009285402484238148,0.009120581671595573,0.0090417992323637,0.009126664139330387,0.00943068228662014,0.009525292553007603,0.00937445368617773,0.009349560365080833,0.009252850897610188,0.009144273586571217,0.008929011411964893,0.008638584986329079,0.00825214758515358,0.007703330367803574,0.0071746064350008965,0.006839579902589321,0.006319105159491301,0.006072220858186483,0.005906169302761555,0.005774833727627993,0.005688907112926245,0.0056286947801709175,0.005426840391010046,0.005135304760187864,0.0046991691924631596,0.004151600878685713,0.0037036642897874117,0.0032475292682647705,0.0026286933571100235,0.002155323512852192,0.0018003657460212708,0.0012994171120226383,0.0014750557020306587,0.0016993916360661387,0.002236856147646904,0.0026792860589921474,0.0028666250873357058,0.0027424718718975782,0.002496948465704918,0.002253121929243207,0.0021047289483249187,0.0020291637629270554,0.002005822490900755,0.0018127302173525095,0.0015616549644619226,0.0012234107125550508,0.0008392292074859142,0.0005741711938753724,0.0003827142354566604,0.0002713130379561335,0.00022979658388067037,0.00026939468807540834,0.00041599030373618007,0.0005835943156853318,0.0008937990060076118,0.001243388862349093,0.0016365954652428627,0.0018973167752847075,0.001963965594768524,0.0018783841514959931,0.0016203070990741253,0.0012297496432438493,0.0007786857313476503,0.0003692977479659021,4.385411011753604e-05,0.0,0.0,0.0,0.0,0.0,4.9086684157373384e-05,0.00017965985171031207,0.00023820610658731312,0.00020358529582154006,0.00011776151950471103,2.67556679318659e-05,0.0,0.0,3.328306047478691e-05,8.550118946004659e-05,0.00018504871695768088,0.00027614246937446296,0.0003805320302490145,0.00043001119047403336,0.0003754222416318953,0.0003136202576570213,0.0002398337674094364,0.00011703222116921097,9.104984201258048e-06
2025-12-05T10:28:33.944263,1764930513.9442632,0.0004568260919768363,0.0006406290922313929,0.0008372868178412318,0.0010666132438927889,0.0013323068851605058,0.0016496047610417008,0.0017666453495621681,0.0017616638215258718,0.0016973591409623623,0.001698469277471304,0.0019471569685265422,0.0024718146305531263,0.0031164539977908134,0.0037508741952478886,0.004241659305989742,0.004488291218876839,0.004517888650298119,0.004449611064046621,0.0046659172512590885,0.005290082655847073,0.00633355975151062,0.007393198553472757,0.008035718463361263,0.00825989618897438,0.008224688470363617,0.00818056520074606,0.008250980637967587,0.00836566835641861,0.008357780985534191,0.00809572171419859,0.007568830158561468,0.007065795361995697,0.007004337385296822,0.00743655813857913,0.008109260350465775,0.008862050250172615,0.009318030439317226,0.009213201701641083,0.008608057163655758,0.00792208407074213,0.007585788611322641,0.007735463324934244,0.008293280377984047,0.009122873656451702,0.009899623692035675,0.01020351704210043,0.010236314497888088,0.009787039831280708,0.009065006859600544,0.008365201763808727,0.007924617268145084,0.0077506378293037415,0.008043001405894756,0.008600563742220402,0.009175821207463741,0.009645485319197178,0.009699858725070953,0.009204976260662079,0.008490375243127346,0.007710700388997793,0.006871504243463278,0.006410695146769285,0.006115729920566082,0.0058654057793319225,0.005748311057686806,0.005493366625159979,0.005466290283948183,0.005328367929905653,0.004971374291926622,0.004714818671345711,0.0043800887651741505,0.004192497581243515,0.004068996291607618,0.003824318991973996,0.0036697566974908113,0.0030166800133883953,0.002500538481399417,0.0020290780812501907,0.0016565056284889579,0.0012865354074165225,0.0014772333670407534,0.001369547680951655,0.0016170400194823742,0.0016411009710282087,0.0017350286943838,0.0017638474237173796,0.0021325065754354,0.0025376940611749887,0.0027256086468696594,0.0026437367778271437,0.002270313911139965,0.001644465490244329,0.0010047964751720428,0.0004328829236328602,0.00013758856221102178,0.0,2.1571888282778673e-05,0.00015538289153482765,0.0003598382754717022,0.0005391337326727808,0.0007125966367311776,0.000833856756798923,0.0009611325804144144,0.0009654429741203785,0.0009739581146277487,0.001007283222861588,0.0010446999222040176,0.0010732904775068164,0.001028279191814363,0.0009320350945927203,0.0008006677962839603,0.0006742837140336633,0.0005990374484099448,0.0005045963334850967,0.00039992749225348234,0.00029790724511258304,0.0002305717789568007,0.00023711886024102569,0.00030409960891120136,0.0003804246080107987,0.00038589100586250424,0.00031228369334712625,0.00023561326088383794,0.00022091914433985949,0.00020673534891102463,0.00016644326387904584,0.00011736261512851343,7.393385021714494e-05,5.805389810120687e-05,0.00019451901607681066,0.00029689716757275164,0.000455658882856369,0.0005255674477666616,0.000619152036961168,0.0006891512894071639
2025-12-05T10:28:35.610960,1764930515.6109602,0.00014850194565951824,0.00031363536254502833,0.00047508583520539105,0.0006413800292648375,0.000947613560128957,0.0014886728022247553,0.0018670822028070688,0.00213109259493649,0.002181127667427063,0.0021006250753998756,0.0020676671992987394,0.0022435414139181376,0.002590805059298873,0.0031734544318169355,0.003795414697378874,0.004304314963519573,0.004612156189978123,0.005000654142349958,0.005522943567484617,0.006111967843025923,0.006682524923235178,0.007249149959534407,0.007827317342162132,0.008425986394286156,0.008841371163725853,0.008855832740664482,0.008458178490400314,0.007844684645533562,0.007440320681780577,0.007428756449371576,0.007661560550332069,0.007907779887318611,0.00799909420311451,0.007956868968904018,0.007904822006821632,0.00793575681746006,0.008163655176758766,0.008615633472800255,0.008857842534780502,0.00894936639815569,0.009095019660890102,0.00894157588481903,0.0088349599391222,0.008928779512643814,0.009029950946569443,0.009100574068725109,0.009164099581539631,0.009258951991796494,0.009239239618182182,0.009069315157830715,0.008896887302398682,0.008917166851460934,0.00896049290895462,0.008929915726184845,0.00896321889013052,0.008958928287029266,0.008782078512012959,0.008660659193992615,0.008465495891869068,0.008072368800640106,0.007731420453637838,0.007554659619927406,0.007085271179676056,0.006827077828347683,0.006667586509138346,0.005914162844419479,0.005375450011342764,0.004760111682116985,0.0043837870471179485,0.004133123438805342,0.003911022562533617,0.0036843661218881607,0.003410232486203313,0.0031136120669543743,0.002662179758772254,0.0028746577445417643,0.0029306223150342703,0.002537311753258109,0.00238368334248662,0.0024002084974199533,0.0020502719562500715,0.0018411987693980336,0.002149922540411353,0.0020239665172994137,0.001784805441275239,0.0014285475481301546,0.0013890292029827833,0.0014019869267940521,0.0014592463849112391,0.0014217342250049114,0.0013260882114991546,0.001119205029681325,0.0009425798780284822,0.0008304298971779644,0.0008299071923829615,0.000957805197685957,0.0010273477528244257,0.0011057101655751467,0.001117908745072782,0.0011481886031106114,0.0010320106521248817,0.000907079956959933,0.0008490218315273523,0.0007100536022335291,0.0006148631800897419,0.0005752684664912522,0.000602048123255372,0.0006844647577963769,0.0007045682868920267,0.0006503805634565651,0.0005382162053138018,0.00038884978857822716,0.00028643704717978835,0.0002490798069629818,0.00021343736443668604,0.00018482128507457674,0.00012984460045117885,0.00011784012167481706,0.00011691336112562567,0.00011147125042043626,7.852983981138095e-05,6.396239768946543e-05,4.1386087104910985e-05,0.0,0.0,0.0,0.0,0.0,0.0,0.0,0.0,1.0639274478307925e-05,4.846182855544612e-05,7.191351323854178e-05,0.0001324621553067118
2025-12-05T10:28:37.278679,1764930517.2786794,0.0018891183426603675,0.0017201097216457129,0.0015776037471368909,0.001422586152330041,0.001238404307514429,0.0011226620990782976,0.0009656961774453521,0.0009620822384022176,0.001064110896550119,0.0013081248616799712,0.001960927387699485,0.00293548172339797,0.0038615597877651453,0.00442126439884305,0.0047712563537061214,0.0050709969364106655,0.0051852441392838955,0.005237854551523924,0.005253209266811609,0.005461616907268763,0.006075954530388117,0.00697479909285903,0.007789964787662029,0.008290426805615425,0.008435317315161228,0.00846567191183567,0.008516297675669193,0.008605333045125008,0.008660655468702316,0.008619200438261032,0.008416904136538506,0.008097280748188496,0.007775312755256891,0.007638590410351753,0.007642705459147692,0.007859324105083942,0.00814859289675951,0.008412388153374195,0.008761181496083736,0.008908441290259361,0.008851028978824615,0.008778104558587074,0.008759994991123676,0.008653233759105206,0.008624390698969364,0.008588416501879692,0.008864411152899265,0.009176891297101974,0.009301440790295601,0.00946112908422947,0.009574022144079208,0.00945619773119688,0.009074811823666096,0.008714421652257442,0.00832423847168684,0.007901833392679691,0.0075704557821154594,0.00737939914688468,0.007302731741219759,0.00741705484688282,0.007736679166555405,0.007984893396496773,0.007896513678133488,0.0076746027916669846,0.007456038612872362,0.00688217906281352,0.006046309135854244,0.00517671275883913,0.004295226186513901,0.0034772406797856092,0.0028303153812885284,0.002771231811493635,0.003038034774363041,0.0034331094939261675,0.0034344217274338007,0.0034405612386763096,0.0033097455743700266,0.003245212370529771,0.002881333464756608,0.0024976255372166634,0.0021387150045484304,0.00152851443272084,0.001112398225814104,0.000825930736027658,0.0008044937276281416,0.0009723293478600681,0.0012593084247782826,0.0015911649679765105,0.0018518250435590744,0.0019792674575001,0.0020070483442395926,0.001916069770231843,0.0017166094621643424,0.0015542857581749558,0.0014007393037900329,0.0013120524818077683,0.0012297003995627165,0.0011758606415241957,0.0011627342319115996,0.0010877170134335756,0.0009956882568076253,0.0008828951977193356,0.0007482392829842865,0.0005802363157272339,0.0004653523792512715,0.00037789149791933596,0.0003311475447844714,0.00036373359034769237,0.0004527585697360337,0.0005576353869400918,0.0006352759664878249,0.0006551952101290226,0.0006087826332077384,0.0005678183515556157,0.00047812340199016035,0.0002874677302315831,4.001499110017903e-05,0.0,0.0,0.0,9.581387712387368e-05,0.0001968296419363469,0.00026963476557284594,0.00036457882379181683,0.00047198281390592456,0.0005664937780238688,0.0006365153240039945,0.0006651708972640336,0.0006102894549258053,0.0005987394251860678,0.0004910535062663257,0.00038992942427285016,0.0002544705639593303,0.0001165450012194924,6.6308584791840985e-06
2025-12-05T10:28:38.945467,1764930518.9454672,0.0005527625908143818,0.0008093714131973684,0.0010546783450990915,0.0013377337018027902,0.001617255387827754,0.001888906816020608,0.0018032537773251534,0.0015227425610646605,0.0013268187176436186,0.0013408540980890393,0.001753555960021913,0.002426515333354473,0.003074259962886572,0.0034985244274139404,0.0038598221726715565,0.004284738563001156,0.004802959505468607,0.005287300795316696,0.0056752776727080345,0.005934690125286579,0.006309937685728073,0.006939838640391827,0.007727214600890875,0.008464108221232891,0.008840671740472317,0.008662540465593338,0.007974127307534218,0.007169067393988371,0.006876018829643726,0.007264039944857359,0.007982807233929634,0.008532112464308739,0.008600232191383839,0.0082951495423913,0.007922930642962456,0.007726004812866449,0.007852112874388695,0.008257645182311535,0.008608750067651272,0.008803414180874825,0.008721580728888512,0.00842790026217699,0.008257799781858921,0.008214516565203667,0.008362620137631893,0.008686088025569916,0.009080695919692516,0.009485377930104733,0.009755441918969154,0.009811815805733204,0.009661420248448849,0.009286467917263508,0.008879546076059341,0.008694464340806007,0.008453328162431717,0.008292382583022118,0.008050363510847092,0.007925955578684807,0.007935840636491776,0.008023672737181187,0.0079873688519001,0.0078500434756279,0.007138876244425774,0.006518203299492598,0.005906202830374241,0.005464574787765741,0.005155561026185751,0.004984166473150253,0.004760032054036856,0.004611934535205364,0.004358304664492607,0.004337277729064226,0.004294123034924269,0.004125420469790697,0.003645890625193715,0.0033162429463118315,0.0027059651911258698,0.002205690834671259,0.0020059875678271055,0.0016629740130156279,0.0014298538444563746,0.001266383333131671,0.001022459240630269,0.0009966313373297453,0.0011517020175233483,0.001404886832460761,0.0017692603869363666,0.0019935204181820154,0.0020586447790265083,0.001968594267964363,0.0018377503147348762,0.0016964817186817527,0.0015936883864924312,0.0015461858129128814,0.0013433333951979876,0.001133561134338379,0.0008817306370474398,0.0006850158679299057,0.0005491949850693345,0.0004332174139562994,0.0004035650345031172,0.000366444030078128,0.00037561269709840417,0.0003290808235760778,0.000304158020298928,0.0002877955848816782,0.0002858509251382202,0.0003549374232534319,0.0005125270690768957,0.0006830219062976539,0.0008158479467965662,0.0008860946982167661,0.0008271386031992733,0.0007083366508595645,0.0005529337213374674,0.0003333852218929678,7.865286170272157e-05,0.0,0.0,0.0,0.0,9.06630521058105e-05,0.0002884576970245689,0.0005127841141074896,0.0007036204333417118,0.0007868263055570424,0.0007763374014757574,0.0006558398599736392,0.0005056535010226071,0.0004555770137812942,0.00036016470403410494,0.00041958963265642524,0.0003843369195237756,0.00032418398768641055,0.0002976141986437142
2025-12-05T10:28:40.614053,1764930520.614053,0.0012735318159684539,0.0014073497150093317,0.001536102732643485,0.0016118234489113092,0.0016379704466089606,0.0017749946564435959,0.0017672393005341291,0.0016940890345722437,0.0016384391346946359,0.0016665635630488396,0.0018574332352727652,0.0023218016140162945,0.0029509812593460083,0.003642176976427436,0.004173858556896448,0.0046161445789039135,0.004920883569866419,0.005226300563663244,0.00542452372610569,0.005543291103094816,0.005920645780861378,0.006705441977828741,0.007725178729742765,0.008599543012678623,0.008914320729672909,0.008575692772865295,0.007823753170669079,0.00707269087433815,0.006777897477149963,0.007040556985884905,0.007647172547876835,0.008196861483156681,0.008355501107871532,0.008300400339066982,0.008235215209424496,0.008360245265066624,0.00853392668068409,0.008574031293392181,0.008432576432824135,0.008322606794536114,0.008287414908409119,0.008132555522024632,0.008122739382088184,0.008418360725045204,0.008622242137789726,0.008826365694403648,0.008857501670718193,0.008873325772583485,0.008997337892651558,0.009066696278750896,0.009104256518185139,0.009006927721202374,0.008807999081909657,0.008770590648055077,0.00878299679607153,0.008676450699567795,0.008415709249675274,0.008323995396494865,0.008344573900103569,0.008273804560303688,0.007990909740328789,0.0074286009185016155,0.006537459325045347,0.005803168751299381,0.005168006755411625,0.0047391485422849655,0.004576436243951321,0.004691295325756073,0.00496438005939126,0.004989496897906065,0.004756775218993425,0.004449754953384399,0.004041973501443863,0.0036030279006808996,0.0030840719118714333,0.002697516465559602,0.0024051438085734844,0.0021205150987952948,0.0019089685520157218,0.0019117402844130993,0.0016367558855563402,0.0019519819179549813,0.0022890730760991573,0.002362143015488982,0.0023535701911896467,0.0023115857038646936,0.0021265086252242327,0.0018989071249961853,0.0016883551143109798,0.0015317403012886643,0.0014229961670935154,0.0013350839726626873,0.0012510018423199654,0.001088142511434853,0.0009411110659129918,0.0007258281111717224,0.0005761501379311085,0.0004729724896606058,0.0004313103563617915,0.000449430663138628,0.00045374679029919207,0.0005508158938027918,0.0007744659087620676,0.0008831587620079517,0.0009834085358306766,0.0010541280498728156,0.0010592398466542363,0.0009637463954277337,0.0008152468362823129,0.0006565278745256364,0.0005152193480171263,0.0004115143674425781,0.00032356486190110445,0.00020464490808080882,6.002365262247622e-05,0.0,0.0,1.9395676645217463e-05,0.0,0.0,0.0,0.0,0.0,0.0,0.0,0.0,0.0,0.0,9.478943684371188e-05,0.00017367284453939646,0.00017424840189050883,0.00012182997306808829,1.4926821677363478e-05,0.0,0.0
2025-12-05T10:28:42.282417,1764930522.2824166,0.0016128987772390246,0.0013909990666434169,0.00117992062587291,0.0009656192269176245,0.0007538406644016504,0.0006553179700858891,0.0006253086030483246,0.0007803535554558039,0.0011454721679911017,0.0016574354376643896,0.0023735007271170616,0.0031095289159566164,0.003695070743560791,0.004025695845484734,0.0042009372264146805,0.004284846596419811,0.004341832362115383,0.004464183934032917,0.004760172683745623,0.0052712662145495415,0.005856478586792946,0.006486539263278246,0.00710535142570734,0.007738389540463686,0.008194449357688427,0.008347558788955212,0.008230375126004219,0.008057947270572186,0.008033256977796555,0.00814798567444086,0.008245653472840786,0.00818359013646841,0.007907257415354252,0.007615657988935709,0.007418613415211439,0.007517312187701464,0.007860804907977581,0.008323390036821365,0.008420409634709358,0.008324366994202137,0.008528226986527443,0.008614888414740562,0.008607023395597935,0.00881957821547985,0.009056937880814075,0.009160373359918594,0.009224475361406803,0.009080992080271244,0.00880490429699421,0.008767667226493359,0.008924540132284164,0.009064149111509323,0.00907278060913086,0.009139386005699635,0.009073695167899132,0.00881021935492754,0.008394166827201843,0.008031949400901794,0.007650428451597691,0.007357296068221331,0.007162873167544603,0.007079939357936382,0.006846990901976824,0.0068146223202347755,0.0066854325123131275,0.006224038079380989,0.005643525160849094,0.00499859219416976,0.004476211033761501,0.004091729875653982,0.0037443258333951235,0.0037039879243820906,0.0037885101046413183,0.0037743570283055305,0.003388445358723402,0.003162960521876812,0.002761456649750471,0.002269277349114418,0.0019178305519744754,0.001699552871286869,0.001429805881343782,0.0011962724383920431,0.001081616384908557,0.0010870619444176555,0.00134587986394763,0.0016669186297804117,0.0020919528324157,0.002379290759563446,0.0022651772014796734,0.0019917027093470097,0.0016057661268860102,0.0012886980548501015,0.001069782068952918,0.0008951273048296571,0.0007939430070109665,0.0007838545134291053,0.0006560577894560993,0.0005622227326966822,0.00046410763752646744,0.00034648197470232844,0.0003650140424724668,0.00038709089858457446,0.0004235929809510708,0.0005183437606319785,0.0006112647824920714,0.0006944116903468966,0.0007440471090376377,0.0007226633024401963,0.0006424240418709815,0.0006182016804814339,0.0006097821751609445,0.000574386038351804,0.0004400387988425791,0.00024993307306431234,7.575852214358747e-05,0.0,0.0,0.0,0.0,0.0,0.0,0.0,0.0,0.0,0.0,5.555319512495771e-05,0.00014435977209359407,0.0002023888664552942,0.000214102998143062,0.00019375655392650515,5.880658500245772e-05,0.0,0.0,0.0,0.0
2025-12-05T10:28:43.949327,1764930523.9493268,0.0,2.3218022761284374e-05,0.00022839149460196495,0.0004903741646558046,0.0007791162352077663,0.0010417822049930692,0.0012389963958412409,0.0014615303371101618,0.0017304257489740849,0.00212272722274065,0.0025327743496745825,0.002823605900630355,0.0030463808216154575,0.003367193741723895,0.0038018987979739904,0.004252142272889614,0.004569081589579582,0.0048924656584858894,0.005335164722055197,0.005842532031238079,0.006369548849761486,0.00679091177880764,0.0071638221852481365,0.007640809752047062,0.008174560032784939,0.008652004413306713,0.008794983848929405,0.008592725731432438,0.008213760331273079,0.007901976816356182,0.007714046165347099,0.007577765733003616,0.007446132600307465,0.0072974530048668385,0.007295865099877119,0.007407866418361664,0.00765590462833643,0.008186127059161663,0.008669552393257618,0.009077608585357666,0.009209301322698593,0.009314512833952904,0.009329208172857761,0.00918322242796421,0.00898511428385973,0.008764446713030338,0.008808846585452557,0.00888859387487173,0.008919543586671352,0.009014706127345562,0.00927530787885189,0.009540333412587643,0.00950382836163044,0.009267576970160007,0.00881464034318924,0.008200222626328468,0.0076700421050190926,0.007341260556131601,0.007098574191331863,0.007137532811611891,0.007303882390260696,0.007510901428759098,0.007212974596768618,0.007066774647682905,0.006930469535291195,0.006437867414206266,0.0060064163990318775,0.005300106480717659,0.004445456434041262,0.003836191026493907,0.0034158045891672373,0.0032148079480975866,0.003193091368302703,0.0031678408849984407,0.002925558015704155,0.0032389305997639894,0.0031520621851086617,0.0031249902676790953,0.0031460991594940424,0.0028179690707474947,0.0023250863887369633,0.0017603313317522407,0.0013681105338037014,0.0011115383822470903,0.0009387268219143152,0.0007131934980861843,0.0008616328123025596,0.0009282862883992493,0.0010176594369113445,0.0011037579970434308,0.0012842994183301926,0.0015826030867174268,0.0018720459192991257,0.0021376495715230703,0.00210573710501194,0.001908675767481327,0.001549958367832005,0.0011123726144433022,0.0007600524113513529,0.0005361452349461615,0.00047379257739521563,0.0005420760135166347,0.0007438414031639695,0.0008525146404281259,0.0008522678981535137,0.0007660040282644331,0.0006037943530827761,0.00040839967550709844,0.0001609100727364421,0.0,0.0,0.0,7.692340295761824e-05,0.00026253971736878157,0.0004184066201560199,0.0005138289416208863,0.0005405070842243731,0.0005690121906809509,0.000550252792891115,0.0004773613763973117,0.0003477742138784379,0.00014424823166336864,0.0,0.0,0.0,0.0,0.0,0.0,0.0,0.0,0.0,0.0,0.0,0.0,0.0
2025-12-05T10:28:45.615909,1764930525.6159089,0.0005600113072432578,0.0006021097651682794,0.0006544250063598156,0.0007395955617539585,0.0008330398704856634,0.0008882812107913196,0.0008963080472312868,0.0010434893192723393,0.001347399433143437,0.0018427470931783319,0.0024757874198257923,0.0029703432228416204,0.003258482553064823,0.0033635266590863466,0.0035734879784286022,0.003976413980126381,0.0045250775292515755,0.005014663562178612,0.005398266017436981,0.005654417909681797,0.005942090880125761,0.006481998600065708,0.007296599447727203,0.008222331292927265,0.00884485337883234,0.00889064371585846,0.00835489109158516,0.0076018404215574265,0.007210970856249332,0.007447423413395882,0.008074522949755192,0.008623295463621616,0.008689220994710922,0.00828433595597744,0.007669488899409771,0.007331459783017635,0.007273808121681213,0.007713140454143286,0.00822495948523283,0.008677417412400246,0.00906357727944851,0.009030239656567574,0.00881247129291296,0.008561119437217712,0.008500635623931885,0.008582877926528454,0.008765561506152153,0.00910285022109747,0.00929560698568821,0.009441019967198372,0.009385894984006882,0.009171141311526299,0.008955415338277817,0.00872944574803114,0.008582090027630329,0.008425864391028881,0.00824691355228424,0.008219057694077492,0.008275497704744339,0.008321141824126244,0.008218066766858101,0.007994093000888824,0.007326677907258272,0.006586377043277025,0.005918936803936958,0.005032731685787439,0.004187360871583223,0.0038293488323688507,0.003788649570196867,0.0037471072282642126,0.0038104101549834013,0.0038351386319845915,0.0038623749278485775,0.0037685511633753777,0.0035660965368151665,0.0032805600203573704,0.002980377757921815,0.002558535896241665,0.0022138699423521757,0.0019939090125262737,0.0018902288284152746,0.002036825753748417,0.0022182115353643894,0.0022215810604393482,0.001953275641426444,0.001564973033964634,0.0012877313420176506,0.0010763484751805663,0.0011332561261951923,0.0012346545699983835,0.0013399053132161498,0.0013650981709361076,0.0012961005559191108,0.0012334499042481184,0.0012369026662781835,0.0012584172654896975,0.0012827739119529724,0.00126655213534832,0.0011892634211108088,0.0010779270669445395,0.000910756818484515,0.0007819804595783353,0.0007130795274861157,0.0006390595226548612,0.0005272231064736843,0.0004584134730976075,0.00040840404108166695,0.000415887770941481,0.0004567200958263129,0.0005174846737645566,0.0006228223210200667,0.0007736110128462315,0.0008793273009359837,0.0009077260037884116,0.0008675255812704563,0.00077261176193133,0.0006641191430389881,0.0005029046442359686,0.00031358524574898183,0.00012418797996360809,0.0,0.0,0.0,0.0,0.0,0.0,0.0,0.0,2.635347846080549e-05,3.902371827280149e-05,2.8467502488638274e-06,0.0,0.0,0.0,0.0
2025-12-05T10:28:47.284858,1764930527.2848585,0.00041554553899914026,0.0006175295566208661,0.0008023908012546599,0.0010675336234271526,0.0014851256273686886,0.0019660056568682194,0.002183952135965228,0.002168267499655485,0.0020480225794017315,0.001895783469080925,0.00198317039757967,0.0023439102806150913,0.0027435189113020897,0.0031047046650201082,0.0035661321599036455,0.004170695319771767,0.004791966173797846,0.005088019650429487,0.005135314539074898,0.00521565368399024,0.005726866889744997,0.006705529056489468,0.007821847684681416,0.008639277890324593,0.008809789083898067,0.008423998020589352,0.007759097497910261,0.007220644038170576,0.007075075060129166,0.007327704224735498,0.007705985568463802,0.007911798544228077,0.007744981441646814,0.0072834487073123455,0.007033283356577158,0.00719464523717761,0.007629292085766792,0.008220669813454151,0.008487498387694359,0.008502471260726452,0.008515318855643272,0.008190993219614029,0.008074563927948475,0.008379983715713024,0.008879020810127258,0.009256342425942421,0.009514893405139446,0.009488049894571304,0.009353242814540863,0.008907577022910118,0.008361239917576313,0.00792152900248766,0.007784707937389612,0.00791546143591404,0.008266442455351353,0.008563864044845104,0.008558015339076519,0.008578960783779621,0.00854792445898056,0.008433741517364979,0.00824134424328804,0.008146113716065884,0.007478571496903896,0.0067735034972429276,0.005892627872526646,0.004877354484051466,0.004004489630460739,0.0034562319051474333,0.0032991922926157713,0.0033674207516014576,0.0035537886433303356,0.0038143012207001448,0.003960249945521355,0.003943269606679678,0.0037501377519220114,0.0037904037162661552,0.0037010954692959785,0.003179222112521529,0.0026737870648503304,0.0018160135950893164,0.0009611675632186234,0.0003037647402379662,7.86047094152309e-05,0.00036172967520542443,0.001093669212423265,0.0018701859517022967,0.00255396100692451,0.0028690535109490156,0.002784787444397807,0.002301023341715336,0.0016426697839051485,0.0010287571931257844,0.0005865542334504426,0.0005046455189585686,0.0003650462022051215,0.0003552882990334183,0.0003516599244903773,0.00028173282044008374,0.00014431137242354453,4.0517702473152895e-06,0.0,0.00010005926014855504,0.00044366877409629524,0.0008065149886533618,0.0011797735933214426,0.001469260430894792,0.0016502398066222668,0.0017054799245670438,0.001594842760823667,0.0013706652680411935,0.0010977117344737053,0.0008684732601977885,0.0006742970435880125,0.000456485606264323,0.0002795485779643059,0.00016091424913611263,5.776732723461464e-05,8.003108632692602e-06,0.0,0.0,0.0,0.0,0.0,0.0,0.0,0.0,0.0,0.0,1.3739123460254632e-05,0.00012331987090874463,0.00010017272870754823,7.170624303398654e-05,0.0,0.0,0.0
2025-12-05T10:28:48.952431,1764930528.952431,0.0015438605332747102,0.0014817005721852183,0.0014449631562456489,0.001437134575098753,0.0014003663090988994,0.0014585251919925213,0.0016000565374270082,0.0017387295374646783,0.001918872818350792,0.002009629039093852,0.0020647039636969566,0.002219667425379157,0.002540101995691657,0.0032169579062610865,0.0039373463951051235,0.0044476245529949665,0.0046242475509643555,0.004710364155471325,0.0049580358900129795,0.005430562887340784,0.006182546261698008,0.0070604365319013596,0.007855330593883991,0.008382133208215237,0.008565832860767841,0.0085331154987216,0.008333846926689148,0.007967627607285976,0.007480694446712732,0.00709659093990922,0.006974081974476576,0.007106770295649767,0.007386248558759689,0.0075990622863173485,0.007732493802905083,0.00788188073784113,0.008006276562809944,0.008075869642198086,0.008178929798305035,0.00823615025728941,0.008327881805598736,0.00824614055454731,0.00820872001349926,0.008160006254911423,0.008162065409123898,0.008261543698608875,0.008487161248922348,0.008760708384215832,0.009095209650695324,0.009358714334666729,0.009381568990647793,0.009147070348262787,0.008780967444181442,0.00839579850435257,0.008281580172479153,0.008162020705640316,0.008040686137974262,0.007912369444966316,0.00787819642573595,0.007841602899134159,0.00763910636305809,0.0074162972159683704,0.006902512162923813,0.006440678611397743,0.005920352879911661,0.005288981832563877,0.00473745446652174,0.004445498343557119,0.004344630055129528,0.004113918635994196,0.003883670549839735,0.0034737959504127502,0.0031309034675359726,0.0028736970853060484,0.0027696487959474325,0.0026375597808510065,0.0025026113726198673,0.0024116886779665947,0.0023564074654132128,0.0020166293252259493,0.0017416501650586724,0.0016593533800914884,0.0016202200204133987,0.001479719066992402,0.0014065216528251767,0.0014099017716944218,0.0014699922176077962,0.0014921039110049605,0.0016233258647844195,0.0016198286321014166,0.001534476294182241,0.0013976887566968799,0.001193849602714181,0.0011601701844483614,0.001068967510946095,0.0010437744203954935,0.0009649216081015766,0.0008453456684947014,0.0007020542398095131,0.0005455997306853533,0.00047121362877078354,0.00048626921488903463,0.000619989528786391,0.0007010711124166846,0.0007893468718975782,0.0008697739685885608,0.0009380248957313597,0.0009814114309847355,0.0010372125543653965,0.001062882598489523,0.0010658458340913057,0.0010470554698258638,0.0009681860101409256,0.0008831878076307476,0.0007474101148545742,0.0005413003382273018,0.0002461684634909034,0.0,0.0,0.0,0.0,0.0,0.0,0.0,0.0,0.0,0.0,0.00018960010493174195,0.0003386374737601727,0.00040075916331261396,0.00035493666655384004,0.00028122091316618025,0.00018904716125689447,7.834327698219568e-05,0.0
2025-12-05T10:28:50.618188,1764930530.6181881,0.0011881979880854487,0.0010188869200646877,0.000890467141289264,0.0007909393170848489,0.000782517425250262,0.0009690321749076247,0.0013255929807201028,0.001780801685526967,0.0021198918111622334,0.002275328151881695,0.0023817045148462057,0.002626413945108652,0.002986407605931163,0.003504385007545352,0.004047389142215252,0.0045260051265358925,0.004819677211344242,0.0049278452061116695,0.0049001313745975494,0.004874387290328741,0.005143013782799244,0.0058382186107337475,0.006845884025096893,0.0078203696757555,0.008372196927666664,0.008439362980425358,0.0082237608730793,0.007927002385258675,0.00762451346963644,0.007342857774347067,0.007175269536674023,0.007179963868111372,0.007330600637942553,0.007521579973399639,0.007680120877921581,0.007890175096690655,0.007874129340052605,0.007660188712179661,0.0076514179818332195,0.0076594967395067215,0.007812101393938065,0.007981506176292896,0.008098194375634193,0.008285828866064548,0.00850167591124773,0.00849753338843584,0.008574494160711765,0.008731543086469173,0.008839830756187439,0.008935986086726189,0.008759496733546257,0.008434651419520378,0.008276158943772316,0.008448868058621883,0.008671747520565987,0.008794864639639854,0.008762323297560215,0.008581832982599735,0.008248988538980484,0.007870469242334366,0.007326299790292978,0.0067586093209683895,0.006085820961743593,0.005691660568118095,0.005396264139562845,0.00506648188456893,0.004862622357904911,0.004813610576093197,0.004684486426413059,0.004359755199402571,0.003871952649205923,0.003478375030681491,0.0032405536621809006,0.0030719826463609934,0.002999600488692522,0.0027221362106502056,0.0026171018835157156,0.002399252960458398,0.0023820167407393456,0.0024929456412792206,0.002498335437849164,0.0026353453285992146,0.0024659151677042246,0.0018667812692001462,0.0012466852786019444,0.0008387674461118877,0.000797916785813868,0.001101212459616363,0.0016054726438596845,0.002044225810095668,0.00222279061563313,0.001981813460588455,0.0015432022046297789,0.0011521019041538239,0.0009656091569922864,0.0009496068814769387,0.0009544341010041535,0.0009183067013509572,0.0008237847359851003,0.0006373263895511627,0.0004152533074375242,0.0003030502994079143,0.00036695951712317765,0.0004358368751127273,0.000510800164192915,0.0006000256398692727,0.000692184956278652,0.000787595403380692,0.0008655133424326777,0.000858343904837966,0.0007954770117066801,0.0006918136496096849,0.0005463689449243248,0.00040461134631186724,0.0002645940112415701,0.00010517763439565897,0.0,0.0,0.0,0.0,0.0,0.0,0.0,0.0,0.0,0.0,0.0,8.998827979667112e-05,0.00030091655207797885,0.0004045261302962899,0.00039058999391272664,0.00020876027701888233,0.0,0.0,0.0
2025-12-05T10:28:52.285146,1764930532.2851458,0.002209187252447009,0.0017630471847951412,0.0014416162157431245,0.0011730956612154841,0.0008362327935174108,0.0005871654720976949,0.000586356152780354,0.0008717828313820064,0.0012774465139955282,0.001748176058754325,0.0023433640599250793,0.0029716952703893185,0.003519898047670722,0.0037908253725618124,0.0038963817059993744,0.004020371939986944,0.0042859329842031,0.004597888793796301,0.004945568740367889,0.005277685355395079,0.0057989805936813354,0.0065039112232625484,0.007199022453278303,0.007676983252167702,0.007849513553082943,0.007809280417859554,0.007751573342829943,0.007696999236941338,0.007561338134109974,0.0073420340195298195,0.007103961426764727,0.00691364286467433,0.006909947842359543,0.007043946068733931,0.007342674303799868,0.0076672956347465515,0.00794126745313406,0.008119342848658562,0.007928834296762943,0.007540900260210037,0.007412379141896963,0.007489858195185661,0.007886920124292374,0.0085263317450881,0.00908154621720314,0.009332114830613136,0.009419930167496204,0.009166707284748554,0.008568139746785164,0.007820301689207554,0.007360131945461035,0.007266991771757603,0.007501024287194014,0.008120039477944374,0.008805793710052967,0.009323632344603539,0.009400453418493271,0.009167724289000034,0.008620756678283215,0.007763076573610306,0.0069121397100389,0.006136022042483091,0.005544675979763269,0.005107513628900051,0.005015339236706495,0.004865183494985104,0.004883685149252415,0.004847511183470488,0.004660117905586958,0.004445903468877077,0.004133601672947407,0.003970268182456493,0.003876556409522891,0.003698417916893959,0.0032233563251793385,0.002640731632709503,0.0021925412584096193,0.0017890147864818573,0.0013630709145218134,0.0012725087581202388,0.0012045141775161028,0.0010149520821869373,0.00113415508531034,0.0012734258780255914,0.0014756667660549283,0.0016382094472646713,0.0019032449927181005,0.0020621558651328087,0.001993636367842555,0.0018345587886869907,0.001578042865730822,0.0012843653094023466,0.0009971883846446872,0.0007095555192790926,0.0005476049846038222,0.0004929409478791058,0.0004839265893679112,0.0005775196477770805,0.0007220919942483306,0.0008501579286530614,0.000949326902627945,0.0009508146904408932,0.0008779356139712036,0.0007854989962652326,0.0006082725594751537,0.00045680333278141916,0.0003701834357343614,0.00036090720095671713,0.0003393349179532379,0.0003824801533482969,0.00044657979742623866,0.0004625239525921643,0.0003997817693743855,0.0003137901658192277,0.00017951760673895478,4.6452783863060176e-05,0.0,0.0,0.0,0.0,3.99071450374322e-06,8.825715485727414e-05,0.00018307901336811483,0.0002980735443998128,0.00039324304088950157,0.00042194098932668567,0.0003755094949156046,0.0002943752915598452,0.0002460175601299852,0.00016582843090873212,9.132319246418774e-05,0.00018495088443160057,0.00018804609135258943,0.00024370239407289773,0.0003124911163467914
2025-12-05T10:28:53.952991,1764930533.9529908,0.0022861629258841276,0.0018059334252029657,0.0014585257740691304,0.001170860487036407,0.0008254966815002263,0.0006475454429164529,0.0006783576682209969,0.0010191189358010888,0.0014903369592502713,0.002035487676039338,0.0026171908248215914,0.0030719300266355276,0.0034138725604861975,0.0036673746071755886,0.003828513901680708,0.0039055640809237957,0.0038316103164106607,0.0039155627600848675,0.004316910170018673,0.005030076019465923,0.005930191371589899,0.00667825061827898,0.007117709144949913,0.007377267349511385,0.007615120615810156,0.007922383025288582,0.008210938423871994,0.008287690579891205,0.008049522526562214,0.0075914012268185616,0.0071252090856432915,0.00683400547131896,0.006744962651282549,0.006814740132540464,0.006933741737157106,0.007228909991681576,0.00759552139788866,0.007845617830753326,0.007875785231590271,0.007772916462272406,0.007900526747107506,0.007978666573762894,0.0081055061891675,0.008362187072634697,0.008653360418975353,0.008614081889390945,0.008662869222462177,0.008595344610512257,0.008252521045506,0.008127538487315178,0.008116098120808601,0.008135033771395683,0.008266950957477093,0.008495649322867393,0.008535338565707207,0.008494710549712181,0.008273649960756302,0.007915914058685303,0.007426079828292131,0.006931691896170378,0.006481269374489784,0.006362580694258213,0.006348321679979563,0.0065541318617761135,0.006608950439840555,0.0062787183560431,0.0057129510678350925,0.0049824463203549385,0.004109439440071583,0.0032892832532525063,0.0026188292540609837,0.0023254305124282837,0.002387160435318947,0.002506596501916647,0.002876007929444313,0.0028951012063771486,0.0028907808009535074,0.00288263033144176,0.0026385041419416666,0.0020808049011975527,0.0018175499280914664,0.0014657293213531375,0.0011118244146928191,0.0009621859644539654,0.000831102835945785,0.0006822575232945383,0.000756415887735784,0.0007403561030514538,0.0008421947713941336,0.0009658177732490003,0.0011869315057992935,0.0015757099026814103,0.0019484484801068902,0.0022849661763757467,0.0023144304286688566,0.002274480415508151,0.001925711054354906,0.0014240217860788107,0.0008546218159608543,0.0003275486524216831,0.0,0.0,0.0,0.0,0.0,3.0188437449396588e-05,9.890554065350443e-05,0.00017973390640690923,0.00019632987095974386,0.00023334752768278122,0.00031538528855890036,0.0004384679486975074,0.0005599939031526446,0.0006612435099668801,0.0006783966673538089,0.0006613779696635902,0.0005705124931409955,0.00044187443563714623,0.00024050568754319102,5.234019226918463e-06,0.0,0.0,0.0,0.0,0.0,0.0,0.0,0.0001380966423312202,0.0002589199284557253,0.0003872820525430143,0.00043832373921759427,0.00038275792030617595,0.0002706978120841086,0.00021065126929897815,0.00018167275993619114
2025-12-05T10:28:55.620794,1764930535.620794,7.767645001877099e-05,0.00016000504547264427,0.0002730300184339285,0.00039890833431854844,0.000553071906324476,0.0008332222350873053,0.0012059882283210754,0.0015346314758062363,0.00183281977660954,0.0020009013824164867,0.0019974177703261375,0.0020556130912154913,0.0022947369143366814,0.0028498179744929075,0.003474054392427206,0.004015943501144648,0.004441221244633198,0.0047327131032943726,0.005019076634198427,0.005343403667211533,0.005846578627824783,0.006489575374871492,0.007199733518064022,0.007817626930773258,0.008098562248051167,0.007967863231897354,0.0075139012187719345,0.007067563943564892,0.006868477910757065,0.006996587850153446,0.007278346456587315,0.007568818051367998,0.0077100396156311035,0.00773610407486558,0.007769571151584387,0.007918111979961395,0.008131718263030052,0.00819785613566637,0.008172293193638325,0.008105411194264889,0.008058869279921055,0.007945519872009754,0.007911289110779762,0.008065997622907162,0.008284098468720913,0.008547579869627953,0.008836573921144009,0.009065263904631138,0.009220599196851254,0.009192253462970257,0.008922947570681572,0.008407523855566978,0.007881570607423782,0.007619716227054596,0.007474313490092754,0.007514181546866894,0.007679257076233625,0.008012325502932072,0.008187460713088512,0.008184937760233879,0.007849191315472126,0.007362347096204758,0.006291643716394901,0.005410770419985056,0.004703079350292683,0.004022514913231134,0.003868566360324621,0.003934459760785103,0.004290794488042593,0.004576319828629494,0.004568250384181738,0.0042573329992592335,0.0038356496952474117,0.00329112121835351,0.0028507413808256388,0.0025340295396745205,0.002033389173448086,0.0016298794653266668,0.0015902277082204819,0.0012589243706315756,0.001308293896727264,0.001487237517721951,0.0019777228590101004,0.002035013400018215,0.002041109139099717,0.0019621942192316055,0.0019298865227028728,0.001958268927410245,0.0020154824014753103,0.001975886058062315,0.0018818152602761984,0.0016776692355051637,0.0014363627415150404,0.0011712171835824847,0.0008022314868867397,0.00042184634367004037,0.0001363116316497326,0.0,0.0,0.0,0.0,0.00016953892190940678,0.00048140331637114286,0.0007858265889808536,0.0009744353592395782,0.0010835997527465224,0.0011448414297774434,0.0011622115271165967,0.001112109050154686,0.0009919082513079047,0.0008848692523315549,0.0007684881566092372,0.0006559118046425283,0.0005315258749760687,0.0003463731554802507,0.0001551172463223338,0.0,0.0,0.0,0.0,0.0,0.0,0.0,0.0,0.0,0.0,0.0,0.0,1.854486981756054e-05,7.802768959663808e-05,0.0,0.0,0.0,0.0,0.0
2025-12-05T10:28:57.287551,1764930537.2875512,0.0006915688281878829,0.0006944709457457066,0.0007196451770141721,0.0007237232057377696,0.000730044674128294,0.0009620204800739884,0.0011951708002015948,0.0014402038650587201,0.0016662278212606907,0.0018839181866496801,0.0020913395565003157,0.002430868800729513,0.0029268208891153336,0.0035709163639694452,0.004124252125620842,0.004431101027876139,0.004481667652726173,0.0045268046669662,0.0047476147301495075,0.005199199542403221,0.005875551141798496,0.00665812473744154,0.007342644035816193,0.00777337746694684,0.007823308929800987,0.00754950987175107,0.00715385377407074,0.006954027805477381,0.007162570953369141,0.007606985047459602,0.007923432625830173,0.00787357334047556,0.007401019334793091,0.006973543204367161,0.006992551498115063,0.007399081718176603,0.008072365075349808,0.008570521138608456,0.008623258210718632,0.008359573781490326,0.007915250025689602,0.007331699598580599,0.007022283971309662,0.007273596711456776,0.007765809074044228,0.008258548565208912,0.008744444698095322,0.00922749750316143,0.00954456627368927,0.0094689866527915,0.009134231135249138,0.00865275226533413,0.008287250995635986,0.008073298260569572,0.007943416014313698,0.007911885157227516,0.007855040021240711,0.007990549318492413,0.008071783930063248,0.007902359589934349,0.0074678100645542145,0.0069271898828446865,0.006160391494631767,0.00548012088984251,0.004877675324678421,0.004297366365790367,0.0038397256284952164,0.0036321852821856737,0.0037257967051118612,0.003883629571646452,0.004154421389102936,0.004257805645465851,0.004277681466192007,0.004060877021402121,0.003766600973904133,0.0034547161776572466,0.0028659948147833347,0.0022782040759921074,0.0018238613847643137,0.0013091563014313579,0.0011539969127625227,0.0011293787974864244,0.0011492797639220953,0.001009649015031755,0.0008627123315818608,0.000746442296076566,0.0008085810695774853,0.0009773148922249675,0.0013868296518921852,0.0017386869294568896,0.002029580529779196,0.002152136294171214,0.0021144829224795103,0.001968412660062313,0.0016721375286579132,0.001443643239326775,0.00115871150046587,0.0008994205854833126,0.0006832443759776652,0.00046675076009705663,0.00034035759745165706,0.0002982182486448437,0.0003208087000530213,0.00037312484346330166,0.00035447411937639117,0.000355677620973438,0.00039994472172111273,0.000502269365824759,0.0006485907942987978,0.0007775824051350355,0.0009057368151843548,0.0009919763542711735,0.000982322613708675,0.0008428533328697085,0.0006395288510248065,0.0004403812054079026,0.00019664267892949283,0.0,0.0,0.0,0.0,0.0,0.0,0.0,0.0,0.0,0.0,0.0,6.969180685700849e-05,0.00017757918976712972,0.00023299036547541618,0.0,0.0,0.0,0.0
2025-12-05T10:28:58.955638,1764930538.9556377,0.000750951818190515,0.0008715089061297476,0.0009525979403406382,0.0009971893159672618,0.0010320516303181648,0.0010868448298424482,0.0011547715403139591,0.001366620883345604,0.0017396560870110989,0.0022309732157737017,0.0025804010219872,0.0027437300886958838,0.0029383222572505474,0.0034395114053040743,0.004080391023308039,0.004577996674925089,0.004764173179864883,0.004815307445824146,0.00489811273291707,0.0052258772775530815,0.005875945091247559,0.006758328061550856,0.0075654080137610435,0.007973657920956612,0.007793943863362074,0.007370012812316418,0.007178119383752346,0.007476170547306538,0.008016793988645077,0.008376319892704487,0.008297904394567013,0.00785406120121479,0.0072150821797549725,0.006727613043040037,0.006553190294653177,0.006911353673785925,0.007500763516873121,0.00812527071684599,0.008450131863355637,0.008371219970285892,0.008319282904267311,0.008115341886878014,0.007903913035988808,0.007801094092428684,0.007882270030677319,0.008006788790225983,0.008237008936703205,0.008351536467671394,0.008290590718388557,0.008421041071414948,0.008458923548460007,0.008427067659795284,0.008441299200057983,0.008464464917778969,0.008607392199337482,0.008602031506597996,0.008353385142982006,0.008054783567786217,0.007638865150511265,0.007105856202542782,0.006562571972608566,0.006136498413980007,0.006079597398638725,0.005982632748782635,0.00598106300458312,0.005733130034059286,0.005308218766003847,0.00477903475984931,0.0042883106507360935,0.003647919511422515,0.0030603359919041395,0.0028146307449787855,0.0027017947286367416,0.0027589560486376286,0.0028728789184242487,0.002858239458873868,0.002852201694622636,0.003212561132386327,0.003127270145341754,0.0027667901013046503,0.002683403203263879,0.002156728645786643,0.0018057774286717176,0.001159745967015624,0.0007225702865980566,0.0005399557994678617,0.0004553845210466534,0.0004628684837371111,0.0004666515451390296,0.0006150184199213982,0.0007974575855769217,0.0009938357397913933,0.0011928087333217263,0.001322804600931704,0.001385212759487331,0.0015049803769215941,0.0014954321086406708,0.0014218532014638186,0.001318180002272129,0.0012083847541362047,0.0010407310910522938,0.0009013331145979464,0.0008768104598857462,0.00077064149081707,0.0007120615337044001,0.0006339423707686365,0.0005330906133167446,0.00042032371857203543,0.00031661195680499077,0.00028212301549501717,0.0003257148200646043,0.00040080311009660363,0.0004503509262576699,0.0004630260227713734,0.00043818476842716336,0.00040628050919622183,0.0003068723890464753,0.00018702144734561443,0.0,0.0,0.0,0.0,0.0,0.0,0.0,0.0,0.0,1.820973375288304e-05,0.00015798676759004593,0.0002870511671062559,0.0003288392908871174,0.00032501123496331275,0.0002748294791672379,0.00024930405197665095,0.00020061850955244154
2025-12-05T10:29:00.622660,1764930540.62266,0.0010551492450758815,0.001011460437439382,0.0009840186685323715,0.0009143891511484981,0.0008162979502230883,0.0009522638865746558,0.0011648045619949698,0.001519706565886736,0.0018254956230521202,0.00207027536816895,0.0022328465711325407,0.0024538713041692972,0.002806122647598386,0.0033727516420185566,0.0038986948784440756,0.004283343441784382,0.004487248137593269,0.004754094406962395,0.0051412926986813545,0.005544178653508425,0.00597423268482089,0.006437774281948805,0.006954255513846874,0.007546646054834127,0.007977182976901531,0.008069430477917194,0.007901906967163086,0.007691543083637953,0.00762995146214962,0.007642522919923067,0.007556160446256399,0.007359127979725599,0.007212137337774038,0.0072112008929252625,0.007226976566016674,0.007388839963823557,0.007578330580145121,0.007763139437884092,0.007859230041503906,0.007905990816652775,0.008102871477603912,0.008331921882927418,0.008522487245500088,0.008708588778972626,0.008840358816087246,0.00879006739705801,0.008836569264531136,0.008668106980621815,0.008391529321670532,0.008270583115518093,0.008188574574887753,0.00803095381706953,0.007989156991243362,0.008021167479455471,0.008175207301974297,0.00831642933189869,0.008383679203689098,0.008381481282413006,0.00812560599297285,0.007653169799596071,0.007136174943298101,0.0066695925779640675,0.005967934615910053,0.005669669713824987,0.005585405509918928,0.005464422050863504,0.0055785756558179855,0.005636284593492746,0.005408414173871279,0.004934254568070173,0.004207286052405834,0.003418111242353916,0.002630042377859354,0.001993640558794141,0.0015383028658106923,0.0014678087318316102,0.001620010007172823,0.0018292738823220134,0.0022908607497811317,0.0025416866410523653,0.0023888633586466312,0.0022111255675554276,0.002090557012706995,0.001955263549461961,0.0017881655367091298,0.0015964426565915346,0.001577371614985168,0.0015419845003634691,0.0015823402209207416,0.0015364292776212096,0.0014643173199146986,0.0013409650418907404,0.0010861774208024144,0.0009669821010902524,0.0007250134367495775,0.0007217220263555646,0.0006369653856381774,0.0006226081168279052,0.0005678446032106876,0.000561657128855586,0.0004960590740665793,0.0004817413573618978,0.0004828962846659124,0.0005509243928827345,0.000563693349249661,0.0005828997236676514,0.0006230460712686181,0.000661189085803926,0.0006729975575581193,0.0006395061500370502,0.0005676364526152611,0.00045899886754341424,0.0002868374576792121,0.00012923404574394226,5.3234005463309586e-05,1.5186235032160766e-05,2.5746745450305752e-05,3.767820817301981e-05,2.0012152162962593e-05,0.0,0.0,0.0,0.0,0.0,0.0,3.530113826855086e-05,0.00010034117440227419,0.00013506959658116102,0.00011545811139512807,0.0001297894777962938,0.00010239133553113788,9.071882959688082e-05,3.98827760363929e-05,0.0,0.0
2025-12-05T10:29:02.290576,1764930542.2905762,0.0006877799751237035,0.0006224359967745841,0.0006557116867043078,0.0007576478528790176,0.0008892811019904912,0.0011275550350546837,0.0013302958104759455,0.0015633516013622284,0.001720300642773509,0.0018699525389820337,0.002161780372262001,0.002637321362271905,0.0032214794773608446,0.003920138347893953,0.004505590535700321,0.004810951184481382,0.004792405758053064,0.004685935564339161,0.004790008068084717,0.005199518986046314,0.005930379033088684,0.00672687916085124,0.007398877292871475,0.007863742299377918,0.00808576587587595,0.00817011296749115,0.008128700777888298,0.00788748450577259,0.007501974701881409,0.007235754281282425,0.0072448947466909885,0.007512071635574102,0.0077327825129032135,0.007821624167263508,0.007924631237983704,0.008033650927245617,0.00804093386977911,0.007964651100337505,0.007979853078722954,0.008084832690656185,0.008372487500309944,0.008526565507054329,0.008648947812616825,0.00878001470118761,0.008790867403149605,0.00852157361805439,0.008397454395890236,0.008431895636022091,0.00857917033135891,0.008625377900898457,0.008500124327838421,0.008274662308394909,0.008191661909222603,0.008327760733664036,0.00857456773519516,0.008735056966543198,0.008635010570287704,0.008404037915170193,0.007962935604155064,0.007421147543936968,0.006992365699261427,0.006657981313765049,0.006140659563243389,0.0057938070967793465,0.005613447166979313,0.0052659111097455025,0.005185209214687347,0.00503445602953434,0.004715803544968367,0.004359061364084482,0.0039405012503266335,0.0035402884241193533,0.0032457965426146984,0.0029667725320905447,0.002766140503808856,0.0026362999342381954,0.0026086634024977684,0.0025047240778803825,0.002240811474621296,0.002041703322902322,0.0014917991356924176,0.001197037287056446,0.0013252331409603357,0.0016083031659945846,0.0018191561102867126,0.0018097718711942434,0.0018041521543636918,0.001529069384559989,0.001256004674360156,0.001055062748491764,0.0010083165252581239,0.0011637024581432343,0.0013104182435199618,0.0014850026927888393,0.0014291401021182537,0.0012480588629841805,0.0010519815841689706,0.0008478178060613573,0.0006666958797723055,0.0005887664738111198,0.0005748327821493149,0.0006516791763715446,0.0008094583172351122,0.0009274242911487818,0.0008473314228467643,0.0006713065085932612,0.0004304397152736783,0.0002274629077874124,0.00011244424240430817,0.00011242473556194454,0.00023605060414411128,0.0003964450443163514,0.0004959276411682367,0.0004968845751136541,0.00046048074727877975,0.0004445672093424946,0.000434543180745095,0.0002656390715856105,9.23079060157761e-05,0.0,0.0,0.0,0.0,0.0,0.0,4.9040299927582964e-06,0.0,1.4033375009603333e-05,8.362912922166288e-05,4.852986239711754e-05,2.0189407223369926e-05,2.4621769625809975e-05,7.454800652340055e-05,0.00010842129995580763,0.00013609943562187254
2025-12-05T10:29:03.960917,1764930543.9609172,0.0016592040192335844,0.0015153344720602036,0.001361011411063373,0.0012034120736643672,0.0009190560085698962,0.0007248648325912654,0.0006066049681976438,0.0007216368685476482,0.0011378295021131635,0.0016878250753507018,0.002299264306202531,0.00293006026186049,0.0034838116262108088,0.0038075277116149664,0.003981736488640308,0.004199028015136719,0.004618335049599409,0.005075583700090647,0.005483690183609724,0.005695808678865433,0.005869174841791391,0.006258204113692045,0.0069434442557394505,0.007675033062696457,0.008115739561617374,0.00821482203900814,0.007962455041706562,0.007616607937961817,0.00730467215180397,0.007139100227504969,0.007113564293831587,0.0071266270242631435,0.007050999905914068,0.007084277458488941,0.007395297754555941,0.0078629394993186,0.008349022828042507,0.008451458066701889,0.008320294320583344,0.008221441879868507,0.008014404214918613,0.007783427368849516,0.007854560390114784,0.008326645940542221,0.008826866745948792,0.008935239166021347,0.00894551444798708,0.008812553249299526,0.00852889847010374,0.008117018267512321,0.007737358100712299,0.007504171226173639,0.007624172139912844,0.008111254312098026,0.00859937071800232,0.009026702493429184,0.009210804477334023,0.009305587038397789,0.00921676680445671,0.008853346109390259,0.008089129813015461,0.0071396841667592525,0.006016976200044155,0.005134688690304756,0.004469103645533323,0.003941599279642105,0.0034571397118270397,0.003455574857071042,0.003794990247115493,0.004114897921681404,0.004322038497775793,0.004523617681115866,0.0045220619067549706,0.004177541472017765,0.0035145659931004047,0.002887324197217822,0.00198747799731791,0.0014726159861311316,0.0013233521021902561,0.001185642322525382,0.001465668436139822,0.0015426516765728593,0.0017669633962213993,0.0015688628191128373,0.001731034484691918,0.0021465602330863476,0.0025032523553818464,0.002810052130371332,0.002865713322535157,0.002471460262313485,0.0017793260049074888,0.0009363603312522173,0.00026087911101058125,0.0,0.0,0.0,0.00018574086425360292,0.0003575317095965147,0.00042976890108548105,0.000378982862457633,0.00026418903144076467,0.00031259286333806813,0.0006254620966501534,0.0008281736518256366,0.0010785211343318224,0.0012994949938729405,0.0014549428597092628,0.0015020217979326844,0.0014422601088881493,0.0012547150254249573,0.0009588047978468239,0.0006286251009441912,0.00029740729951299727,1.6383271940867417e-05,0.0,0.0,0.0,0.0,2.4570546884206124e-05,2.8363407182041556e-05,0.0,0.0,7.180136162787676e-05,0.00021399828256107867,0.0003182943328283727,0.00040352961514145136,0.00045061722630634904,0.0005070592160336673,0.0005789592978544533,0.0005907395388931036,0.0005079819238744676,0.0003448408970143646,0.00023702578619122505,9.253862663172185e-05,0.0
2025-12-05T10:29:05.628124,1764930545.6281238,0.0,0.0,0.00010862240742426366,0.0003711481695063412,0.0007879038457758725,0.00131944939494133,0.0018834508955478668,0.0022984358947724104,0.002507873112335801,0.002473969478160143,0.0023035723716020584,0.0022821302991360426,0.0024571549147367477,0.00284019997343421,0.0032327494118362665,0.0036852960474789143,0.004221918061375618,0.0048845564015209675,0.005470422096550465,0.005852076690644026,0.006194311659783125,0.006704990286380053,0.00744432769715786,0.008182241581380367,0.00858429167419672,0.008537312969565392,0.008232940919697285,0.00797718670219183,0.007956763729453087,0.008052314631640911,0.008076142519712448,0.007926488295197487,0.007685257587581873,0.007504149805754423,0.007297951262444258,0.007285768631845713,0.007486128248274326,0.00789942592382431,0.00817048642784357,0.00830134842544794,0.008472934365272522,0.008483024314045906,0.008311722427606583,0.008047419600188732,0.007972389459609985,0.00822474155575037,0.008606184273958206,0.008890217170119286,0.009202332235872746,0.009563611820340157,0.009592223912477493,0.009257996454834938,0.008768947795033455,0.008361706510186195,0.00806657038629055,0.007934421300888062,0.007775615900754929,0.007758136373013258,0.0076955221593379974,0.007532116025686264,0.007245124317705631,0.006898957770317793,0.006596567574888468,0.006383729632943869,0.006369248032569885,0.006065597292035818,0.005903656128793955,0.005420845467597246,0.004644917789846659,0.0037947064265608788,0.002948677632957697,0.002567877294495702,0.0023572039790451527,0.002395416609942913,0.002380965743213892,0.002817417262122035,0.0033572493121027946,0.003707215189933777,0.003838219912722707,0.0038061472587287426,0.0035598899703472853,0.002880317624658346,0.00258281035348773,0.0019350990187376738,0.0011651776731014252,0.0004758969589602202,0.0,0.0,0.0,0.00022513658041134477,0.0008226560312323272,0.0013157303910702467,0.0015202931826934218,0.0016015286091715097,0.001382780377753079,0.001133342389948666,0.0009397026733495295,0.0009286639397032559,0.00107877841219306,0.0013219582615420222,0.0013941876823082566,0.0013119035866111517,0.0011211856035515666,0.0007917055045254529,0.0004245248273946345,0.0001319989241892472,1.7684138583717868e-05,0.00010547704005148262,0.00034094846341758966,0.0005279846373014152,0.0006346371374092996,0.0006564087234437466,0.0005895719514228404,0.0005247303633950651,0.0003561312041711062,4.0356670069741085e-05,0.0,0.0,0.0,0.0,0.0,0.0,0.0,0.0,2.4289931388921104e-05,0.00010903422662522644,0.00017840972577687353,0.00022025297221262008,0.00020390866848174483,9.554630378261209e-05,0.0,0.0,0.0,0.0,0.0
2025-12-05T10:29:07.295197,1764930547.2951968,0.0010584201663732529,0.0010789160151034594,0.0011235265992581844,0.0011610697256401181,0.0011501270346343517,0.0012622684007510543,0.0012979148887097836,0.001435405807569623,0.0016757926205173135,0.00197618012316525,0.002448790008202195,0.003003467572852969,0.0035027272533625364,0.0037918323650956154,0.003979562781751156,0.004221106413751841,0.004503344651311636,0.00486735999584198,0.005336461588740349,0.005854894872754812,0.00649661710485816,0.007126083597540855,0.007631970569491386,0.00799232255667448,0.00817947369068861,0.0082251550629735,0.008198214694857597,0.008113881573081017,0.007991977967321873,0.007803456857800484,0.0075216698460280895,0.007282208651304245,0.007308505475521088,0.0075821648351848125,0.007912606932222843,0.00821550004184246,0.008235652931034565,0.008031332865357399,0.007797002326697111,0.007895001210272312,0.008118730038404465,0.008318323642015457,0.00856690015643835,0.008895591832697392,0.009064290672540665,0.00893497932702303,0.008791821077466011,0.008662201464176178,0.008566702716052532,0.008579347282648087,0.008537407033145428,0.008475087583065033,0.008552944287657738,0.008841601200401783,0.008986263535916805,0.008982809260487556,0.008666983805596828,0.008227457292377949,0.007875855080783367,0.007498590275645256,0.007122962735593319,0.006874008569866419,0.006452889181673527,0.006251419894397259,0.006119310390204191,0.0057197748683393,0.0055045150220394135,0.0051770745776593685,0.0047249505296349525,0.004355752840638161,0.003874924499541521,0.0034839739091694355,0.0033020887058228254,0.003232932183891535,0.0031884252093732357,0.0026941229589283466,0.00262840511277318,0.0025008597876876593,0.0023046124260872602,0.0021878306288272142,0.00201014569029212,0.0016521565848961473,0.001368433702737093,0.0010817236034199595,0.0010857457527890801,0.0011201382149010897,0.0015320987440645695,0.0018378356471657753,0.0018725828267633915,0.001674940693192184,0.0014878548681735992,0.0014083362184464931,0.0014886754797771573,0.0015869750641286373,0.00161863979883492,0.0016541375080123544,0.001485513406805694,0.0012028113706037402,0.000882189255207777,0.0005505712470039725,0.0003064951451960951,0.0001957485219463706,0.00024267617845907807,0.000277745071798563,0.00034483670606277883,0.00040210699080489576,0.0004355407727416605,0.0004637845268007368,0.0004634662764146924,0.000575878715608269,0.0008046975708566606,0.0010757771087810397,0.0012177304597571492,0.0011737236054614186,0.001037244568578899,0.0008761201170273125,0.0006318157538771629,0.00035950433812104166,0.00011562948202481493,0.0,0.0,0.0,0.0,0.0,2.9585014999611303e-05,8.801598596619442e-05,0.0001471860014135018,0.0001404889189871028,7.716285472270101e-05,0.0,0.0,0.0,0.0,0.0,0.0
2025-12-05T10:29:08.961137,1764930548.9611366,0.0014147732872515917,0.0014225150225684047,0.0014576558023691177,0.0015003359876573086,0.0014353246660903096,0.0012943074107170105,0.0009959787130355835,0.0008527684840373695,0.0008849427103996277,0.00126066233497113,0.0019903848879039288,0.0027979412116110325,0.0035003479570150375,0.0037758375983685255,0.003737779101356864,0.0037380929570645094,0.0040768105536699295,0.004745722282677889,0.00556958420202136,0.006250586360692978,0.006837697234004736,0.0072802393697202206,0.0075957803055644035,0.007881879806518555,0.00808660127222538,0.008171061985194683,0.008099534548819065,0.007894017733633518,0.0077192760072648525,0.007688100915402174,0.007748942356556654,0.007861271500587463,0.008011998608708382,0.008151665329933167,0.008238003589212894,0.008387519046664238,0.008276421576738358,0.008069938980042934,0.007907065562903881,0.007957802154123783,0.00814649648964405,0.008339435793459415,0.008782682940363884,0.009156080894172192,0.009305632673203945,0.00922455731779337,0.009016127325594425,0.008818195201456547,0.008656845428049564,0.008516124449670315,0.008603287860751152,0.008759452030062675,0.008937852457165718,0.009228968992829323,0.00937956664711237,0.009358720853924751,0.00910552404820919,0.008832689374685287,0.008472559042274952,0.008004967123270035,0.007332745939493179,0.006679551210254431,0.005805926863104105,0.00518050929531455,0.004841373767703772,0.004634023178368807,0.004637603182345629,0.004931042902171612,0.005319144576787949,0.00538629898801446,0.0051035466603934765,0.00466258404776454,0.004051803145557642,0.003405921394005418,0.0027029167395085096,0.002164507517591119,0.002026839181780815,0.0016823475016281009,0.0018208245746791363,0.00178530253469944,0.0020325786899775267,0.0022077232133597136,0.0025219875387847424,0.0024744935799390078,0.0022306886967271566,0.002005355665460229,0.0015749110607430339,0.0013925314415246248,0.0013554161414504051,0.0013383806217461824,0.0012724949046969414,0.0010384207125753164,0.0006911923992447555,0.00043118384201079607,0.00028229819145053625,0.0003172291035298258,0.0005265885265544057,0.0008731828420422971,0.0012302035465836525,0.0014626587508246303,0.0015441395808011293,0.0014809166314080358,0.0013453923165798187,0.001213418785482645,0.001022745855152607,0.000852334953378886,0.00075607153121382,0.0007379360613413155,0.000762482697609812,0.0007234063814394176,0.0005594276008196175,0.0002763666561804712,0.0,0.0,0.0,0.0,0.0,0.0,0.0,0.00010806666978169233,0.0003029927611351013,0.0004132435715291649,0.0004874700971413404,0.0005401188391260803,0.0005149419303052127,0.00037764880107715726,0.00016764624160714447,0.0,0.0,0.0,0.0,0.0,0.0,0.0,0.0
2025-12-05T10:29:10.627331,1764930550.627331,0.0011425913544371724,0.001119753229431808,0.0011273506097495556,0.0011649549705907702,0.0012088719522580504,0.00129940256010741,0.0013610152527689934,0.0015256275655701756,0.0016240773256868124,0.0017234123079106212,0.0019349214853718877,0.002384117105975747,0.0029597149696201086,0.0035471036098897457,0.004004394635558128,0.004313768818974495,0.00453284801915288,0.004759449046105146,0.005236410535871983,0.005889843683689833,0.006600268185138702,0.007188417948782444,0.007607199717313051,0.00797643605619669,0.008313922211527824,0.008574177511036396,0.008636287413537502,0.00847862008959055,0.008123617619276047,0.007692280691117048,0.007352692540735006,0.007239263039082289,0.0075026946142315865,0.00787559524178505,0.008076119236648083,0.008329651318490505,0.008500425145030022,0.008535919710993767,0.008358036167919636,0.008330965414643288,0.008287782780826092,0.008186609484255314,0.008334420621395111,0.008604572154581547,0.008889065124094486,0.00904343742877245,0.009199060499668121,0.00913420133292675,0.008887605741620064,0.008747405372560024,0.008653677068650723,0.008666586130857468,0.008726558648049831,0.009093629196286201,0.00938266608864069,0.009543794207274914,0.009330296888947487,0.008714349940419197,0.00799194909632206,0.007272044196724892,0.006781555712223053,0.0065877786837518215,0.006683915853500366,0.006670868955552578,0.0064891912043094635,0.006077699363231659,0.005622049327939749,0.005301596596837044,0.0049406373873353004,0.004506968427449465,0.00391736812889576,0.0033670139964669943,0.0030470022466033697,0.002914344659075141,0.0027698189951479435,0.002664861036464572,0.0025936453603208065,0.0027721207588911057,0.0026414489839226007,0.0023033719044178724,0.0024143343325704336,0.0023354217410087585,0.0021550452802330256,0.0020220845472067595,0.0018315804190933704,0.0016274650115519762,0.0015413605142384768,0.001551588880829513,0.0016757212579250336,0.0016838101437315345,0.0015627186512574553,0.0012356926454231143,0.0008149425848387182,0.0005039836396463215,0.0001847060484578833,9.231656440533698e-05,0.00022339379938784987,0.0005001657409593463,0.0008529566111974418,0.0011435268679633737,0.0013407988008111715,0.0014118085382506251,0.0013765562325716019,0.0012639275519177318,0.0010645771399140358,0.0008942674612626433,0.000785346026532352,0.0007468689000234008,0.0007535484619438648,0.0007163327536545694,0.0006153391441330314,0.0004194585490040481,0.00017347435641568154,0.0,0.0,0.0,0.0,0.0,0.0,0.0,0.0,0.0,0.00014302384806796908,0.00027182663325220346,0.0003213212185073644,0.0002896450168918818,0.00022461342450696975,0.0001875900779850781,0.00017003082029987127,0.00020002525707241148,0.0001746566267684102,1.4804528291278984e-05,0.0,0.0,0.0
2025-12-05T10:29:12.294833,1764930552.2948334,0.0,0.0,7.46098521631211e-05,0.00022254191571846604,0.0005053660133853555,0.0010549882426857948,0.0016331386286765337,0.0020451091695576906,0.0023231222294270992,0.002304682508111,0.002233873587101698,0.002500088419765234,0.0029947308357805014,0.0035122630652040243,0.003862633602693677,0.004126968793570995,0.004532838240265846,0.005041478667408228,0.005573163274675608,0.0059079197235405445,0.006122318562120199,0.0065522450022399426,0.0074002379551529884,0.008474227972328663,0.009178521111607552,0.009174453094601631,0.008627542294561863,0.008058050647377968,0.007910485379397869,0.008156292140483856,0.008426683023571968,0.008410417474806309,0.008030101656913757,0.007513985503464937,0.007224800530821085,0.007576235570013523,0.008258482441306114,0.008852156810462475,0.009333212859928608,0.009454458020627499,0.009156028740108013,0.008556902408599854,0.008182681165635586,0.00818159431219101,0.00846855714917183,0.008896654471755028,0.009452070109546185,0.009958646260201931,0.010256496258080006,0.010239399038255215,0.009818671271204948,0.00913301669061184,0.008614787831902504,0.008272171020507812,0.008105503395199776,0.008057942613959312,0.007975941523909569,0.008079270832240582,0.008300316520035267,0.008339794352650642,0.008216948248445988,0.007995120249688625,0.007573381997644901,0.007165511604398489,0.006676236167550087,0.006019781809300184,0.00518874591216445,0.004535408224910498,0.004018132109194994,0.0036759725771844387,0.003679662710055709,0.003733773250132799,0.003950208425521851,0.004074352327734232,0.004063496366143227,0.003747133770957589,0.0036757865455001593,0.0031714877113699913,0.002525951247662306,0.0021306704729795456,0.0016548801213502884,0.0015549954259768128,0.0014826429542154074,0.0014848433202132583,0.0013157184002920985,0.001150482683442533,0.0010819131275638938,0.0013141657691448927,0.0018935882253572345,0.002362482715398073,0.002667834982275963,0.0025592718739062548,0.002113180235028267,0.001599879004061222,0.0010322401067242026,0.0006594808655790985,0.0003706502029672265,0.0002489812613930553,0.00019873039855156094,0.00023594450613018125,0.00016842129116412252,0.00016456445155199617,0.00017940509133040905,0.000248325610300526,0.0003088588418904692,0.00044686265755444765,0.0006868632626719773,0.0009864228777587414,0.0012174270814284682,0.00133895396720618,0.0013027924578636885,0.0011164715979248285,0.0008810167200863361,0.0006362247513607144,0.0003959383466280997,0.00019123803940601647,3.5979592212243006e-05,0.0,0.0,0.0,0.0,0.0,0.0,0.0,0.0,0.0,0.0,0.0,0.0,0.0,0.0,0.0,0.0,0.0,0.0
2025-12-05T10:29:13.961766,1764930553.9617662,0.0007533642346970737,0.000820208340883255,0.0009140974725596607,0.0009750626632012427,0.0010726836044341326,0.001313977176323533,0.0014331701677292585,0.0015750001184642315,0.0016656768275424838,0.0017490388127043843,0.002085733227431774,0.0027707386761903763,0.0035468938294798136,0.004224568139761686,0.004618608858436346,0.004813656210899353,0.004770334344357252,0.004799405112862587,0.005029694642871618,0.005581318866461515,0.006516273133456707,0.00754967425018549,0.008282927796244621,0.00859841052442789,0.008627227507531643,0.008694598451256752,0.00885393563657999,0.008953656069934368,0.008828205987811089,0.008473196998238564,0.008134964853525162,0.00801555160433054,0.008182838559150696,0.00853815395385027,0.008796929381787777,0.008913297206163406,0.008827893063426018,0.008598015643656254,0.008472383953630924,0.008519450202584267,0.008813303895294666,0.00915035791695118,0.00950708333402872,0.00966487918049097,0.009665749035775661,0.00945886317640543,0.009008258581161499,0.00862705148756504,0.00847786758095026,0.00863709021359682,0.008907818235456944,0.008965938352048397,0.00890761986374855,0.008936094120144844,0.008991803042590618,0.009018330834805965,0.008896885439753532,0.00859998818486929,0.008185592480003834,0.007578719407320023,0.007027534302324057,0.006621974054723978,0.006372896488755941,0.00621315510943532,0.00629719952121377,0.00615469366312027,0.006020111497491598,0.005868148989975452,0.0056534381583333015,0.005094681400805712,0.004336406476795673,0.00365515798330307,0.0031161638908088207,0.0028048865497112274,0.0024514084216207266,0.002174641704186797,0.0024844317231327295,0.0025825093034654856,0.0025316926185041666,0.0024221583735197783,0.0025540930218994617,0.002353073563426733,0.0025991688016802073,0.002486208686605096,0.002230510814115405,0.001967236865311861,0.0017269421368837357,0.0016538234194740653,0.0016236960655078292,0.0017142766155302525,0.0017617843113839626,0.0016865491634234786,0.0015203928342089057,0.001287174061872065,0.0011087757302448153,0.0010848862584680319,0.001029713312163949,0.001071152975782752,0.0011084298603236675,0.0010716740507632494,0.0010008765384554863,0.000823258189484477,0.0005544942105188966,0.00038454009336419404,0.00025281126727350056,0.00023211637744680047,0.0003719287342391908,0.0006575207225978374,0.0009168554097414017,0.001058362890034914,0.0010961267398670316,0.0009955280693247914,0.0008803982636891305,0.0007448975229635835,0.0006119803292676806,0.00045619020238518715,0.0003209878341294825,0.00024288993154186755,0.00019106459512840956,0.00015564619388896972,0.00012906028132420033,6.12356307101436e-05,0.0,0.0,0.0,0.0,0.0,0.0,0.0,0.0,0.0,0.0,0.0,0.0,0.0
2025-12-05T10:29:15.628439,1764930555.6284392,0.000939445395488292,0.0010486288229003549,0.0011915233917534351,0.001426355680450797,0.0016046034870669246,0.0015594137366861105,0.0013047512620687485,0.0010965133551508188,0.0011106415186077356,0.001482667401432991,0.002360421232879162,0.003348869737237692,0.004173689521849155,0.004588269162923098,0.004700413905084133,0.004700720310211182,0.004682880360633135,0.00482329772785306,0.0052083455957472324,0.005757504608482122,0.0065477085299789906,0.007431319914758205,0.008264384232461452,0.008916604332625866,0.009144855663180351,0.008895291946828365,0.00838205125182867,0.007960809394717216,0.007989250123500824,0.008405683562159538,0.008831837214529514,0.009034059010446072,0.008997632190585136,0.008806820958852768,0.008541966788470745,0.008459413424134254,0.008564615622162819,0.008886448107659817,0.009066755883395672,0.009073817171156406,0.009017440490424633,0.008914574980735779,0.008790064603090286,0.008800224401056767,0.009085851721465588,0.009501506574451923,0.009927869774401188,0.010119744576513767,0.010094264522194862,0.009947584010660648,0.009693036787211895,0.009277857840061188,0.00890967808663845,0.008750596083700657,0.00873597338795662,0.008755091577768326,0.008591852150857449,0.008310779929161072,0.00797359086573124,0.0076975831761956215,0.007479840889573097,0.007446049712598324,0.007527614012360573,0.007282722275704145,0.006889992393553257,0.006420993246138096,0.005714248865842819,0.005017721094191074,0.004376018885523081,0.003863569349050522,0.0034409218933433294,0.003384070936590433,0.0034749547485262156,0.0036267933901399374,0.003524625673890114,0.0034379716962575912,0.003382430411875248,0.003347633872181177,0.0028972397558391094,0.0019847098737955093,0.0018418838735669851,0.0012764707207679749,0.000728616607375443,0.0005415732157416642,0.0006033160607330501,0.0009366520680487156,0.001324881101027131,0.0017908259760588408,0.0021236040629446507,0.002323721069842577,0.0023613180965185165,0.0022791929077357054,0.002053283853456378,0.0018951873062178493,0.001674832426942885,0.0015540230087935925,0.001283939927816391,0.0009585517109371722,0.0006255331682041287,0.0001929606223711744,8.946326124714687e-05,0.0001052589068422094,0.00026602999423630536,0.0005210888921283185,0.0007524634129367769,0.0008957195677794516,0.0009277526405639946,0.0008703250787220895,0.0007882771897129714,0.0007344651385210454,0.0007168105221353471,0.0007461460772901773,0.0007538563804700971,0.0007104032556526363,0.0006140880286693573,0.00046682622632943094,0.00024500853032805026,6.851559737697244e-05,0.0,0.0,0.0,0.0,0.0,0.0,0.0,0.0,5.076632078271359e-05,0.0001837795862229541,0.00030265116947703063,0.000390258792322129,0.00035554214264266193,0.000120473989227321,6.426408799597993e-05,3.260739322286099e-05,4.651716608350398e-06
2025-12-05T10:29:17.295489,1764930557.295489,0.0009017926058731973,0.0008314913138747215,0.0008071536431089044,0.0007980744703672826,0.0008814122411422431,0.0010775545379146934,0.0012857416877523065,0.0015271276934072375,0.0016825689235702157,0.0018157867016270757,0.002048579743131995,0.002502232789993286,0.003168196650221944,0.004029881674796343,0.004673217423260212,0.004901586100459099,0.004899797961115837,0.0050266701728105545,0.005391518119722605,0.005879889242351055,0.006468136329203844,0.007292738184332848,0.00823384989053011,0.008965542539954185,0.009118698537349701,0.008779224939644337,0.008363129571080208,0.00819592084735632,0.008391952142119408,0.008738030679523945,0.008936873637139797,0.008805709891021252,0.008371997624635696,0.007950622588396072,0.007940812036395073,0.00838467851281166,0.008977454155683517,0.009557148441672325,0.009719752706587315,0.009503661654889584,0.008978340774774551,0.008387711830437183,0.008114372380077839,0.00816122442483902,0.008522005751729012,0.009044005535542965,0.009698116220533848,0.010345306247472763,0.010695832781493664,0.010634162463247776,0.010227616876363754,0.009622091427445412,0.008958102203905582,0.008498800918459892,0.008292488753795624,0.008194336667656898,0.008191275410354137,0.008400560356676579,0.008702524937689304,0.008852740749716759,0.008758790791034698,0.008407766930758953,0.007748613134026527,0.006931305397301912,0.006247194018214941,0.005595382768660784,0.005048756487667561,0.004646611865609884,0.0044695427641272545,0.004257746506482363,0.0039280615746974945,0.0038521853275597095,0.0038975405041128397,0.004097795579582453,0.004007695708423853,0.0038893739692866802,0.003788573434576392,0.0032696390990167856,0.002809250494465232,0.002199955517426133,0.001964283175766468,0.0014548706822097301,0.001212014351040125,0.0009547476074658334,0.0007974263862706721,0.0007910823333077133,0.0008918486419133842,0.0012955255806446075,0.001672880258411169,0.0020737808663398027,0.0023717836011201143,0.0024740505032241344,0.0023002782836556435,0.0020351887214928865,0.0017376004252582788,0.001460065133869648,0.0011086713057011366,0.0008191104861907661,0.0006013480015099049,0.0003729630261659622,0.0002945573360193521,0.00024751690216362476,0.0002641644678078592,0.00030608224915340543,0.0004068289417773485,0.000523261958733201,0.0006462233141064644,0.000751935294829309,0.0008294695871882141,0.0008634461555629969,0.000827692449092865,0.0007599499658681452,0.0007221074192784727,0.0006508692167699337,0.0005662573967128992,0.0004118769720662385,0.00021866237511858344,0.00015372294001281261,9.36991345952265e-05,4.788068326888606e-05,1.1329405424476136e-05,0.0,0.0,0.0,0.0,0.0,2.425264574412722e-05,0.00010498479969101027,0.00015582084597554058,0.00016954660532064736,0.0001285196194658056,2.8161590307718143e-05,0.0,0.0,0.0
2025-12-05T10:29:18.963516,1764930558.9635162,0.002190402476117015,0.0020214507821947336,0.0017893094336614013,0.0014856295892968774,0.0011180086294189095,0.0009316348587162793,0.0009097823058255017,0.0010991903254762292,0.0015052513917908072,0.0019557178020477295,0.002501044189557433,0.0031733857467770576,0.00381153984926641,0.004242041613906622,0.004520324524492025,0.004700265359133482,0.00485507445409894,0.005044191610068083,0.005402169656008482,0.005920363590121269,0.006517626345157623,0.007210263982415199,0.007949489168822765,0.008608035743236542,0.00894233863800764,0.008924858644604683,0.008687587454915047,0.008447038009762764,0.00831221416592598,0.008367398753762245,0.008593006990849972,0.008956433273851871,0.009262890554964542,0.009207518771290779,0.008893750607967377,0.008599398657679558,0.008481201715767384,0.008622868917882442,0.00900227576494217,0.009344174526631832,0.009484237991273403,0.00935133546590805,0.009085338562726974,0.008770482614636421,0.008730301633477211,0.008781562559306622,0.008984535001218319,0.009314225986599922,0.009536322206258774,0.009526247158646584,0.009478708729147911,0.009503613226115704,0.009643351659178734,0.009906630031764507,0.010013307444751263,0.009929412044584751,0.009521380998194218,0.0089667784050107,0.008360004983842373,0.007772998884320259,0.007366570644080639,0.007084457203745842,0.006811501458287239,0.0066784643568098545,0.0065574003383517265,0.006191766355186701,0.0057442160323262215,0.005229402799159288,0.004802211653441191,0.0042549725621938705,0.0036617626901715994,0.003303532488644123,0.0032362802885472775,0.00330263189971447,0.0033073180820792913,0.0036543323658406734,0.0038273464888334274,0.0038469196297228336,0.0035288019571453333,0.0032570085022598505,0.002591157564893365,0.002253912389278412,0.0019233881030231714,0.0015065423212945461,0.0012611091369763017,0.0009442740119993687,0.001130389398895204,0.001279714284464717,0.0014132619835436344,0.0015010136412456632,0.001441699219867587,0.0013206173898652196,0.0011249113595113158,0.0010954507160931826,0.0012416131794452667,0.001531226676888764,0.0016802472528070211,0.0017172509105876088,0.0016151450108736753,0.001414565835148096,0.0010678214021027088,0.0007957403431646526,0.0006471881060861051,0.000620360835455358,0.0006346358568407595,0.0007264289888553321,0.000857451930642128,0.0009670689469203353,0.0010083961533382535,0.0010147467255592346,0.000927547924220562,0.0007369870436377823,0.00047182125854305923,0.00027311197482049465,0.00017901901446748525,0.0001408689422532916,0.00017232047684956342,0.000287213217234239,0.0004867656098213047,0.0006849639466963708,0.0007863103528507054,0.0007235054508782923,0.0005656961002387106,0.0003989276592619717,0.00017629584181122482,0.0,0.0,0.0,0.0,0.0,0.0,0.0,0.0,1.8185397493653e-05,0.00023295618302654475
2025-12-05T10:29:20.633642,1764930560.6336417,0.0006989861722104251,0.0007588080479763448,0.0008100242121145129,0.0007804105989634991,0.0007461638888344169,0.0008842381066642702,0.0010818802984431386,0.0013563592219725251,0.0017222093883901834,0.0021226524841040373,0.0024718486238271,0.0028275426011532545,0.003206521738320589,0.003559027798473835,0.0038739016745239496,0.004226508550345898,0.004570373333990574,0.00509681785479188,0.0057074883952736855,0.00626842025667429,0.006813036277890205,0.007397495675832033,0.007984562776982784,0.00853445939719677,0.008943356573581696,0.009201904758810997,0.009249519556760788,0.009143498726189137,0.008825334720313549,0.008305737748742104,0.00768677145242691,0.007212587632238865,0.007194090634584427,0.00767086585983634,0.00833576824516058,0.009232074953615665,0.009711897931993008,0.009639576077461243,0.009407946839928627,0.009193191304802895,0.009187232702970505,0.009159049950540066,0.009229066781699657,0.009326756000518799,0.009401503019034863,0.009274601936340332,0.009123752824962139,0.009037315845489502,0.009151178412139416,0.009268027730286121,0.009200883097946644,0.009021980687975883,0.008933927863836288,0.009200933389365673,0.009494745172560215,0.009581458754837513,0.009498819708824158,0.009404459968209267,0.009245619177818298,0.009002973325550556,0.008704445324838161,0.008229670114815235,0.007256872020661831,0.006435685325413942,0.005898777861148119,0.005276466719806194,0.004970576614141464,0.004879569634795189,0.004959156736731529,0.004902218468487263,0.0047921850346028805,0.004566425923258066,0.004265202209353447,0.0038998648524284363,0.0033430750481784344,0.0032928017899394035,0.0029883154202252626,0.0026207417249679565,0.0026211559306830168,0.002720368793234229,0.0025471907574683428,0.0025130053982138634,0.00273129902780056,0.0022399448789656162,0.0017937020165845752,0.0015763359842821956,0.0014685890637338161,0.0014755392912775278,0.0017157185357064009,0.0019516230095177889,0.002083573257550597,0.0019872458651661873,0.0017645856132730842,0.0015737178036943078,0.001435086247511208,0.0013563181273639202,0.001212720642797649,0.0010265558958053589,0.0008134816307574511,0.0006551840342581272,0.00039112745434977114,0.00028997883782722056,0.00043214065954089165,0.0005007126019336283,0.0006510158418677747,0.0008391650044359267,0.001020996947772801,0.0011708969250321388,0.0013315678806975484,0.0013943336671218276,0.0013514733873307705,0.0012078337604179978,0.0009887489723041654,0.0008137968252412975,0.0006358003593049943,0.000400191085645929,0.00014077115338295698,0.0,0.0,0.0,0.0,0.0,0.0,0.0,0.0,0.0,0.0,0.0,0.0,9.749196033226326e-05,0.00020333896100055426,0.00018517619173508137,0.00012201075878692791,7.446868403349072e-05,2.548686825321056e-05
2025-12-05T10:29:22.306444,1764930562.3064444,0.0014695998979732394,0.0012703938409686089,0.0011227249633520842,0.000991644337773323,0.0008261352777481079,0.0007866843370720744,0.0008044966380111873,0.0009822582360357046,0.0013185199350118637,0.0016751643270254135,0.0022849186789244413,0.0031205930281430483,0.003945629112422466,0.004519436042755842,0.0048339455388486385,0.00496762664988637,0.0049559879116714,0.0049997917376458645,0.005211942363530397,0.005691608879715204,0.006488008890300989,0.007419407367706299,0.008185097947716713,0.008613920770585537,0.008672329597175121,0.008556945249438286,0.008435352705419064,0.008369768969714642,0.008463741280138493,0.008700628764927387,0.00888753216713667,0.00887695886194706,0.008602796122431755,0.008417940698564053,0.008435596711933613,0.008627098053693771,0.00881141796708107,0.008848057128489017,0.008753104135394096,0.00856763031333685,0.008574903942644596,0.008688759990036488,0.009028825908899307,0.009481512010097504,0.009846951812505722,0.009882297366857529,0.009977331385016441,0.009972484782338142,0.009794843383133411,0.009706412442028522,0.009682176634669304,0.009571867063641548,0.009431551210582256,0.00935715064406395,0.009336588904261589,0.009330122731626034,0.009118679910898209,0.008891304023563862,0.008526165969669819,0.008025912567973137,0.007683891803026199,0.007374839391559362,0.006862051319330931,0.006655468139797449,0.006549948360770941,0.006211743224412203,0.0059179444797337055,0.005673968233168125,0.005314255598932505,0.004819281864911318,0.004321509972214699,0.0040388526394963264,0.003857656614854932,0.0036804426927119493,0.003522508544847369,0.0034455261193215847,0.0034923143684864044,0.0031571134459227324,0.0028092742431908846,0.0025092316791415215,0.0020050813909620047,0.0015362714184448123,0.0012339022941887379,0.001142401248216629,0.0011926174629479647,0.001341304392553866,0.0016571726882830262,0.0018440723652020097,0.0019795021507889032,0.0019468609243631363,0.0018297901842743158,0.0017426098929718137,0.0016458093887194991,0.001686731819063425,0.001652692211791873,0.0016555852489545941,0.0015060424339026213,0.0012906079646199942,0.0010381569154560566,0.0007331380038522184,0.000547450443264097,0.00045069499174132943,0.0005195227568037808,0.000629468762781471,0.0007339463336393237,0.0008326763636432588,0.0008905167924240232,0.0008715541334822774,0.000813131860923022,0.0007704766467213631,0.0006865771138109267,0.0005491259507834911,0.00036087000626139343,0.0002474181237630546,0.00019073914154432714,0.00016977293125819415,0.00019451025582384318,0.000229461511480622,0.0002714793081395328,0.0002878186060115695,0.00025475153233855963,0.00016995567420963198,0.00010003444913309067,9.18005098355934e-05,7.545858534285799e-05,1.5679335774620995e-05,0.0,0.0,0.0,0.00016296931426040828,0.00023914109624456614,0.0,1.5227351468638517e-05,1.5480820366065018e-05,0.0
2025-12-05T10:29:23.972981,1764930563.9729812,0.0016922368668019772,0.0015850014751777053,0.0014747442910447717,0.0013549568830057979,0.0011523773428052664,0.0010050968267023563,0.000934749492444098,0.0010628905147314072,0.0014413408935070038,0.0019946175161749125,0.0026936514768749475,0.0032893293537199497,0.003695125924423337,0.0039034641813486814,0.0041486299596726894,0.004507281351834536,0.004842120222747326,0.005172404460608959,0.005572795867919922,0.00608264934271574,0.0067291236482560635,0.007411111146211624,0.008063091896474361,0.008714530616998672,0.009181544184684753,0.009233905002474785,0.008880874142050743,0.00827515497803688,0.007838004268705845,0.0077821034938097,0.008005375973880291,0.008396469987928867,0.008775048889219761,0.008948331698775291,0.00892630685120821,0.008822961710393429,0.00875805877149105,0.008841631934046745,0.008949998766183853,0.009208076633512974,0.00946751143783331,0.00950645748525858,0.009494454599916935,0.009379732422530651,0.009245605207979679,0.009167466312646866,0.009247418493032455,0.009340439923107624,0.009452471509575844,0.009560505859553814,0.00959142204374075,0.009494448080658913,0.009412550367414951,0.009308439679443836,0.009219270199537277,0.009187258780002594,0.009100522845983505,0.0090112816542387,0.008872651495039463,0.008567316457629204,0.008154322393238544,0.007664114702492952,0.006987974047660828,0.006480653304606676,0.006186223588883877,0.005716468673199415,0.005539445206522942,0.0054822638630867004,0.005422420334070921,0.005255631171166897,0.004777449183166027,0.004198002628982067,0.0035830563865602016,0.003041465999558568,0.00263163517229259,0.0024386425502598286,0.0025425415951758623,0.0027216814924031496,0.0030087779741734266,0.0029663231689482927,0.003055253764614463,0.0027459461707621813,0.0026808592956513166,0.0023765661753714085,0.002142729703336954,0.0019380802987143397,0.0019280865089967847,0.0019123906968161464,0.0017857302445918322,0.0015701251104474068,0.0013311741640791297,0.0011219087755307555,0.0010538456263020635,0.001032975036650896,0.0011526132002472878,0.001247749081812799,0.0013311358634382486,0.0013075238093733788,0.0012203939259052277,0.0009789993055164814,0.0008474717033095658,0.0006912422250024974,0.000675361487083137,0.0006237616180442274,0.0006420499412342906,0.0006927454960532486,0.0007612267509102821,0.0008319052867591381,0.0008580531575717032,0.000844269001390785,0.0007872587302699685,0.0007021837518550456,0.0005764228408224881,0.0004415080475155264,0.000347471097484231,0.00029953208286315203,0.00023492869513574988,0.00020849703287240118,0.00018477134290151298,0.0001576843933435157,0.00012691013398580253,0.0001239365228684619,0.00011862487008329481,9.537536971038207e-05,5.13867853442207e-05,0.0,0.0,0.0,0.0,3.568363536032848e-05,5.5105931096477434e-05,0.0,0.0,0.0,0.0
2025-12-05T10:29:25.643573,1764930565.6435726,0.0003533036506269127,0.0004377840377856046,0.0004574234189931303,0.0004822475020773709,0.0005900859832763672,0.0008112846990115941,0.0008557146647945046,0.000999821349978447,0.0013341993326321244,0.0018653280567377806,0.00264963717199862,0.003360562724992633,0.003806836437433958,0.003924755845218897,0.004002480302006006,0.0041839140467345715,0.004475836642086506,0.004837966989725828,0.005227840971201658,0.005710175726562738,0.006316073704510927,0.007140303496271372,0.00803180132061243,0.00875437818467617,0.009035328403115273,0.008938824757933617,0.008734225295484066,0.008552981540560722,0.008439836092293262,0.008407529443502426,0.008452269248664379,0.008552482351660728,0.008624343201518059,0.008584121242165565,0.008400997146964073,0.008383099921047688,0.008495108224451542,0.008712397888302803,0.008816324174404144,0.008975504897534847,0.009120453149080276,0.008975859731435776,0.009048078209161758,0.00921584852039814,0.009388531558215618,0.009502419270575047,0.009687856771051884,0.009763430804014206,0.009736492298543453,0.009700248949229717,0.00962065625935793,0.009592482820153236,0.009576242417097092,0.009692536666989326,0.009691286832094193,0.00954316183924675,0.009143187664449215,0.008664342574775219,0.008281351998448372,0.007919477298855782,0.007687026634812355,0.007694433908909559,0.007468177005648613,0.007403995841741562,0.007273978553712368,0.006761250086128712,0.006191115826368332,0.0054908692836761475,0.004691455513238907,0.003967918921262026,0.003283031051978469,0.0030623890925198793,0.0033141281455755234,0.003740805434063077,0.004165228456258774,0.004148385487496853,0.004192913416773081,0.0037814027164131403,0.003289260435849428,0.002951421309262514,0.002423246158286929,0.0019459904870018363,0.0015675730537623167,0.001174714881926775,0.000999816576950252,0.0007933537126518786,0.0011598250130191445,0.0014739283360540867,0.0016440354520455003,0.001722206943668425,0.0017205525655299425,0.0017127421451732516,0.0017231176607310772,0.0017941644182428718,0.0018027678597718477,0.001871036016382277,0.0017466528806835413,0.0015594715951010585,0.0013070416171103716,0.0010462094796821475,0.0007319403812289238,0.0005070460611023009,0.00042137052514590323,0.0003566087980289012,0.00039204908534884453,0.0004968496505171061,0.0006119491881690919,0.0007089513237588108,0.0007490827701985836,0.0007971036829985678,0.0007763233152218163,0.0006985494401305914,0.0006041770684532821,0.0005115051753818989,0.0004277808766346425,0.000393323804019019,0.00038661836879327893,0.00043813110096380115,0.0005353801534511149,0.0006481668096967041,0.0006970294052734971,0.0006812173523940146,0.0006423013401217759,0.0005905496655032039,0.0004719275457318872,0.0003160002816002816,0.00011301980703137815,0.0,0.0,0.0,0.0,0.0,0.0,0.0,0.0
