timestamp_iso,timestamp_unix,340,345,350,355,360,365,370,375,380,385,390,395,400,405,410,415,420,425,430,435,440,445,450,455,460,465,470,475,480,485,490,495,500,505,510,515,520,525,530,535,540,545,550,555,560,565,570,575,580,585,590,595,600,605,610,615,620,625,630,635,640,645,650,655,660,665,670,675,680,685,690,695,700,705,710,715,720,725,730,735,740,745,750,755,760,765,770,775,780,785,790,795,800,805,810,815,820,825,830,835,840,845,850,855,860,865,870,875,880,885,890,895,900,905,910,915,920,925,930,935,940,945,950,955,960,965,970,975,980,985,990,995,1000,1005,1010
2025-12-09T15:48:01.891485,1765295281.8914852,0.0,0.0,0.0,0.0,0.0,0.0,6.85436389176175e-05,0.00013164743722882122,7.882623322075233e-05,0.0,0.0,0.0,0.00018879245908465236,0.00017564081645105034,1.3074216440145392e-05,0.0,0.0,4.034774246974848e-05,9.578168101143092e-05,9.244319517165422e-05,5.9241294366074726e-05,0.00012514249829109758,0.0002794745087157935,0.0003890176594723016,0.00034486394724808633,0.0001374616549583152,0.0,0.0,0.0,0.00022574892500415444,0.00047046918189153075,0.0005554879899136722,0.00035537968506105244,4.908843038720079e-06,0.0,0.0,0.00023066582798492163,0.0003816514217760414,0.0003342130221426487,0.00014744694635737687,0.0,0.0,0.0,0.0,0.0002769124403130263,0.0005820925580337644,0.0005635151755996048,0.0005156615516170859,0.0005118214758113027,0.0005441639223136008,0.0008297489257529378,0.001323757809586823,0.0018934442196041346,0.0024071468506008387,0.0028726377058774233,0.003361915238201618,0.0037921664770692587,0.0040784128941595554,0.004177503753453493,0.00393137289211154,0.0033458746038377285,0.0026822034269571304,0.0018198650795966387,0.0011791042052209377,0.0006070158560760319,0.00022290668857749552,0.0,0.0,0.0,2.2607959181186743e-05,0.0001966418931260705,0.0004020706983283162,0.0006854670355096459,0.0008503179415129125,0.0009623581427149475,0.0006913099205121398,0.000157853530254215,0.0,0.0,0.0,0.0,0.0,0.0,0.0001717921404633671,0.00030461131245829165,0.0002520574489608407,0.0003928606165573001,0.0006342582055367529,0.0007444611983373761,0.0007096909102983773,0.0005499953404068947,0.00026283401530236006,0.0,0.0,0.0,0.0,0.0,0.0,0.0,0.0,0.0,0.0,0.0,4.206295852782205e-05,0.00022774205717723817,0.00041270224028266966,0.0005302086938172579,0.0005133730010129511,0.0003735721402335912,0.00015941703168209642,0.0,0.0,0.0,0.0,0.0,0.0,0.0,0.0,0.0,0.0,0.0,0.0,0.0,0.0,0.0,0.0,0.0,0.0,0.0,0.0,0.0,0.0,0.0,0.0,0.0
2025-12-09T15:48:03.560864,1765295283.560864,0.00019466545199975371,0.00011523147259140387,5.358502221497474e-06,0.0,0.0,0.0,0.0,0.0,0.0,9.485656482866034e-05,0.0003062536125071347,0.0005208603688515723,0.0006505781202577055,0.0004274202510714531,6.079765807953663e-05,0.0,0.0,3.87922118534334e-05,0.0,0.0,0.0,0.0,0.0001786273787729442,0.0005388830904848874,0.0007389586535282433,0.0007201252738013864,0.00050244020530954,0.00012373851495794952,0.0,0.0,0.00023340608458966017,0.00061322859255597,0.0008216371643356979,0.0007241995772346854,0.0003156333405058831,0.0,0.0,0.0,0.0,0.0,5.269692337606102e-05,0.0005555279203690588,0.0007906734244897962,0.0006940272869542241,0.0005107690813019872,0.00041694112587720156,0.00012662472727242857,2.8401896088325884e-06,0.00019501958740875125,0.0005996276740916073,0.0010544070973992348,0.0014693810371682048,0.0018477477133274078,0.0022207889705896378,0.002714499132707715,0.0032408074475824833,0.0037939311005175114,0.004207040648907423,0.004385859239846468,0.004186568316072226,0.0035444681998342276,0.002622273750603199,0.001482246327213943,0.0005834585754200816,1.108154629037017e-05,0.0,0.0,0.00023087760200724006,0.0004102882230654359,0.0006211470463313162,0.0006187500548548996,0.0003946144715882838,0.00026525076827965677,0.00013264275912661105,9.94880756479688e-05,0.0,0.0,0.0,0.0,0.0,0.0,0.0002598357677925378,0.0006764294230379164,0.0007647306774742901,0.000571768032386899,0.00019848094962071627,0.0,6.135847797850147e-05,0.00030949170468375087,0.00035622582072392106,0.00028468717937357724,7.025930244708434e-06,0.0,0.0,0.0,0.0,1.3841974578099325e-05,0.0002679266035556793,0.0004010899574495852,0.00036273340811021626,0.00020858105563092977,3.8183530705282465e-05,0.0,0.0,0.0,0.0,0.0,2.4395438231294975e-05,0.00010568866855464876,0.00015105803322512656,0.00010926982940873131,2.5261360860895365e-05,0.0,0.0,4.3932159314863384e-05,0.00011558074038475752,0.00018373181228525937,0.0002504966105334461,0.000266758055659011,0.0001765006745699793,0.0,0.0,0.0,0.0,0.0,0.0,0.0,0.0,0.0,0.0,0.0,2.734274403337622e-06,0.00010771024972200394,0.0001682120346231386,0.0002131247310899198
2025-12-09T15:48:05.228527,1765295285.2285273,0.0003983700880780816,0.00034982600482180715,0.00033183436607941985,0.0003414394741412252,0.0003351732448209077,0.0003044821787625551,0.0002193746477132663,0.00013686415331903845,5.7974182709585875e-05,4.878932668361813e-05,0.00011346067185513675,0.0001388949021929875,6.105452484916896e-05,0.0,0.0,0.0,0.0,0.0,0.0,5.6367374781984836e-05,0.00012071069068042561,7.6048425398767e-05,0.0,0.0,4.1200169675903453e-07,3.072607796639204e-05,0.0,0.0,0.0,0.0,0.0,0.00015857876860536635,0.0002526327152736485,0.0002492997737135738,0.00020749242685269564,7.219967665150762e-05,0.0,0.0,0.0,0.0,8.920056279748678e-05,0.0002267668314743787,0.0002734340669121593,0.00034771274658851326,0.00024157320149242878,8.803445234661922e-05,0.0,0.0,0.00024852296337485313,0.0006101874751038849,0.0009829108603298664,0.0014257067814469337,0.0019262643763795495,0.0024239595513790846,0.0028283759020268917,0.0031710881739854813,0.003460617968812585,0.0037686964496970177,0.004044824279844761,0.0039479052647948265,0.0034635765478014946,0.00270828022621572,0.0018259412609040737,0.0010108882561326027,0.0004491944855544716,0.00021498360729310662,0.00017562179709784687,0.00015738894580863416,0.00017733649292495102,0.0001774314878275618,0.00013452762505039573,0.00024138978915289044,0.00018884337623603642,7.78822141001001e-05,6.1326332797762e-05,0.0,0.0,0.0,0.0,0.0,5.009560118196532e-05,0.00016766083717811853,0.0003672784077934921,0.0004603340057656169,0.0005274464492686093,0.0006158853066153824,0.0004509201389737427,0.0002525273594073951,2.700941877264995e-06,0.0,0.0,0.0,0.0,0.0,0.0,0.0,0.0,0.0,0.0,0.0001748043141560629,0.00030237456667236984,0.0003599296906031668,0.00038010001298971474,0.00029693631222471595,0.00020674278493970633,0.00011186768824700266,2.397814387222752e-05,0.0,0.0,0.0,0.0,0.0,0.0,0.0,0.0,0.0,0.0,0.0,6.02826512476895e-05,9.814475197345018e-05,0.0001195003860630095,8.014078775886446e-05,2.9277016437845305e-05,0.0,0.0,0.0,2.7731943191611208e-05,4.3184281821595505e-05,2.6788138711708598e-05,0.0,0.0,0.0,0.0,0.0,0.0
2025-12-09T15:48:06.895205,1765295286.8952045,0.00018766512221191078,0.0001744032633723691,0.0001217853496200405,3.7073594285175204e-05,0.0,0.0,4.015197555418126e-05,0.00011075233487645164,0.00012322748079895973,0.0,0.0,0.0,0.0,0.0,8.060153049882501e-05,0.00019801774760708213,0.0002492867351975292,0.00024403081624768674,0.000306445435853675,0.0003741563414223492,0.00027882459107786417,5.399586370913312e-05,0.0,0.0,0.00014138617552816868,0.00033412451739422977,0.00037473998963832855,0.00026959989918395877,1.3921974641561974e-05,0.0,0.0,0.0,0.0,0.00023676954151596874,0.0004461841599550098,0.0005434320191852748,0.0004126946732867509,0.00010705523891374469,0.0,0.0,0.0,0.0,0.0,0.0,0.0,0.00010999768710462376,0.00038825056981295347,0.0006002549198456109,0.0007738312124274671,0.0007886176463216543,0.0006451363442465663,0.000705107522662729,0.0011225424241274595,0.0018163184868171811,0.002660647965967655,0.0035018534399569035,0.004119813442230225,0.004383132327347994,0.0042924704030156136,0.003792922478169203,0.003079197369515896,0.0023594689555466175,0.001860324409790337,0.001425598282366991,0.0011534735094755888,0.0008306156960316002,0.0006742581026628613,0.00041752809192985296,0.00020100730762351304,0.0,0.0,0.0,0.0,0.0,0.00016334676183760166,0.00037141123902983963,0.0008340714848600328,0.0012905189068987966,0.001010074163787067,0.0004615653306245804,0.0,0.0,0.0,0.0,0.0,0.0,6.784932338632643e-05,0.00011935234942939132,0.00035113265039399266,0.00042662955820560455,0.0004896182217635214,0.0005590716027654707,0.0005162412999197841,0.0004933282034471631,0.00024541968014091253,8.379556675208732e-06,0.0,0.0,0.0,0.0,0.0,0.0,0.0,0.0,0.0,0.0,0.0,0.0,0.00017876148922368884,0.0003283201076555997,0.000420223776018247,0.00041699616122059524,0.0003305420686956495,0.00022791513765696436,0.0001229534827871248,0.0,0.0,0.0,0.0,0.0,6.726540595991537e-05,0.00021457704133354127,0.0003051460371352732,0.0003369637706782669,0.00030458069522865117,0.00020948199380654842,9.026832412928343e-05,0.0,0.0,0.0,0.0,0.0,0.0,0.0,0.0
2025-12-09T15:48:08.562011,1765295288.5620112,0.00038293737452477217,0.0003359941765666008,0.00026729368255473673,0.0001854901056503877,0.00010081047366838902,8.625996997579932e-05,0.0002171159430872649,0.0002929648326244205,0.0003623568918555975,0.00028196940547786653,0.0,0.0,0.0,0.0,0.0,0.0,0.0001459366612834856,0.00025487353559583426,0.0002203296171501279,0.000186743593076244,0.0002070853515760973,0.00028415172710083425,0.0003872759407386184,0.00044442934449762106,0.0004301080189179629,0.0003266394487582147,8.900195825845003e-05,0.0,0.0,0.0,0.0,0.0,0.0,0.0,0.0,0.00021776260109618306,0.00046232956810854375,0.0006108112283982337,0.0006045550690032542,0.0003799700934905559,0.0,0.0,0.0,0.0,2.100716119457502e-05,0.00040024000918492675,0.0007856182637624443,0.000985696678981185,0.0011626664781942964,0.0009965146891772747,0.0007294658571481705,0.0007351517560891807,0.0010253933724015951,0.0013879078906029463,0.002042054198682308,0.0029932199977338314,0.004014987964183092,0.004797805100679398,0.005190094467252493,0.0049556102603673935,0.00417979434132576,0.0031203872058540583,0.0018979484448209405,0.0009463487658649683,0.00019043730571866035,0.0,0.0,0.0,0.00018096945132128894,0.0006680207443423569,0.0010657598031684756,0.0010573696345090866,0.0007577559445053339,0.00029538595117628574,0.0,0.0,0.0,0.0,0.0,0.0,0.0,0.0,0.0,0.0,0.0,0.00010066250979434699,0.00015325791900977492,0.00027712550945580006,0.0005887517472729087,0.0007319286814890802,0.0007868015090934932,0.0006305262795649469,0.0003603174409363419,9.068752115126699e-05,0.0,0.0,0.0,0.0,0.0,0.0,0.0,1.4056743566470686e-05,0.0001430801348760724,0.0002831608580891043,0.00034244946436956525,0.00035450118593871593,0.00033502388396300375,0.00029530757456086576,0.00025177557836286724,0.00015746224380563945,2.771691833913792e-05,0.0,0.0,0.0,0.0,0.0,0.0,0.0,0.0,0.0,0.0,3.9137368730735034e-05,0.00013340382429305464,0.0001792982075130567,0.00020823473460040987,0.00022225352586247027,0.000239880449953489,0.00021940015722066164,0.00018797567463479936,0.00012456814874894917,5.153564052307047e-05,9.123972267843783e-05,2.5921983251464553e-05,0.0,0.0
2025-12-09T15:48:10.229152,1765295290.2291522,0.0,0.0,0.0,0.0,0.0,8.8094896000257e-07,0.00013240565021988004,0.00010976400517392904,1.5763280316605233e-05,0.0,0.0,0.0,0.0,0.0,0.0002323504158994183,0.0005378489149734378,0.0005574690876528621,0.00020976414089091122,0.0,0.0,0.0,0.000132185552502051,0.00035807283711619675,0.0004392720584291965,0.00035383482463657856,0.00012613482249435037,0.0,0.0,0.0,0.0,0.0,0.0,8.862893446348608e-05,0.0003481088497210294,0.0005475400248542428,0.0006822858704254031,0.0007876085001043975,0.000691212946549058,0.0003661185037344694,7.554019975941628e-05,0.0,0.0,0.0,4.8468147724634036e-05,0.0004958382924087346,0.0008486026781611145,0.0009245453984476626,0.0008137418190017343,0.0006518879672512412,0.0004296877305023372,0.00041882286313921213,0.0006749200983904302,0.0011740539921447635,0.0018543637124821544,0.0026378268375992775,0.00337070319801569,0.003992888145148754,0.004292952362447977,0.0043138619512319565,0.004031451418995857,0.003435221966356039,0.002704954007640481,0.0019622398540377617,0.0011634427355602384,0.0005102097056806087,7.24947894923389e-05,0.0,0.0,0.0,0.00010682478750823066,0.00018182327039539814,0.00010287022450938821,7.988691504579037e-05,2.076169585052412e-05,0.00010855944128707051,0.0,0.0,0.0,0.0,0.0,0.0,0.0,8.816520858090371e-05,0.00019901961786672473,0.00028342456789687276,0.00034926924854516983,0.0004647280147764832,0.000628835114184767,0.0007794822449795902,0.0007288435590453446,0.0005108211189508438,0.00017568585462868214,0.0,0.0,0.0,8.196868293453008e-05,0.0003235336916986853,0.0004335598205216229,0.00035667975316755474,0.0001240568672074005,0.0,0.0,0.0,0.0,0.0,0.0,0.0,0.0,3.6065779568161815e-05,1.7272004697588272e-05,0.0,0.0,0.0,0.0,0.0,0.0,5.7931229093810543e-05,0.0002002949477173388,0.0003435610851738602,0.0004643409338314086,0.0005453806952573359,0.0005350401625037193,0.0005001185345463455,0.0003901472664438188,0.00028016543365083635,0.0001743046595947817,9.18432924663648e-05,5.2711980970343575e-05,4.068999987794086e-05,5.5532051192130893e-05,0.00014334086154121906,0.0001962625392479822,0.00025766994804143906,0.00030904775485396385,0.00030692192376591265
2025-12-09T15:48:11.897226,1765295291.8972256,0.0008539129630662501,0.0007162918336689472,0.0005605510086752474,0.0003886200429406017,0.00015520400484092534,0.0,0.0,0.0,0.0,0.0,0.0,0.0,0.0,0.00033923517912626266,0.0005804246757179499,0.0005989977507852018,0.0004174616187810898,0.0001592317275935784,0.0,0.0,0.0,0.0,8.753403380978853e-05,0.000565732887480408,0.0008151172078214586,0.0006732115289196372,0.00017436769849155098,0.0,0.0,0.0,8.005116978893057e-05,0.00035589878098107874,0.000422189972596243,0.0002601537271402776,2.005757050937973e-05,0.0,0.0,5.3238534746924415e-05,0.0002049241156782955,0.0002752782020252198,0.00012613665603566915,8.373569471586961e-06,0.0,0.0,0.0,6.32240844424814e-05,0.00035524924169294536,0.0006742632831446826,0.0008937958045862615,0.001012867083773017,0.0010530415456742048,0.0010627153096720576,0.0012052058009430766,0.001450910815037787,0.0019071665592491627,0.002568896859884262,0.0033202231861650944,0.004150938708335161,0.004699873737990856,0.004597618244588375,0.003997111227363348,0.0029653923120349646,0.0020292657427489758,0.0011627546045929193,0.0006783566786907613,0.00044369453098624945,0.0003361232520546764,0.00023310352116823196,3.064079282921739e-05,0.0,0.0,0.0,0.0,0.0,0.0,0.0,1.7179019778268412e-05,0.0001891254651127383,0.00016820209566503763,0.00043461041059345007,0.0003077706787735224,0.0,0.0,0.0,0.0,0.0,9.573064744472504e-06,0.0,0.0,0.0,0.0,0.0,3.7713754863943905e-05,0.00026478199288249016,0.0003703829715959728,0.0005161538138054311,0.0004699316341429949,0.00035476646735332906,0.00016224356659222394,4.345106935943477e-05,0.0,0.0,0.0,0.0,0.0,0.0,0.0,0.0,0.0,1.7036949429893866e-05,0.0001884019438875839,0.00031677435617893934,0.0003706078859977424,0.0004135080671403557,0.0004612035409081727,0.0004645239096134901,0.00037445384077727795,0.0002559022686909884,0.00015183669165708125,9.333423804491758e-05,8.149912173394114e-05,0.00010989461588906124,0.0001366622163914144,0.0001520392979728058,0.0001427445822628215,0.0001127333307522349,0.0,0.0,0.0,0.0,0.0,0.0,0.0,0.0,0.0
2025-12-09T15:48:13.564210,1765295293.5642102,0.0,0.0,0.0,0.0,0.0,9.924951882567257e-05,0.00013574902550317347,5.0811727305699605e-06,0.0,0.0,0.0,1.1850670489366166e-05,0.00016542380035389215,0.00026226742193102837,0.00029162594000808895,0.0002271803532494232,8.748121763346717e-05,0.0,0.0,0.0,0.0,0.0,8.056963270064443e-05,0.00011996518151136115,0.00018226953397970647,0.00026320249889977276,0.0002537913096603006,0.00010370718518970534,0.0,0.0,0.0,0.00029047223506495357,0.0006032181554473937,0.0007334829424507916,0.0005023698322474957,0.00024090193619485945,0.0,0.0,0.0,0.0,0.0002535799576435238,0.0006072877440601587,0.0008040292887017131,0.0008700327598489821,0.0006653102464042604,0.00027532968670129776,0.0,0.0,0.0,0.0,0.0003242756356485188,0.001380580710247159,0.0024362795520573854,0.0033624921925365925,0.0039857858791947365,0.004307235591113567,0.004313292447477579,0.004050876945257187,0.0035522414837032557,0.002973005175590515,0.0023670310620218515,0.0021466740872710943,0.0019732469227164984,0.001685638795606792,0.0013032987480983138,0.001042690360918641,0.000577205908484757,0.0,0.0,0.0,0.0,0.0,0.0,0.0,0.00036860047839581966,0.0006794765358790755,0.0007267120527103543,0.0005790239665657282,0.00039242333150468767,0.0,3.984642535215244e-05,8.435468771494925e-05,0.0,0.00013747927732765675,0.00013625712017528713,0.0,0.0,0.0,0.0,0.0,0.0,0.0,0.0,0.00016317663539666682,0.000516494270414114,0.0006769559113308787,0.0006884875474497676,0.0005744476802647114,0.00037167241680435836,0.00015168199024628848,1.322843581874622e-05,0.0,0.0,0.0,0.0,0.0,0.0,0.0,3.445116090006195e-05,4.2024472350021824e-05,4.247824472258799e-05,8.178994903573766e-05,5.868852895218879e-05,0.0,0.0,0.0,0.0,0.0,0.0,0.0,0.0,0.0,2.420474629616365e-05,0.00015747005818411708,0.00026167239411734045,0.0003115137224085629,0.0003283364058006555,0.00024237787874881178,6.606388342333958e-05,0.0,0.0,0.0,0.0,0.0,0.0
2025-12-09T15:48:15.231213,1765295295.2312126,0.0004008494142908603,0.00029667330090887845,0.0002111837238771841,0.00011850991722894832,1.812797381717246e-05,0.0,3.564677172107622e-05,8.229416562244296e-05,0.00014975338126532733,0.00020926343859173357,0.0001792492694221437,7.075430767145008e-05,0.0,0.0,0.0,0.0,8.151530346367508e-05,0.0003393318911548704,0.00048222430632449687,0.00043785269372165203,0.0002096378884743899,0.0,0.0,0.0,0.0001235018571605906,0.00031427497742697597,0.00046654188190586865,0.0005203678156249225,0.00048591408994980156,0.0005028253071941435,0.0005578299169428647,0.0005206589121371508,8.221976167988032e-05,0.0,0.0,0.0,0.0,0.0,0.00033671234268695116,0.0006550887483172119,0.000513715494889766,0.0002094231458613649,0.0,0.0,0.0,0.0,0.0,0.00018270411237608641,0.0006291147437877953,0.0010791805107146502,0.0013652038760483265,0.0014728435780853033,0.0015368785243481398,0.0017654886469244957,0.0021028341725468636,0.002454526023939252,0.0029084188863635063,0.0034445924684405327,0.0038814202416688204,0.004119228105992079,0.004076621029525995,0.0038529918529093266,0.0029574111104011536,0.002158944960683584,0.001406546332873404,0.0006943967309780419,9.56027943175286e-05,0.0,0.0,0.0,0.0,0.0,0.0002273787249578163,0.0004951967857778072,0.00042173152905888855,0.0004680090059991926,0.0003489869995974004,0.0,0.0,0.0,0.0,0.0,0.0,0.0,0.0,7.899095362517983e-05,0.0002485927252564579,0.00039522768929600716,0.00030796154169365764,0.0002060880360659212,0.00010816928988788277,4.929173883283511e-05,0.00010395861318102106,0.00030751971644349396,0.0005174335092306137,0.000607116031460464,0.0006162974750623107,0.00043657945934683084,0.00012716704804915935,0.0,0.0,0.0,0.0,0.0,0.0,0.0,2.605353256512899e-05,0.0002592863456811756,0.0004786507342942059,0.0006426164181903005,0.0007092411397024989,0.0006957021541893482,0.000639562786091119,0.0005677721346728504,0.00046625587856397033,0.00033195485593751073,0.00015756864740978926,6.18429112364538e-06,0.0,0.0,0.0,0.0,0.0,0.0,0.0,0.0,3.041653371838038e-06,8.789213461568579e-05,0.0001449674746254459,0.000206114404136315,0.00026993235223926604,0.00021591407130472362,0.00023246416822075844,0.00023084682470653206,0.0002098658587783575
2025-12-09T15:48:16.900634,1765295296.9006336,0.0012190337292850018,0.000974804162979126,0.0007446045055985451,0.0004827693337574601,0.00014344824012368917,0.0,0.0,0.0,0.0,0.0,0.0,0.00017237578867934644,0.0004021657514385879,0.0003882638120558113,0.0002463877317495644,0.00015462115698028356,8.700118632987142e-05,5.353085362003185e-05,1.337176490778802e-05,2.413396032352466e-05,8.879810775397345e-05,0.0001301125157624483,6.308873707894236e-05,0.0,0.0,0.0,5.228599547990598e-05,0.0002787940902635455,0.0004088120476808399,0.0003595083544496447,0.0001607126760063693,0.0,0.0,0.0,0.00010471486166352406,0.00034939139732159674,0.0004045799723826349,0.00021493356325663626,0.0,0.0,0.0,0.0,0.0,5.8693789469543844e-05,0.000516279716975987,0.0007226425223052502,0.0007452194695360959,0.0006766587612219155,0.0005088181933388114,0.0004413701535668224,0.0005424405098892748,0.0008366526453755796,0.0013685810845345259,0.0020779534243047237,0.002732299966737628,0.003409038297832012,0.004009974654763937,0.00439873244613409,0.004398207180202007,0.003964400850236416,0.003111107274889946,0.0021748142316937447,0.0014665857888758183,0.0009462262969464064,0.0006428505294024944,0.0005524056032299995,0.00048056160449050367,0.00039660526090301573,0.0003815123636741191,0.0004523337702266872,0.00040254765190184116,0.00037971738493070006,0.00038320227758958936,0.000313434808049351,0.00016032868006732315,0.0,0.0,0.0,0.0,0.0,0.0,0.0,0.0,0.0,0.0,4.438303949427791e-05,0.000338645011652261,0.0006063291220925748,0.0006541079492308199,0.0004559960216283798,0.00015121925389394164,0.0,0.0,0.0,0.0,0.0,0.0,0.0001309999788645655,0.00026013588649220765,0.00035489097354002297,0.0003448263742029667,0.0003618858754634857,0.0003602367651183158,0.00036777841160073876,0.00033558913855813444,0.00023146170133259147,3.745467256521806e-05,0.0,0.0,0.0,0.0,0.0,0.0,0.0,4.325263489590725e-06,0.00012136681471019983,0.00019742327276617289,0.0003217393532395363,0.0003971935948356986,0.0004340294690337032,0.00042353279422968626,0.0002956873213406652,7.49097962398082e-05,0.0,0.0,0.0,0.0,0.0,0.0,0.0,0.0,0.0,0.0,0.0,0.0
2025-12-09T15:48:18.567651,1765295298.5676513,0.00016011095431167632,5.1509516197256744e-05,0.0,0.0,0.0,0.0,0.0,0.0,0.0,0.0,0.00013300248247105628,0.0002692096459213644,0.00023946807777974755,0.00017222252790816128,0.0001893716980703175,0.00021532886603381485,0.00013712838699575514,1.546692510601133e-05,0.0,0.0,2.239303466922138e-05,0.0002739623305387795,0.0003866427578032017,0.0001631858613109216,0.0,0.0,0.0,0.0,0.0004887297982349992,0.001187250018119812,0.0012699872022494674,0.000729908817447722,0.0,0.0,0.0,0.0,0.00029993802309036255,0.0010261995485052466,0.0013552202144637704,0.0011231375392526388,0.00037908583180978894,0.0,0.0,0.0,0.0,0.0,0.0004535816260613501,0.000940349418669939,0.001141818007454276,0.0011275209253653884,0.001022761920467019,0.001099622342735529,0.0012923915637657046,0.0016003003111109138,0.002243567956611514,0.003001382341608405,0.0038080501835793257,0.004508858546614647,0.004724657628685236,0.0043356334790587425,0.003590167500078678,0.0026986696757376194,0.0018018786795437336,0.0012105656787753105,0.0008533130749128759,0.0004885427188128233,0.00020760834740940481,0.00013970417785458267,0.00022021544282324612,0.00011749500845326111,0.0,0.0,0.0,0.0,0.0,0.0,0.0002912445634137839,0.000379554316168651,0.0003496396529953927,0.00040856326813809574,0.0,0.0,0.0,0.0,0.0,0.0,0.0,0.0,9.236742334906012e-05,0.00016298277478199452,0.00021797939552925527,0.00018041972361970693,0.00013054381997790188,0.00010438555182190612,3.5256573028163984e-05,7.650879706488922e-05,6.026771734468639e-05,0.00011794809688581154,0.00017824357200879604,0.00023828152916394174,0.00025422402541153133,0.00019170070299878716,1.3776788364339154e-05,0.0,0.0,0.0,0.0,0.0,0.0,6.606176157220034e-06,0.00015163733041845262,0.00025490482221357524,0.0002950231428258121,0.0003418675623834133,0.00033107574563473463,0.00023928823065944016,5.942788993706927e-05,0.0,0.0,0.0,0.0,0.0,0.0,0.0,0.0,0.0,0.0,3.3106360206147656e-05,8.180076110875234e-05,0.00010442378697916865,0.00011664275371003896,4.396004806039855e-05,6.0829403082607314e-05,7.757150888210163e-05,8.168323984136805e-05
2025-12-09T15:48:20.234823,1765295300.234823,0.0,0.0,0.0001665102900005877,0.00026103275013156235,0.00032735359854996204,0.00035227349144406617,0.0001917130866786465,0.0,0.0,0.0,0.0,0.00012542544573079795,0.0004696383548434824,0.0004401072801556438,7.620907854288816e-05,0.0,0.0,0.0,0.0,0.0,9.455080726183951e-05,5.8773744967766106e-05,0.0,4.825599262403557e-07,0.0001477720361435786,0.00024528830545023084,0.0002130060747731477,0.0001077788692782633,6.374120857799426e-05,7.466522947652265e-05,5.1115905080223456e-05,2.9951110263937153e-05,0.0,0.0,3.125980219920166e-05,0.0001060238282661885,9.960468742065132e-05,0.0,0.0,0.0,0.0,0.00017217871209140867,0.0004713005619123578,0.0007954438915476203,0.0009827305329963565,0.0008812209707684815,0.000585012836381793,0.00037884697667323053,0.00014533946523442864,9.378196409670636e-05,0.00010521213698666543,0.00031774272792972624,0.0008804383687674999,0.0016315889079123735,0.002413587411865592,0.0032502259127795696,0.004135916940867901,0.004808384925127029,0.004928166046738625,0.0044387029483914375,0.0034082515630871058,0.002325573470443487,0.0011978655820712447,0.0004901824868284166,0.00015733506006654352,6.516887515317649e-05,0.0001956546475412324,0.00040296290535479784,0.000567635812330991,0.0007649757899343967,0.0008089101756922901,0.0008322895737364888,0.000676401425153017,0.00043003298924304545,0.0,0.0,0.0,0.0,0.0,0.0,0.0,0.000302027037832886,0.0009785767178982496,0.0009770968463271856,0.0007208173046819866,0.00048596117994748056,0.0,0.0,0.0,0.0,0.00027830549515783787,0.00044504852849058807,0.0004315946134738624,0.0001823485072236508,0.0,0.0,0.0,0.0,0.0,0.0,0.0,0.00015185984375420958,0.0003451490483712405,0.00025554237072356045,0.0002919835096690804,0.00031159058562479913,0.0003113820857834071,0.00026263424661010504,0.00022694664949085563,0.00017856313206721097,9.445485193282366e-05,0.0,0.0,0.0,0.0,0.0,0.0,0.0,0.0,0.0,0.0,0.0,0.0,0.0,0.0,0.0,0.0,4.290197011869168e-06,0.0,0.0,0.0,0.0,0.0,0.0,0.0
2025-12-09T15:48:21.900645,1765295301.900645,0.0006464263424277306,0.0005305218510329723,0.0004247858305461705,0.00031193418544717133,0.0001226224412675947,0.0,0.0,0.0,0.0,0.0,0.0,0.0,0.0002517672546673566,0.00038092900649644434,0.00027272014995105565,5.57634120923467e-06,0.0,0.0,0.0,0.0,0.00022416815045289695,0.0005140611319802701,0.0004266395990271121,4.445747617864981e-05,0.0,0.0,0.0,0.00012208425323478878,0.00037658869405277073,0.0003416628751438111,4.307897688704543e-05,0.0,0.0,8.027054718695581e-06,0.0006308125448413193,0.001077401451766491,0.000995555194094777,0.0004901381325908005,0.0,0.0,0.0,0.0,0.0,0.0004995973431505263,0.0010843818308785558,0.001269014785066247,0.0010590950259938836,0.0005348122213035822,2.173503889935091e-05,0.0,0.0,0.00036597729194909334,0.001342292409390211,0.0025047510862350464,0.0035872056614607573,0.004510844126343727,0.005095286760479212,0.0052676391787827015,0.004843063652515411,0.003914576955139637,0.0027131412643939257,0.0017087473534047604,0.0004899805644527078,0.0,0.0,0.0,0.0,0.00012983373017050326,0.00035822842619381845,0.0006577715394087136,0.0008395275799557567,0.0010342642199248075,0.0010017587337642908,0.0007253484218381345,0.0002514941443223506,0.00011433548934292048,0.0,0.0,0.0,0.0,0.0,0.0,5.8756821090355515e-05,0.00016275887901429087,0.0003053725231438875,0.0006033952813595533,0.0005486691952683032,0.0006279608933255076,0.000576822436414659,0.0005001301760785282,0.0002229739329777658,0.0,0.0,0.0,0.0,0.0,0.0,0.0,2.5403334802831523e-05,0.00011799876665463671,0.00013784211478196084,0.00015124639321584255,0.00025576987536624074,0.0003570106637198478,0.0005509858019649982,0.0007228719186969101,0.000884898123331368,0.0009868761990219355,0.0009517039870843291,0.0006685569533146918,0.00018471280054654926,0.0,0.0,0.0,0.0,0.0,0.0,0.0,0.00019720359705388546,0.000503556162584573,0.0006549375248141587,0.0006606838433071971,0.0005752315046265721,0.0004497935005929321,0.000309133407426998,0.00016317264817189425,0.0,0.0,0.0,0.0,0.0,0.0,0.0,0.0,0.0
2025-12-09T15:48:23.567024,1765295303.5670242,0.0009471641387790442,0.0008480396936647594,0.0006902104942128062,0.0004830999532714486,0.00021552472026087344,0.0,0.0,0.0,0.0,0.0,0.0,0.0001840798940975219,0.0006320253596641123,0.0006752425106242299,0.0003139129839837551,0.0,0.0,0.0,0.0,6.275663326960057e-05,0.00019963824888691306,8.210917440010235e-05,0.0,0.0,0.0,0.0,0.00027501516160555184,0.00043897281284444034,0.00021116569405421615,0.0,0.0,0.0,0.0,3.5839828342432156e-05,0.00034675217466428876,0.000402535661123693,0.0002800938382279128,0.0,0.0,0.0,0.0,0.0,0.00025460010510869324,0.0005302880308590829,0.00075546681182459,0.0006837175460532308,0.0004479350463952869,5.930026600253768e-05,0.0,0.0,0.00014371657744050026,0.0007867435342632234,0.0016155099729076028,0.002499053254723549,0.0033747260458767414,0.004064471926540136,0.004510440863668919,0.0046192966401577,0.004252276383340359,0.003519244957715273,0.0025882550980895758,0.0018073315732181072,0.0012353870552033186,0.0010241218842566013,0.0010286367032676935,0.001086562406271696,0.0011788943083956838,0.0010813249973580241,0.0007643751450814307,0.0003694122133310884,0.0,0.0,0.0,0.0,0.0,0.0,0.00016034147120080888,0.0004525456461124122,0.0006886671180836856,0.0008941871928982437,0.0007674620719626546,0.0005547762266360223,0.0003370390913914889,4.047296897624619e-05,0.0,0.0,0.0,0.0,0.0,0.0,0.0,0.0,0.0,0.0,0.0,0.00010310852667316794,0.0003183308872394264,0.0005239590536803007,0.0006315764621831477,0.0006723636761307716,0.0004902182845398784,0.00022700107365380973,0.0,0.0,0.0,0.0,0.0,0.0,0.0,0.0,3.8149581087054685e-05,0.00010906090756179765,9.619008778827265e-05,8.860790694598109e-05,6.409578782040626e-05,1.471644554840168e-05,0.0,0.0,1.568571497045923e-05,0.00019123709353152663,0.0003745896683540195,0.0005038956296630204,0.0005471482872962952,0.0005253206472843885,0.00045507372124120593,0.0003113595303148031,0.0001911997824208811,5.863203841727227e-05,0.0,0.0,0.0,0.0,0.0,0.0,0.0
2025-12-09T15:48:25.236025,1765295305.2360253,1.7576843674760312e-05,0.0,0.0,0.0,0.0,0.0,6.0815116739831865e-05,0.000284111185465008,0.0004962298553436995,0.0005977897089906037,0.0004486329562496394,6.33238087175414e-05,0.0,0.0,0.0,0.00025138608179986477,0.00030385630088858306,4.041467491333606e-06,0.0,0.0,0.0,0.00017063738778233528,0.00036546640330925584,0.00025192552129738033,3.1561750802211463e-05,5.6493231568310875e-06,0.00021274961181916296,0.0006150589324533939,0.0008808983839116991,0.0007632165215909481,0.00032829504925757647,0.0,0.0,0.0,0.0,0.00028145487885922194,0.00039335095789283514,0.0002292143617523834,0.00017726993246469647,6.356078756653005e-06,0.0,0.0,0.00015146807709243149,0.00023447656712960452,0.0003689696895889938,0.00044129748130217195,0.0004101133381482214,0.0003032338572666049,0.00026568802422843874,0.0002246950607514009,0.00018419486877974123,0.00047872817958705127,0.0011306814849376678,0.0019976776093244553,0.0029245794285088778,0.0037694324273616076,0.0044533563777804375,0.004812189843505621,0.004728098399937153,0.004198924172669649,0.0033480965066701174,0.002325153211131692,0.0014838235219940543,0.000943835882935673,0.0006002984591759741,0.00038413540460169315,2.7561866318137618e-06,0.0,9.09564823814435e-06,0.0,0.0,0.0,0.0,0.0,0.0,0.0,0.0,0.00015421584248542786,0.00027486609178595245,0.0004879340121988207,0.00037538065225817263,0.0003661292721517384,2.392859460087493e-05,0.0,0.0,0.00014856347115710378,0.0003291171742603183,0.00045372237218543887,0.0007293325616046786,0.0007156366482377052,0.0004975014016963542,0.00019899674225598574,0.0,0.0,0.0,0.0,0.0,0.0,0.0,0.0,0.0,0.0,0.0,0.0,0.00010700750135583803,0.00021180261683184654,0.00026039191288873553,0.0002490226470399648,0.00022512783471029252,0.0001973629550775513,0.00017537141684442759,0.00015980323951225728,0.00013131750165484846,0.0001713638921501115,0.000247673480771482,0.0003496279532555491,0.0004550707235466689,0.00048487461754120886,0.00045082406722940505,0.0003530300746206194,0.0002553445228841156,0.00013544686953537166,4.842957423534244e-05,0.0,0.0,0.0,0.0,0.0,0.0,0.0,0.0,0.0,0.0,0.0,0.0
2025-12-09T15:48:26.905029,1765295306.9050293,0.0,0.0,0.0,0.0,0.0,0.0,0.0,0.0,0.0,0.0,0.00019224088464397937,0.0006970455287955701,0.000863195164129138,0.0004736548289656639,0.0,0.0,0.0,0.0,0.0,0.0,0.0,0.0001490771392127499,0.00019595386402215809,0.00013151334132999182,8.409667498199269e-05,0.0001284213358303532,0.00017612297961022705,0.00015047428314574063,0.0001675720704952255,0.00037161679938435555,0.0005892542540095747,0.0006212175358086824,0.0003542866907082498,0.0,0.0,0.0,0.0,0.0,5.52775090909563e-05,0.0005138866836205125,0.0007372949039563537,0.0008452442125417292,0.0009045711485669017,0.0006259463843889534,0.0002884498971980065,0.0,0.0,0.0,0.00023182375298347324,0.0006681439117528498,0.0010576273780316114,0.001431402051821351,0.0018435540841892362,0.0021925237961113453,0.0025181935634464025,0.0029255046974867582,0.0033863959833979607,0.003777835750952363,0.003967968747019768,0.003911556210368872,0.0035890263970941305,0.003083182033151388,0.0023873671889305115,0.0018427944742143154,0.0014395014150068164,0.0009496167185716331,0.000399010197725147,0.0,0.0,0.0,0.0,0.0,5.5536838772241026e-05,0.00020342641801107675,0.000332725903717801,0.00036509998608380556,0.00047084339894354343,0.0003570896515157074,0.00027455564122647047,0.0003296390932518989,0.00011347241525072604,0.0,0.0,0.0,0.0,0.0,0.0,0.0,0.0,0.0,0.0,0.0001839406613726169,0.00036877469392493367,0.00045886923908255994,0.0004386865475680679,0.000345703330822289,0.00024843780556693673,0.00018924492178484797,0.00019882152264472097,0.0002447216247674078,0.00019110087305307388,0.00010333301906939596,4.6691580791957676e-05,0.0,0.0,0.0,0.0,0.0,0.0,0.0,0.0,0.0,0.0,0.0,0.0,0.0,0.0,0.0,0.0,0.0001254551752936095,0.0002545733586885035,0.00035708240466192365,0.00039763166569173336,0.0004606506263371557,0.0004862930509261787,0.00045622416655533016,0.0003818990953732282,0.0002829699660651386,0.00018275741604156792,5.8236022596247494e-05,0.0,0.0,0.0,0.0,0.0
2025-12-09T15:48:28.571331,1765295308.571331,0.0,0.0,0.0,0.0,0.0,0.0,0.00015839295519981533,0.00036812046892009676,0.0004506328550633043,0.0002919741382356733,0.0,0.0,0.0,0.0,0.0,0.0,0.0,3.207404733984731e-05,0.0003554926661308855,0.0005342629738152027,0.0005103883449919522,0.00039854954229667783,0.0003131133853457868,0.00033703623921610415,0.0004784677003044635,0.000614528835285455,0.0005973026272840798,0.00034695499925874174,0.0,0.0,0.0,0.0,0.0,0.00015457456174772233,0.0001690177887212485,6.295746425166726e-05,0.0,0.0,0.0,9.94409856502898e-06,0.00014937609375920147,0.00015347461157944053,0.0001216750533785671,0.0,0.0,0.0,5.843791950610466e-05,0.000633718678727746,0.0013182897819206119,0.0017134409863501787,0.0015838061226531863,0.0011920559918507934,0.0009611793211661279,0.0010836452711373568,0.0015491226222366095,0.00239191553555429,0.0033571631647646427,0.00421002134680748,0.0046857609413564205,0.004606662318110466,0.003991099074482918,0.0030685935635119677,0.002098508644849062,0.0013355838600546122,0.0007529593422077596,0.00035835677408613265,0.00031657592626288533,0.0003550996771082282,0.00047823836212046444,0.0005697431624867022,0.0005454737693071365,0.000408797845011577,0.00011659989831969142,0.0,0.0,0.0,0.0,0.0,0.0,0.0,3.895307600032538e-05,0.0003279523807577789,0.0007235865341499448,0.0005361352232284844,0.00039049642509780824,0.00034283706918358803,0.0003239705110900104,0.00043010624358430505,0.000635288015473634,0.0008594760438427329,0.0009335026261396706,0.000760589842684567,0.00039103301241993904,8.568104385631159e-05,0.0,0.0,0.0,0.0,0.0,0.0,0.0,0.0,0.0,0.00020854207105003297,0.00044461063225753605,0.0006182190263643861,0.0007038374897092581,0.0006475456757470965,0.0005019661039113998,0.00028902883059345186,4.2787334677996114e-05,0.0,0.0,0.0,0.0,0.0,0.0,4.426302984938957e-05,0.0002257769665447995,0.0002900981926359236,0.0002806512056849897,0.00018419587286189198,8.071894262684509e-05,0.0,0.0,0.0,0.0,0.0,0.0,0.0,0.0,0.0,0.0,0.0,0.0
2025-12-09T15:48:30.237683,1765295310.2376826,0.0005762551445513964,0.0003933236876036972,0.0002581572043709457,0.00011686965444823727,0.0,0.0,6.655546894762665e-05,0.00038124516140669584,0.0006217836053110659,0.0005787237314507365,0.00020281544129829854,0.0,0.0,0.0,0.0,0.0,0.0,0.00010083279630634934,0.00023872702149674296,0.0003021790471393615,0.0002885288849938661,9.573638089932501e-05,0.0,0.0,0.00025179158546961844,0.0006981759797781706,0.0008081167470663786,0.00045083239092491567,0.0,0.0,0.0,0.0,0.0,0.00034865320776589215,0.0008037320803850889,0.001121208886615932,0.0010789278894662857,0.0006860998109914362,0.0003288783773314208,0.0,0.0,0.0,0.0,0.0,0.0,0.0,0.00010627238225424662,0.00015795818762853742,0.00035697349812835455,0.0005682315677404404,0.0006325336871668696,0.0007668738253414631,0.001122745918110013,0.0015973279951140285,0.0024314417969435453,0.0034197154454886913,0.004377823323011398,0.0049611483700573444,0.005004828330129385,0.004592457320541143,0.0038378245662897825,0.0028951866552233696,0.0020784654188901186,0.0013175192289054394,0.0007174533675424755,0.00020200942526571453,0.0,0.0,5.440576387627516e-06,0.00014413410099223256,0.0002057901438092813,0.0,0.0,0.0,0.0,0.0,0.0,0.0,0.0,0.0005223691114224494,0.0007746184128336608,0.0007021832861937582,0.0004969111760146916,0.00014555422239936888,0.0,0.0,6.46013068035245e-05,0.000178052214323543,0.000392457761336118,0.00027955498080700636,6.080091407056898e-05,0.0,0.0,0.0,0.0,0.0,0.0,2.0592016880982555e-05,8.978979894891381e-05,0.00010545206168899313,8.787607657723129e-05,0.00011825200635939837,0.00018337629444431514,0.00031970685813575983,0.00038960855454206467,0.00038304002373479307,0.0002958909026347101,0.00012938155850861222,0.0,0.0,0.0,0.0,0.0,0.0,0.0,0.0,0.0,2.779173337330576e-05,0.00016101794608402997,0.0002447798033244908,0.0002844015834853053,0.00022464290668722242,0.00015596713637933135,0.00010601522080833092,4.8548958147875965e-05,3.719985443240148e-06,0.0,0.0,0.0,0.0,0.0,0.0,3.8866048271302134e-05,0.00014907351578585804,0.00028730760095641017
2025-12-09T15:48:31.904254,1765295311.904254,0.0,0.0,0.0,0.0,0.00012540882744360715,0.00021627962996717542,0.00040871923556551337,0.0005474330973811448,0.0006471376400440931,0.0006222976371645927,0.00040382210863754153,4.143654587096535e-05,0.0,0.0,0.0,5.630813575407956e-07,0.0001940412912517786,0.00027683356893248856,0.00026279184385202825,0.0001588138402439654,1.5015571989351884e-05,0.0,0.0,2.3286504074349068e-05,0.00039083525189198554,0.0006953253177925944,0.0006587851094081998,0.000351838389178738,0.0,0.0,0.0,0.0,3.0304669053293765e-05,4.871157943853177e-05,0.0,0.0,0.0,0.0,0.0,0.0,0.0,0.0,0.0,0.0,0.0,0.0,0.0002747865510173142,0.0005272608832456172,0.0007130902376957238,0.000764818862080574,0.0007688712794333696,0.0008312881691381335,0.0009703263640403748,0.001408932963386178,0.00205559772439301,0.002829026896506548,0.0035658690612763166,0.004134029150009155,0.0042525106109678745,0.004022975917905569,0.003602698678150773,0.003063383512198925,0.002511091995984316,0.0019164065597578883,0.0013237837702035904,0.0006568637327291071,0.00012147126108175144,0.0,0.0,0.0,0.0,9.361948468722403e-05,0.00021067775378469378,0.00023441611847374588,0.00017458756337873638,0.00031211040914058685,0.00036085426108911633,0.0005832957103848457,0.0004606825241353363,0.00025166867999359965,0.0,0.0,0.0,0.0,0.0,1.8934582840302028e-05,0.0003817960387095809,0.00045358625357039273,0.0003173982258886099,0.00016214005881920457,3.8189933547982946e-05,7.363278564298525e-05,9.838472760748118e-05,0.00022716345847584307,0.000165829187608324,0.00010101615771418437,4.232394712744281e-05,0.0,0.0,0.0,1.8006347090704367e-05,9.788402530830353e-05,0.0001389727258356288,0.0001970482844626531,0.00015103199984878302,2.6752695703180507e-05,0.0,0.0,0.0,0.0,0.0,0.0,0.0,2.6317731681047007e-05,0.00022531811555381864,0.0004061943618580699,0.000528705189935863,0.0005957325338385999,0.0005974435480311513,0.0005628286162391305,0.0004984295228496194,0.0003681765520013869,0.00019970232096966356,3.422051668167114e-05,0.0,0.0,0.0,0.0,0.0,0.0,0.0,0.0,1.3653236237587407e-05,0.00014383019879460335,0.00028669924358837306
2025-12-09T15:48:33.571855,1765295313.5718548,0.0,0.0,0.0,0.0,0.0,0.0,0.0,1.0503087651159149e-05,0.0,0.0,0.0,0.0,0.0,2.6740079192677513e-05,3.4672251786105335e-05,5.307143146637827e-05,0.00019738201808650047,0.00028852326795458794,0.00025976772303692997,0.00012774730566889048,0.0,0.0,0.0,0.0,0.0,0.0,0.0,0.0,0.0,0.0,0.0,0.00033385076676495373,0.0005916466470807791,0.0006174762384034693,0.00040432901005260646,0.0,0.0,0.0,0.0,0.0,0.00019689483451656997,0.0007174316560849547,0.0010446481173858047,0.00110650307033211,0.0008348026312887669,0.00044501933734863997,0.0,0.0,0.0,0.0,0.0004560115921776742,0.0011335151502862573,0.0018568572122603655,0.0025462850462645292,0.003112590406090021,0.003587544895708561,0.003977747168391943,0.004179337527602911,0.004074071068316698,0.00357392942532897,0.002846931805834174,0.0021668514236807823,0.001514329807832837,0.0011997947003692389,0.0010165240382775664,0.0009009096538648009,0.000804337440058589,0.0006270809681154788,0.0004023102519568056,0.00011155532411066815,3.781795749091543e-05,0.0,0.0,0.0,0.0,0.0,0.0,0.0,0.0,0.0,0.00020365757518447936,0.0008069818140938878,0.0011862687533721328,0.001274064532481134,0.00114937883336097,0.0010359789011999965,0.0005997652187943459,0.0,0.0,0.0,0.0,0.0,0.0,0.0,6.14988457527943e-05,0.00010189526801696047,0.00012054089893354103,0.00012993570999242365,0.0001697004190646112,0.00026708951918408275,0.00046070621465332806,0.0006152035784907639,0.0007574599585495889,0.0007120668888092041,0.0005193406832404435,0.00022738844563718885,0.0,0.0,0.0,0.0,0.0,0.0,0.0,0.0,7.333623216254637e-06,0.0002601203159429133,0.0004808463854715228,0.000546356022823602,0.0004896704922430217,0.00035403287620283663,0.00021457162802107632,9.542806219542399e-05,4.190274466964183e-06,0.0,0.0,0.0,0.0,0.0,0.0,0.0,9.026296902447939e-05,7.73077699705027e-05,0.00013365066843107343,0.00014487742737401277,0.00011493166675791144
2025-12-09T15:48:35.237768,1765295315.2377682,0.00032206677133217454,0.000276457256404683,0.00017996605311054736,4.186920341453515e-05,0.0,0.0,0.0,0.0,0.0,0.0,2.1386997104855254e-05,0.00019626680295914412,0.0003806239983532578,0.0003275597409810871,5.5607342801522464e-05,0.0,0.0,0.0,0.00016078744374681264,0.00028478403692133725,0.00010099643986904994,0.0,0.0,0.0,4.585440365190152e-07,0.0003938965091947466,0.0004663938016165048,0.00019490149861667305,0.0,0.0,0.0,9.262463572667912e-05,0.0003850017092190683,0.0005275514558888972,0.00039598095463588834,8.674270793562755e-05,0.0,0.0,0.0,0.0,0.0,7.588307198602706e-05,0.0005338683840818703,0.0007396392757073045,0.0008362620719708502,0.0007639707182534039,0.0004524830437730998,0.00021760119125247002,4.6620520151918754e-05,8.096735109575093e-05,0.0002450183092150837,0.0005984916351735592,0.0011664496269077063,0.002010068856179714,0.002829925389960408,0.0034919322934001684,0.004008948337286711,0.0043292962945997715,0.004247926641255617,0.0037744620349258184,0.0030280922073870897,0.0022223093546926975,0.001415103324688971,0.0009658767376095057,0.0008062954875640571,0.0008866567513905466,0.0010484664235264063,0.0010134625481441617,0.0005537454271689057,0.00032240920700132847,0.00017977248353417963,0.00024518833379261196,0.0003360588161740452,0.0003451587981544435,1.824191144805809e-06,0.0,0.0,0.0,0.0,0.0,0.0,0.0001186546724056825,0.00017362937796860933,0.0004851040430366993,0.0006414141971617937,0.0007244055159389973,0.00043517444282770157,1.803546183509752e-05,0.0,0.0,0.0,0.0,0.0001482621009927243,0.0003456759441178292,0.00032387938699685037,4.089142748853192e-05,0.0,0.0,0.0,0.0,6.806982855778188e-05,0.00019984353275503963,0.00021720306540373713,0.00020981734269298613,0.000109858374344185,0.0,0.0,0.0,0.0,0.0,0.0,0.0,0.0,0.0,0.0,1.4115515114099253e-05,0.0,0.0,0.0,0.0,0.0,7.218869723146781e-05,0.00020268128719180822,0.0003429300559218973,0.0004842874186579138,0.0005676187574863434,0.0006344295106828213,0.0006497563445009291,0.0006244333344511688,0.000588246330153197,0.0005618957802653313,0.0005199371953494847,0.00038418557960540056,0.00028047742671333253,0.00017182370356749743
2025-12-09T15:48:36.903088,1765295316.9030876,0.0011389574501663446,0.0008618078427389264,0.0006285240524448454,0.00041501945815980434,0.00013974729517940432,0.0,0.0,1.3638743439514656e-05,0.00016721377323847264,0.00020873642642982304,0.00019922769570257515,0.00022498953330796212,0.00028603439568541944,0.00028885502251796424,0.0002332504082005471,0.00015728974540252239,8.395116310566664e-05,4.0972945498651825e-06,0.0,2.122090336342808e-05,0.00019304676970932633,0.0002605224144645035,0.00011396012268960476,0.0,0.0,0.0,5.124542076373473e-05,0.0004886745009571314,0.0006233936874195933,0.0003567686362657696,0.0,0.0,0.0,0.0,0.0,7.932317384984344e-05,0.0003906275669578463,0.0004738803836517036,0.0002718459290917963,3.470619049039669e-05,0.0,0.0,0.0,2.3130292902351357e-05,0.00026072183391079307,0.0003424189053475857,0.00036587202339433134,0.00028002067119814456,0.0002944920561276376,0.00046918707084842026,0.0005848615546710789,0.0008357894839718938,0.0012594424188137054,0.0019527393160387874,0.0027142770122736692,0.0034572032745927572,0.004045255482196808,0.004315635189414024,0.00424074986949563,0.003755047917366028,0.002997033763676882,0.002335486002266407,0.0018520603189244866,0.0016471610870212317,0.0015232196310535073,0.001307297614403069,0.0008802400552667677,0.00020428374409675598,0.0,0.0,0.0,0.0,0.0,0.0,0.0005259476602077484,0.0008908284362405539,0.0012485473416745663,0.0012552731204777956,0.0008758108597248793,0.000508783501572907,0.00011949610779993236,0.0,0.0,0.0,0.0,0.0,0.0,0.0,0.0,3.3264309422520455e-06,0.00023530371254310012,0.00041450635762885213,0.00048583620809949934,0.0005738928448408842,0.0005006242427043617,0.000387833162676543,0.00019719188276212662,1.9965511455666274e-05,0.0,0.0,0.0,0.0,0.0,0.0,9.650619858803111e-07,0.0,0.0,0.0,0.0,0.0,0.0,0.0,5.802543819299899e-05,0.00026849409914575517,0.00043644910329021513,0.0005423230468295515,0.0006077766884118319,0.0006804155418649316,0.0007130246376618743,0.0006986885564401746,0.0006165411905385554,0.0004224013537168503,0.0001616158551769331,0.0,0.0,0.0,0.0,0.0,0.0,0.0,0.0,0.0,0.0,0.0,5.722464629798196e-05
2025-12-09T15:48:38.570611,1765295318.570611,0.0008311966666951776,0.000567081558983773,0.00038050737930461764,0.00021978483709972352,0.00013040391786489636,0.00014234817354008555,0.00016923955990932882,0.00023030870943330228,0.00013748860510531813,0.0,0.0,2.0558514734148048e-05,0.00011547642498044297,0.00018715632904786617,0.00020873377798125148,0.00024680825299583375,0.0002636686258483678,0.00023915237397886813,0.00013610077439807355,7.829041715012863e-05,0.00010366075002821162,0.00029917038045823574,0.000510583573486656,0.00048158818390220404,5.348609192878939e-05,0.0,0.0,0.0,0.0004326963098719716,0.000778843997977674,0.0006007757037878036,2.215623317169957e-05,0.0,0.0,0.0,0.0,0.0,0.0,0.00025269034085795283,0.0004167853039689362,0.00029399135382846,8.617395360488445e-05,4.079701830050908e-05,9.420674905413762e-05,0.00028488915995694697,0.00048291339771822095,0.000603988766670227,0.0007522201631218195,0.00077215296914801,0.0006104651256464422,0.0005302931531332433,0.000577057886403054,0.0010128821013495326,0.001653254614211619,0.002323148073628545,0.0031812614761292934,0.003995147533714771,0.004556077532470226,0.004665531683713198,0.0041518304497003555,0.0030512153171002865,0.0019410273525863886,0.0012204434024170041,0.0008427560096606612,0.0007639454561285675,0.0009381455020047724,0.0010182011174038053,0.0008197532733902335,0.0002435504284221679,0.0,0.0,0.0,0.0,0.0,0.0,0.0,0.0,0.0002513850340619683,0.0003827794862445444,0.0003108966047875583,0.0004626211884897202,0.00015029386850073934,0.0,0.0,0.0,0.0,0.0,0.0,0.0002804306277539581,0.000442636723164469,0.0003763435815926641,0.0001415613223798573,0.0,0.0,0.0,0.0,0.000114534588647075,0.0002650873502716422,0.0003480570449028164,0.000288562587229535,0.0002042482083197683,9.669156861491501e-05,1.3266687346913386e-05,0.0,0.0,0.0,0.0,0.0,0.0,0.0,0.0,0.0,0.0,0.0,0.0001526526757515967,0.00036804532282985747,0.0005005303537473083,0.000664707098621875,0.000836975930724293,0.0009898764546960592,0.001084602321498096,0.001048519043251872,0.0009240644867531955,0.0006976309232413769,0.00042685618973337114,0.00015720009105280042,0.0,0.0,0.0,0.0,0.0,0.0,0.0,0.0,0.0
2025-12-09T15:48:40.236865,1765295320.2368653,0.00045659809256903827,0.000402533303713426,0.0003437107370700687,0.0003043071483261883,0.00022728311887476593,3.2814838050398976e-05,0.0,0.0,0.0,0.0,2.267222953378223e-05,0.00018984012422151864,0.00018986460054293275,6.30835274932906e-05,3.121105464742868e-06,1.7960073819267564e-05,0.00012091534154023975,0.0002017707738559693,0.00022794411052018404,0.0001616131776245311,1.9375604097149335e-05,0.0,0.0,0.0,0.0,8.689254173077643e-06,0.0001239385746885091,0.00011158300912939012,0.0,0.0,0.0,0.0,0.0,0.00017015602497849613,0.0003660678630694747,0.00047847896348685026,0.0004669771296903491,0.0002546616888139397,0.0,0.0,0.0,0.0,0.0,9.777286322787404e-05,0.00030240294290706515,0.0003275834897067398,0.0002472513006068766,6.498614675365388e-05,0.0,0.000114358430437278,0.0004680305428337306,0.0010596360079944134,0.0018855948001146317,0.002736679743975401,0.0035199264530092478,0.004168114624917507,0.00453020166605711,0.004503096919506788,0.004200720693916082,0.0035744858905673027,0.0027904638554900885,0.0019172726897522807,0.0013305767206475139,0.0008980747661553323,0.0006083528278395534,0.0004849011602345854,0.00036173101398162544,0.00035435977042652667,0.00045607780339196324,0.00038457976188510656,0.00026677557616494596,0.0003244288091082126,0.0002993485832121223,0.00031318655237555504,0.00019104058446828276,0.0,0.0,3.1232983133122616e-07,0.0,0.0,0.0,0.0,0.0,0.0003532900009304285,0.0006705633131787181,0.0008840989321470261,0.0006116614094935358,0.00017125395243056118,0.0,0.0,0.0,0.0,0.0,0.0,0.0,0.0,0.0,0.0,0.00013714224041905254,0.0003356748493388295,0.0005174998659640551,0.0006002123700454831,0.0006028953357599676,0.0003837569383904338,0.0001876598980743438,0.0,0.0,0.0,0.0,0.0,0.0,0.00011779418855439872,0.0002681559417396784,0.00037106015952304006,0.0003933580301236361,0.00033254228765144944,0.0001483446394558996,0.0,0.0,0.0,0.0,0.0,0.0,0.0,0.0,0.0,0.00010051560093415901,0.00019329019414726645,0.00030063249869272113,0.0004649442562367767,0.0005002225516363978,0.0004712209920398891,0.000409156724344939,0.0003254150797147304,0.0002319877821719274
2025-12-09T15:48:41.903242,1765295321.9032423,8.339097257703543e-05,0.0,0.0,0.0,0.0,0.0,0.0,0.0,0.0,7.241037383209914e-05,0.0002568472409620881,0.00031392392702400684,0.0003130583791062236,0.0002724543446674943,0.00024129933444783092,0.00023042591055855155,0.000161824791575782,9.893495735013857e-05,0.0,0.0,0.0,0.0,0.0,0.0,0.0001471686118748039,0.00038165345904417336,0.0003903941251337528,0.0002259658940602094,4.994655682821758e-05,0.0,6.0388883866835386e-05,0.00023858582426328212,0.0003726236172951758,0.0004063319356646389,8.840629016049206e-05,0.0,0.0,0.0,0.0,0.0,1.6120937289088033e-05,0.0003234450123272836,0.0002810706791933626,4.36224763689097e-05,3.795883458224125e-05,7.383977936115116e-05,0.00020726121147163212,0.00026930958847515285,0.00021582165209110826,0.00038071617018431425,0.0005794496973976493,0.0009248501155525446,0.001519171055406332,0.0021921973675489426,0.002869407180696726,0.0035823422949761152,0.004277718719094992,0.0046448963694274426,0.004557870794087648,0.003958193585276604,0.0029623503796756268,0.0019375793635845184,0.0013500361237674952,0.0010555735789239407,0.0009293651673942804,0.0008033066987991333,0.0007538414211012423,0.0006686946144327521,0.0005659652524627745,0.00034795014653354883,0.0,0.0,0.0,0.0,0.0,0.0,0.0,0.0003656244953162968,0.0004772420506924391,0.00039758734055794775,0.00047788640949875116,0.0004239073023200035,0.000288467068457976,0.0001604429562576115,0.00014934757200535387,0.00015646366227883846,0.00023069418966770172,0.0002496984670870006,3.7854730180697516e-05,0.0,0.0,0.0,0.0,0.0,0.0,0.0,0.0,0.0,0.0,0.0,3.2180796551983804e-05,8.343892841367051e-05,0.00015243446978274733,0.00014962498971726745,0.0001641433482291177,0.00013692156062461436,8.115041418932378e-05,1.8765271079246304e-06,0.0,0.0,0.0,0.0,0.0,0.0,0.0,0.0,0.0,0.0,0.0,0.0,0.0,0.0,0.0,0.0,0.0,0.0,0.0,0.0,0.0,0.0,0.0,0.0,0.0,0.0,0.0
2025-12-09T15:48:43.570185,1765295323.5701854,0.0,0.0,0.0,0.0,0.00011422691750340164,0.0005012713372707367,0.0006144724320620298,0.0005212833639234304,0.0001544273691251874,0.0,0.0,0.0,0.0,0.0,0.0,0.0,0.00011862941755680367,0.00031202571699395776,0.0004334871773608029,0.00048208044609054923,0.0005104270530864596,0.0005895976210013032,0.0007272744551301003,0.0007886430248618126,0.0006225622491911054,0.00025021773763000965,0.0,0.0,0.0,0.0,0.0,0.0,0.0,0.0,0.0,0.0,0.0002943607687484473,0.0005583320162259042,0.0007422312628477812,0.0008551194332540035,0.0007164682610891759,0.00037097439053468406,8.453163172816858e-05,0.0,0.0,0.0,0.0,0.0,0.0003022399905603379,0.0005042959237471223,0.0005394653999246657,0.0007096572080627084,0.0012212763540446758,0.0019371194066479802,0.002698753494769335,0.0034398194402456284,0.004132424481213093,0.00458414014428854,0.004661434330046177,0.004266484174877405,0.0034096618182957172,0.002418296178802848,0.0014899404486641288,0.0007655593217350543,0.0002645727654453367,0.0,0.0,0.0,0.0,0.0,0.0,0.0,0.0,0.0,3.7934325519017875e-05,2.3550483092549257e-05,0.0,0.0,0.0,0.0,0.0002490747720003128,0.000655307958368212,0.0008325175731442869,0.0006588359829038382,0.0003155859012622386,0.0,0.0,0.0,0.0,3.996703162556514e-05,0.00021322467364370823,0.0002604638284537941,0.00019159051589667797,8.159979188349098e-05,3.1273055355995893e-05,3.074271444347687e-05,5.956747190793976e-05,5.395384505391121e-05,5.690176840289496e-05,4.601861292030662e-05,9.301663340011146e-06,6.642443622695282e-05,0.00020025469711981714,0.00036405117134563625,0.000483433686895296,0.0005504734581336379,0.0005555736715905368,0.0004890262498520315,0.00035718834260478616,0.00022007217921782285,9.755162318469957e-05,3.539042882039212e-05,8.854767656885087e-06,8.003516995813698e-06,5.538604091270827e-05,0.00014814670430496335,0.0003188752743881196,0.00048681904445402324,0.0006080373423174024,0.0005878937663510442,0.0004800262686330825,0.0002747468533925712,7.288379856618121e-05,0.0,0.0,0.0,0.0,0.0,0.0,0.0,0.0,0.0,0.0,0.00011499500396894291,0.00024173561541829258
2025-12-09T15:48:45.237158,1765295325.2371583,0.0004557529464364052,0.0,0.0,0.0,0.0,0.0,0.0,0.0002547908225096762,0.0006328150629997253,0.0006669138674624264,0.00033530007931403816,0.0,0.0,8.051961776800454e-05,0.0002932636416517198,0.0003178464248776436,0.00012037916894769296,1.8560238459031098e-05,0.0001247661275556311,0.0002589032519608736,0.00023266597418114543,5.340746065485291e-05,2.7296873668092303e-05,0.00033701324719004333,0.000740374845918268,0.0008124685846269131,0.0003262665413785726,0.0,0.0,0.0,0.0,0.00025980931241065264,0.0007100944640114903,0.0008104908047243953,0.0005587166524492204,0.00026424703537486494,0.0001059592395904474,0.00010895111336139962,0.0003208892303518951,0.0005560219287872314,0.0006439143908210099,0.00038944504922255874,0.0,0.0,0.0,0.0,0.0,0.00023304314527194947,0.0009447637130506337,0.0014589824713766575,0.0017000763909891248,0.0017692920519039035,0.0018146962393075228,0.0019813459366559982,0.002296242630109191,0.002819659886881709,0.003255575429648161,0.003609013743698597,0.0038036867044866085,0.0038203266449272633,0.0035742379259318113,0.0030988475773483515,0.0023875702172517776,0.0017321385676041245,0.0011209846707060933,0.0006372314528562129,0.00045895998482592404,0.00025304185692220926,0.00011961480777245015,0.0,0.0,0.0,0.0,0.0,0.0,8.016538777155802e-05,0.00038592357304878533,0.0008808803977444768,0.0009760960820131004,0.0008348377305082977,0.00028011001995764673,0.0,0.0,0.0,0.0,0.0,0.0,5.5762179727025796e-06,5.510740811587311e-05,0.00017420563381165266,0.00024531330564059317,0.0003451190423220396,0.0003344138967804611,0.00023391557624563575,7.282553269760683e-05,0.0,0.0,0.0,0.0,0.0,0.0,0.0,0.0,0.0,0.0,0.0,0.0,0.0,0.00011157865083077922,0.00027976863202638924,0.0004688221088144928,0.0006126582738943398,0.0006715482450090349,0.0006399466074071825,0.0005702879861928523,0.000467275851406157,0.0003058391157537699,0.0001256933028344065,0.0,0.0,0.0,0.0,0.0,0.0,0.0,0.0,0.0,0.0,0.0,0.0,0.0,0.0,0.0,0.0,2.5416980861336924e-05
2025-12-09T15:48:46.906572,1765295326.9065716,0.0,0.0,0.0001488745620008558,0.0003973096900153905,0.0006578142638318241,0.0005699075991287827,0.0002223629562649876,0.0,0.0,0.0,0.0,0.0,0.00021647007088176906,0.0003448148781899363,0.0003540019388310611,0.0001870981795946136,0.0,0.0,0.0,0.0,0.00016332372615579516,0.0002940975537057966,0.0003295266069471836,0.0003009664942510426,0.00017970518092624843,0.0,0.0,0.0,0.0,0.0,0.0005012005567550659,0.0007264604209922254,0.00044768923544324934,0.0,0.0,0.0,0.0,0.00015318002260755748,0.0004532988532446325,0.0005175529513508081,0.00022005215578246862,0.0,0.0,0.0,0.0,0.0,0.00023346238594967872,0.0005769595154561102,0.0009078471339307725,0.0012075819540768862,0.0014262000331655145,0.001562817138619721,0.001743256114423275,0.0020863423123955727,0.0024347701109945774,0.00283824629150331,0.0031525136437267065,0.0034168222919106483,0.0035556978546082973,0.0034681549295783043,0.0031895365100353956,0.0029728296212852,0.0025086156092584133,0.0020557541865855455,0.0015709614381194115,0.001094426610507071,0.0005596920964308083,0.0,0.0,0.0,0.0,0.0,0.0,0.0,0.0001419178443029523,0.00046584417577832937,0.0008237758302129805,0.0008723039645701647,0.0007644752622582018,0.0005307156243361533,0.0002331952127860859,0.0,0.0,0.0,0.0,0.0,0.0,0.0,0.0,0.0,0.0,0.0,0.0002499357215128839,0.0005606527556665242,0.0005774351302534342,0.0003781566338147968,0.0001644538715481758,0.0,0.0,0.0,0.0,0.0,0.0,0.0,0.0,0.0,0.0,0.0,0.0,0.0,0.0,0.0002858218504115939,0.0005487154703587294,0.0006908401846885681,0.0006827353499829769,0.0005424522096291184,0.00030993373366072774,6.293570913840085e-05,0.0,0.0,0.0,0.0,0.0,0.0,0.0,0.0,0.0,0.0,0.0,0.0,0.0,0.0,2.590099029475823e-05,4.8843907279660925e-05,3.397367981960997e-05
2025-12-09T15:48:48.572962,1765295328.5729623,0.0004974908661097288,0.00042806685087271035,0.00034146307734772563,0.00019446297665126622,9.250159678231284e-07,0.0,0.0,0.0,0.0,0.0,0.00012547749793156981,0.00043564935913309455,0.0007560952799394727,0.0007411590777337551,0.0003219900536350906,0.0,0.0,0.0,0.0,0.0,4.628534952644259e-06,6.423167360480875e-05,8.880369568942115e-05,0.00016118901839945465,0.0002627996145747602,0.00035326319630257785,0.00030553879332728684,0.00012137093290220946,0.0,0.0,0.0,0.0,0.00010699642007239163,0.00036492719664238393,0.000568677089177072,0.0006817749817855656,0.0004436954914126545,7.268223271239549e-05,0.0,0.0,0.0,0.0,0.0,0.00010968625429086387,0.00012309252633713186,0.00010661286069080234,7.105253462214023e-05,0.00012244825484231114,0.0003371815837454051,0.0005080639966763556,0.0006133135757409036,0.0008587746997363865,0.0013139533111825585,0.001940098125487566,0.0026373316068202257,0.003378712572157383,0.004085882566869259,0.004541032016277313,0.00458176527172327,0.0041258446872234344,0.00333276460878551,0.002409395296126604,0.0015717643545940518,0.0008048091549426317,0.0002512496430426836,0.0,0.0,0.0,0.00010233240755042061,0.0004346539208199829,0.000579357089009136,0.0005485827568918467,0.00033349738805554807,0.0,0.0,0.0,0.0,0.0,0.0,0.0,0.00011969068145845085,0.0002940788399428129,0.000412716151913628,0.00023323668574448675,8.158421405823901e-05,9.096928988583386e-05,7.856307638576254e-05,0.00025672055198810995,0.0005228715599514544,0.0005831138114444911,0.0004502902156673372,0.00013909231347497553,0.0,0.0,0.0,0.0,0.00012092979886801913,0.00036465239827521145,0.00047933103633113205,0.0005514532676897943,0.0004407251544762403,0.0003630809369497001,0.0003133573045488447,0.0002448505547363311,0.0002135024406015873,0.00018215549062006176,0.0001838775642681867,0.0001813402632251382,0.00019666865409817547,0.00016326269542332739,6.872228550491855e-05,0.0,0.0,0.0,0.0,0.0,0.0,7.013710273895413e-05,0.0001489949645474553,0.00015754914784338325,0.000139152878546156,0.00010237988317385316,0.00010304296301910654,6.29108544671908e-05,2.8808621209464036e-05,4.7407760575879365e-05,9.493196557741612e-05,0.00013560758088715374,0.00011219672887818888,8.474401693092659e-05,4.802200055564754e-05,0.0,0.0,0.0,0.0
2025-12-09T15:48:50.240025,1765295330.2400248,0.0,0.0,0.0,0.0,7.129846198949963e-05,0.0002114147209795192,0.0003238292410969734,0.0003210424620192498,0.00016776920529082417,0.0,0.0,0.0,0.0,0.0,0.00010549068974796683,0.00020932186453137547,0.0002763037628028542,0.0002481600095052272,7.218773680506274e-05,0.0,0.0,0.0,0.00017741393821779639,0.0006423217710107565,0.0007734232349321246,0.0005159872234798968,4.7635825467295945e-05,0.0,0.0,0.0,0.00026285770582035184,0.00041163768037222326,0.0002620363957248628,0.0,0.0,0.0,0.0,0.0,0.00032768832170404494,0.0006701127858832479,0.0006433884846046567,0.00042743352241814137,0.00024813375785015523,0.00021250183635856956,0.00035951336030848324,0.00045061635319143534,0.0005179403815418482,0.000641510880086571,0.0006826822063885629,0.0006963989580981433,0.0006447751075029373,0.0007607823936268687,0.0011223573237657547,0.0017573301447555423,0.0025275484658777714,0.0034050666727125645,0.004289621487259865,0.004751165863126516,0.004739553201943636,0.004271314479410648,0.0033901005517691374,0.0025993045419454575,0.0017975580412894487,0.0012869677739217877,0.0008427932043559849,0.0004328920622356236,5.504918590304442e-05,0.0,0.0,0.0,0.0,0.0,0.0,0.00021017141989432275,0.0005225384957157075,0.0007396992878057063,0.0005797630874440074,0.0003072052786592394,2.955547643068712e-06,0.0,0.0,0.0,0.0,0.0,0.0,0.0,0.0,0.0,0.0,2.574412792455405e-05,4.9604368541622534e-05,5.889847670914605e-05,5.915313522564247e-05,4.571679892251268e-05,0.00011769899720093235,0.00016411735850851983,0.0002110941568389535,0.0001758688158588484,7.519241626141593e-05,0.0,0.0,0.0,0.0,0.0,0.0,0.0,0.0,0.0,0.0,6.97764044161886e-05,0.00017065256542991847,0.0002589220239315182,0.0003026846097782254,0.0002989690110553056,0.0002876288490369916,0.00024046990438364446,0.00017261880566366017,0.00010616221698001027,0.0,0.0,0.0,0.0,0.0,0.0,0.0,0.0,0.0,0.0,0.0,0.0,0.0,0.0,0.0,0.0,0.0
2025-12-09T15:48:51.905746,1765295331.9057455,0.0,0.0,0.0,0.0,0.0,3.0464818337350152e-05,0.00011122032447019592,6.8029468820896e-05,0.0,0.0,0.0,0.0,0.0,0.0,0.00023388575937133282,0.0003811360220424831,0.00029954235651530325,0.00015417487884406,0.00010149620356969535,7.807914516888559e-05,5.946333476458676e-05,0.0,0.0,0.00011726999218808487,0.0003018236602656543,0.00029413128504529595,3.060666495002806e-05,0.0,0.0,0.0,1.815826544770971e-05,0.00027037528343498707,0.0004051135329063982,0.00032641456346027553,4.538466964731924e-05,0.0,0.0,8.985504973679781e-05,0.00032151135383173823,0.0005215285927988589,0.0005689397221431136,0.00047307510976679623,0.00024271557049360126,0.0,0.0,0.0001056886394508183,0.00028953616856597364,0.0004784927295986563,0.0005699485773220658,0.0006664622342213988,0.0007669209153391421,0.0011017617071047425,0.001594384666532278,0.0021239700727164745,0.0027042527217417955,0.0033132091630250216,0.0038919695653021336,0.004282361827790737,0.004256016109138727,0.003723727073520422,0.0029179516714066267,0.0021841879934072495,0.0017903781263157725,0.0016551550943404436,0.0016615096246823668,0.0015050395159050822,0.00134193804115057,0.0009383708820678294,0.0005337342154234648,5.172762394067831e-05,0.0,0.0,0.0,0.0,0.0,0.0,9.737208165461197e-05,0.0007972157909534872,0.0010070588905364275,0.0010369832161813974,0.0006730489549227059,0.00042650484829209745,0.00039620231837034225,0.00035596502129919827,0.00035439274506643414,0.00022977907792665064,2.6870944566326216e-05,0.0,0.0,0.0,0.0,0.0,0.0,6.584161019418389e-05,0.00023433113528881222,0.00023962628620211035,0.0003070030943490565,0.0003745370777323842,0.00045524266897700727,0.000487710494780913,0.0004445997183211148,0.0002852440229617059,5.774694727733731e-05,0.0,0.0,0.0,0.0,0.0,0.0,0.0,0.0,0.00012170826812507585,0.00021222548093646765,0.00022887949307914823,0.0002169120270991698,0.00015237447223626077,5.003898695576936e-05,0.0,0.0,0.0,0.0,5.5244003306142986e-05,0.00015713140601292253,0.0002647868823260069,0.00037584768142551184,0.00042434915667399764,0.00036226477823220193,0.00026366757811047137,0.00017738166206981987,7.544526306446642e-05,0.0,0.0,0.0,0.0,0.0
2025-12-09T15:48:53.571871,1765295333.5718713,0.0002204254997195676,0.0002243969211122021,0.00023755403526593,0.00023491369211114943,0.00023874110775068402,0.00030304232495836914,0.00035629249759949744,0.00043507604277692735,0.00042859994573518634,0.0003777102683670819,0.00022440982866100967,3.852821100736037e-05,0.0,0.0,0.0,0.0,0.0,0.0,0.0,0.00024073974054772407,0.0004281548026483506,0.000387456821044907,0.0001889156992547214,4.0791459468891844e-05,7.609975727973506e-05,0.0002022372791543603,0.00023701589088886976,0.00021462133736349642,0.00016526876424904913,4.3696312786778435e-05,0.0,0.0,0.0,3.0131866878946312e-05,0.00040454778354614973,0.0006024568574503064,0.0005840414087288082,0.00018828685279004276,0.0,0.0,0.0,0.0,0.0,0.0003830853383988142,0.0008097076206468046,0.0009598057367838919,0.0008059088722802699,0.00041314627742394805,0.0,0.0,0.0,0.0006481234449893236,0.0015558889135718346,0.0024736837949603796,0.003268269822001457,0.0038501734379678965,0.004213845822960138,0.004360097460448742,0.004206205252557993,0.003700311528518796,0.002905746689066291,0.001957161584869027,0.0012766196159645915,0.0007600730168633163,0.00042744618258439004,0.00017536083760205656,0.00015412385982926935,5.741891436628066e-05,0.0,5.8370682381791994e-05,0.0002544190501794219,0.0004903674707747996,0.0005509304464794695,0.00047317511052824557,0.00014920267858542502,0.0001372066471958533,0.0002556562831159681,0.00024459222913719714,0.0,0.0,0.0,0.0,0.0,0.00044114614138379693,0.0008189425570890307,0.0009595868759788573,0.0007333320681937039,0.0003630614373832941,0.0,0.0,0.0,0.0,0.0,7.839784666430205e-05,8.229610102716833e-05,0.0,0.0,0.0,0.0,0.0,0.0,0.0,0.0,0.0,0.0,0.0,0.0,0.0,0.00011560932762222365,0.00021314050536602736,0.0002615948615130037,0.0002703057252801955,0.00025992683367803693,0.00022191760945133865,0.00011166395415784791,0.0,0.0,0.0,0.0,0.0,0.0,0.0,0.0,0.0,0.0,8.988201443571597e-05,0.00022018994786776602,0.0003285403363406658,0.0004354000848252326,0.0005393721512518823,0.0005507023306563497,0.0007259512785822153,0.0006768670864403248,0.0005592471570707858,0.00046220567310228944
2025-12-09T15:48:55.237855,1765295335.237855,0.0005308517720550299,0.00042435177601873875,0.000329558621160686,0.00019593077013269067,0.0,0.0,6.338379898807034e-05,0.0003501139290165156,0.0005801560473628342,0.0006174551090225577,0.0003723628760781139,0.00015981549222487956,9.26189313759096e-05,6.231156930880388e-06,0.0,0.0,0.0,8.144085586536676e-05,0.00034430305822752416,0.00028593311435543,6.058485814719461e-05,0.0,0.0,0.00023240066366270185,0.0004065367393195629,0.00042225859942846,0.000305619731079787,0.0003328659222461283,0.0004953210009261966,0.000550856813788414,0.0003138117608614266,0.0,0.0,0.0,0.0,0.00015590772090945393,0.00039076636312529445,0.00026033431640826166,9.597889584256336e-05,0.0,0.0,0.0,0.0,0.00027612957637757063,0.0006375713855959475,0.0008749485132284462,0.0009935121051967144,0.0010469609405845404,0.0010847692610695958,0.0008822150994092226,0.0005406338023021817,0.0004087839915882796,0.0007050589774735272,0.0013355177361518145,0.002102369675412774,0.003055912908166647,0.0039916993118822575,0.004622402600944042,0.004812064114958048,0.004476765636354685,0.0035348141100257635,0.0023341714404523373,0.001413002610206604,0.0007111546001397073,0.00034783233422786,0.00014378290507011116,0.00023495321511290967,0.0003015410911757499,0.0004769365768879652,0.0006919329753145576,0.0006918737199157476,0.00041941922972910106,8.435368363279849e-05,0.0,0.0,0.0,0.0,0.0,6.316362123470753e-05,0.00027399061946198344,0.00030669564148411155,0.0001226670719916001,0.0,0.0,0.0,0.0,0.0,0.0,0.0005318772746250033,0.000973429181613028,0.0012213281588628888,0.0010930601274594665,0.0007200227701105177,0.00023990411136765033,0.0,0.0,0.0,0.0,0.0,0.0,0.0,0.0,0.0,0.0,0.0,0.0,7.452165846189018e-06,6.792572094127536e-05,0.00017368698900099844,0.00025270276819355786,0.00031983567168936133,0.00037848440115340054,0.00041636478272266686,0.0004279396671336144,0.000394143775338307,0.00025516172172501683,0.00016650428005959839,0.00012556153524201363,5.74457117181737e-05,0.0,0.0,0.0,0.0,0.0,0.0,0.0,0.0,5.173786121304147e-06,2.2842175894766115e-05,0.0,0.0,1.2138397323724348e-05,1.3328548448043875e-05,1.7002676031552255e-05,5.980800051474944e-05
2025-12-09T15:48:56.904453,1765295336.9044528,0.0002902669075410813,4.318931314628571e-05,0.0,0.0,0.0,0.0,0.0,0.0,0.00037872654502280056,0.0007463480578735471,0.0007975751650519669,0.00048057283856905997,2.441445758449845e-05,0.0,0.0,0.0,0.0,0.0,0.0,0.0,6.809723799960921e-06,7.047061080811545e-05,3.712897523655556e-05,9.296964708482847e-05,0.0002943490690086037,0.0005318261682987213,0.0005626637139357626,0.0003559808828867972,3.387632386875339e-05,0.0,0.0,0.00023466662969440222,0.00046378502156585455,0.00047698267735540867,0.0002273746213177219,0.0,0.0,0.0,0.0,0.00011442960385465994,0.0004198557580821216,0.0006477581337094307,0.0006120531470514834,0.00028236553771421313,0.0,0.0,0.0,0.0,0.0,0.0004876096500083804,0.0011924998834729195,0.0018742018146440387,0.002365050371736288,0.0027094953693449497,0.002959504956379533,0.0032198899425566196,0.0034601229708641768,0.0035489110741764307,0.0034036883153021336,0.003242751583456993,0.002992496360093355,0.002944834530353546,0.002569068456068635,0.0021648153197020292,0.001600760268047452,0.0010297495173290372,0.00032634055241942406,0.0,0.0,0.0,0.0,0.0,0.0003338952374178916,0.00045093923108652234,0.0006325935828499496,0.0003826686297543347,4.629254908650182e-05,0.0,0.0,0.0,0.0,0.0,6.878847489133477e-05,0.0005358548951335251,0.0007653682841919363,0.0008158480632118881,0.00036906186142005026,0.0,0.0,0.0,0.0,0.0,0.0,0.00032440584618598223,0.000618443067651242,0.0007224336732178926,0.0007499693310819566,0.0006637768819928169,0.00044052419252693653,0.00016808570944704115,0.0,0.0,0.0,0.0,0.0,0.0,0.0,0.0,0.0,0.0,0.0,0.0,0.0,0.0,0.0,0.0,0.0,9.206029790220782e-05,0.0002621801686473191,0.00040138248004950583,0.0004352593969088048,0.000343132036505267,0.00022096848988439888,0.00011580411955947056,1.833551868912764e-05,0.0,0.0,0.0,0.0,0.0,0.0,0.0001223555882461369,0.00021214170556049794,0.00033104312024079263,0.000404893682571128
2025-12-09T15:48:58.569631,1765295338.5696313,0.001317493268288672,0.001015689573250711,0.000758329697418958,0.0004842621274292469,9.413803491042927e-05,0.0,0.0,0.0,0.0,0.00010245481826132163,0.0002333245938643813,0.00018266016559209675,5.166460687178187e-05,0.0,0.0,2.2328236809698865e-05,8.324032933160197e-06,0.0,0.0,3.3345997508149594e-05,0.00013795752602163702,0.00015072833048179746,5.666779543389566e-05,0.0,0.0,5.463995421450818e-06,9.832767682382837e-05,0.0001315716654062271,5.5072494433261454e-05,0.0,0.0,0.0,0.0,0.0,0.0,0.00017197315173689276,0.00038785816286690533,0.00040156999602913857,0.00032367664971388876,0.00015219923807308078,2.722304270719178e-05,0.0,0.0,8.514060755260289e-05,0.00019718926341738552,0.00021244135859888047,0.00023066617723088712,0.000277029030257836,0.0002931503113359213,0.0003144993388559669,0.000519815250299871,0.000907084729988128,0.001547637744806707,0.0022467882372438908,0.00282479845918715,0.003425536910071969,0.003880274249240756,0.004231128841638565,0.0042650289833545685,0.003937923815101385,0.0033562416210770607,0.002763019874691963,0.0021105145569890738,0.0015096591087058187,0.0009822469437494874,0.0005430342862382531,7.119563088053837e-05,0.0,0.0,0.0,0.0,0.0,0.0,0.0,0.0,8.169023203663528e-05,4.401393380248919e-05,0.0,0.0,0.0,0.0,0.0,0.0,0.0001129942320403643,0.0002593842800706625,0.0001895189780043438,0.0002607388887554407,0.00039072177605703473,0.00028548960108309984,0.0001728422357700765,8.022377005545422e-05,0.0,0.0,2.4641489289933816e-05,0.00017976618255488575,0.00031821292941458523,0.00038405388477258384,0.0003014195244759321,3.937713336199522e-05,0.0,0.0,0.0,0.0,0.0,0.0,0.0,5.105076706968248e-05,0.0002213700208812952,0.0003125281655229628,0.0002885182329919189,0.00019754817185457796,0.0001239013799931854,0.00011328087566653267,9.129323734669015e-05,0.0001185952132800594,0.00021196781017351896,0.00043358089169487357,0.0005738712497986853,0.0006397426477633417,0.0005676219589076936,0.00040122296195477247,0.00013876789307687432,0.0,0.0,0.0,0.0,0.0,0.0,0.0,0.0,0.0,0.0,0.0,7.016096787992865e-06,2.5387016648892313e-05
2025-12-09T15:49:00.236619,1765295340.2366195,0.0007458478794433177,0.0004523973329924047,0.0001919206406455487,0.0,0.0,0.0,0.0,0.0,4.579987580655143e-05,0.00040470334351994097,0.0005322815850377083,0.00034954119473695755,2.693441456358414e-05,0.0,0.0,0.0,0.0,0.0,0.0,0.0,0.0,0.0,0.0,0.0,0.0,0.0,0.00010051142453448847,0.0002124058810295537,0.00030794061603955925,0.0003988548123743385,0.0005139060667715967,0.000603985448833555,0.0005489459726959467,0.00029810474370606244,0.0,0.0,0.0,0.0,0.0,2.50852940553159e-06,0.00024858242250047624,0.00042272667633369565,0.0002762205549515784,7.815285061951727e-05,0.0,0.0,0.0,5.3009305702289566e-05,0.0002030814066529274,0.0005826193955726922,0.0008770477143116295,0.0012662516674026847,0.0016575029585510492,0.0020439154468476772,0.002448111539706588,0.0029667052440345287,0.0035453366581350565,0.004054939839988947,0.004090245813131332,0.0037176371552050114,0.0030145372729748487,0.0023717686999589205,0.00177346495911479,0.001461953273974359,0.0012369898613542318,0.0010776385897770524,0.0008861194946803153,0.0005423990078270435,0.0,0.0,0.0,0.0,0.0,0.0,0.0,0.0,0.0,0.0,0.0,0.0,0.0,0.0,1.6809724911581725e-05,0.0003762830456253141,0.0006485307239927351,0.0007771916571073234,0.0007086104596965015,0.0003294672933407128,0.0,0.0,0.0,0.0,0.0,0.0,0.00023290040553547442,0.00040486655780114233,0.00044227237231098115,0.0003548316890373826,0.0001685999013716355,1.1282496416242793e-05,0.0,0.0,1.4751311709915171e-06,0.0001251925277756527,7.250524504343048e-05,0.0,0.0,0.0,0.0,0.0,0.0,0.0,0.0,3.843171271000756e-06,0.0002257447922602296,0.00046710908645763993,0.0006442522862926126,0.0006099423044361174,0.00046214627218432724,0.0002444622805342078,3.879651194438338e-05,0.0,0.0,0.0,0.0,0.0,0.0,0.0,0.0,0.0,0.0,0.0,0.0,1.7195734471897595e-05,4.7452478611376137e-05
2025-12-09T15:49:01.903104,1765295341.9031036,0.00035367588861845434,0.00025500988704152405,9.78399402811192e-05,0.0,0.0,0.0,0.0,0.0,0.0,0.0002345466346014291,0.0004156083450652659,0.0006109285750426352,0.000755251559894532,0.0005409619188867509,9.904419130180031e-05,0.0,0.0,0.0,0.0,0.0,0.0,0.0,0.00010419426689622924,0.00030810164753347635,0.0004830416582990438,0.0005898679373785853,0.0005462783155962825,0.0004337749269325286,0.000362634367775172,0.0003220381331630051,0.00024194011348299682,8.389272261410952e-05,0.0,0.0,0.0,0.0,0.0,0.0,0.0,0.0,0.0,0.0001714788086246699,0.0006951627437956631,0.0009743818081915379,0.0010677415411919355,0.001016952795907855,0.000656630436424166,0.0002047022571787238,0.0,5.4177300626179203e-05,0.0004579339292831719,0.0010768730426207185,0.0017738674068823457,0.0024078746791929007,0.003029390936717391,0.0036612169351428747,0.004233036655932665,0.004472921136766672,0.0044207763858139515,0.004003782756626606,0.0032333037815988064,0.0023923220578581095,0.001613339874893427,0.0011606415500864387,0.00093105185078457,0.0008480025571770966,0.0007441530469805002,0.0006054295809008181,0.0003641186049208045,0.00011334093869663775,0.0,0.0,0.0,0.0,0.00013598638179246336,0.00017874391051009297,0.0,0.0,0.0,0.0,0.0,0.0001065148098859936,0.00015288392023649067,0.00015083886682987213,6.46162370685488e-05,0.0,0.0,0.0,0.0,0.00011033832561224699,0.0002403293619863689,0.00031947900424711406,0.00024971392122097313,0.0001158142986241728,0.0,0.0,0.0,0.0,0.0,6.936544377822429e-05,9.965338540496305e-05,0.00011957716196775436,8.643705950817093e-05,0.0,0.0,0.0,0.0,0.0,0.0,0.0,0.0,0.00021038067643530667,0.00041338501614518464,0.0005239134770818055,0.0005121844005770981,0.0003816087555605918,0.0002267189120175317,0.00010508808918530121,0.0,0.0,3.02434364130022e-05,0.0001352904801024124,0.00025111535796895623,0.0003673293977044523,0.0004144715494476259,0.0004149424785282463,0.00039147527422755957,0.0003411040233913809,0.00020769576076418161,5.8457069826545194e-05,0.0,0.0,0.0,0.0,0.0
2025-12-09T15:49:03.570982,1765295343.5709825,0.000586571404710412,0.0004000958288088441,0.00025284168077632785,0.0001308587525272742,0.0,0.0,0.0,0.0,0.0,0.0,0.0002667816006578505,0.0005274938885122538,0.0005963601870462298,0.0004348329675849527,0.00015814133803360164,0.0,0.0,0.0,0.0,0.0,0.0,0.0,4.736369373858906e-05,0.0002874756755772978,0.0003694355546031147,0.00028977758483961225,0.00011369194544386119,8.651729876874015e-05,0.0003028179344255477,0.0006228701677173376,0.0008636401034891605,0.0008704913780093193,0.0005626035272143781,0.00016697830869816244,0.0,0.0,0.0,0.0,0.0,0.0,0.0,0.00027783712721429765,0.0005722196656279266,0.0006939487648196518,0.000858584011439234,0.000823113601654768,0.0005867503932677209,0.0004378737648949027,0.00035671296063810587,0.0004703670274466276,0.0007208669558167458,0.001103297690860927,0.0015382474521175027,0.002122103003785014,0.0026583762373775244,0.0031992613803595304,0.0037245568819344044,0.003980956505984068,0.0039048336911946535,0.0035710898227989674,0.0030193219427019358,0.002453379100188613,0.0019436931470409036,0.0015159749891608953,0.0013625107239931822,0.0010661350097507238,0.0007260556449182332,0.00027625932125374675,0.0,0.0,0.0,0.0,0.0,0.00016588253492955118,0.0004678863915614784,0.0008679510792717338,0.0010177030926570296,0.0009139091125689447,0.0005203158361837268,0.0001573470508446917,1.7269047702939133e-06,0.0,0.0,0.0,0.0,0.0,0.0,0.0,0.0,0.00014777632895857096,0.00043930421816185117,0.0006048392970114946,0.0006805136799812317,0.0005625673802569509,0.000507242395542562,0.0005049310275353491,0.00037903242628090084,0.0002737112226895988,0.00020059918460901827,9.878510900307447e-05,0.0,0.0,0.0,0.0,0.0,0.0,0.0,0.0,0.0,0.0,0.0,0.0001978076616069302,0.0003430331125855446,0.0004516875487752259,0.0004901756183244288,0.00044978008372709155,0.00034307202440686524,0.00026020087534561753,0.00016878849419299513,0.00011619470024015754,7.468280819011852e-05,4.719712524092756e-05,0.0,0.0,0.0,0.0,0.0,0.0,0.0,0.0,0.0,0.0,0.0,0.0,0.0
2025-12-09T15:49:05.238406,1765295345.2384057,0.0,0.0,4.81094466522336e-05,0.00018060483853332698,0.00031670869793742895,0.0004076061595696956,0.00041099070222117007,0.0003032543754670769,0.00017920303798746318,0.0,0.0,0.0,5.6222495913971215e-05,8.562612492823973e-05,0.0,0.0,0.0,0.0,0.0,4.4360040192259476e-05,0.00027722216327674687,0.00027551501989364624,0.00019053697178605944,0.00019894535944331437,0.0002582772867754102,0.0002268421812914312,6.484032928710803e-05,0.0,0.0,0.00016784056788310409,0.00039918505353853106,0.0004294759128242731,0.00024241083883680403,0.0,0.0,0.0,0.0,0.0,0.0,0.0,0.0,0.0,0.00019471425912342966,0.000393759022699669,0.0005647080834023654,0.0007540428196080029,0.0008880537934601307,0.0007948816637508571,0.0005229844828136265,0.00044927073759026825,0.00041137609514407814,0.0006018264102749527,0.0009896273259073496,0.0015642091166228056,0.0022888267412781715,0.003001996548846364,0.0036963738966733217,0.004293950740247965,0.004466480575501919,0.004093374591320753,0.00332630961202085,0.0025394379626959562,0.0019746662583202124,0.0015459711430594325,0.0013259195256978273,0.0010131696471944451,0.0006591796409338713,0.00018175505101680756,0.0,0.0,0.0,0.0,0.00018537224968895316,0.00043134737643413246,0.00022588922001887113,0.00027608012896962464,8.146608161041513e-05,0.0,0.0,0.0,0.0,0.0,0.0,0.00012610368139576167,0.00010917003965005279,0.0,0.0,0.0,0.0,0.0,0.00016097475599963218,0.0003588930412661284,0.0004883240326307714,0.0004107423301320523,0.00025834867847152054,0.0,0.0,0.0,0.0,0.0,0.0,0.0,6.571066478500143e-05,0.0002162377641070634,0.000255201623076573,0.00024238736659754068,0.0001473728334531188,8.183236786862835e-06,0.0,0.0,0.0,0.0,0.0,0.0,0.0,0.0,0.0,0.0,0.0,0.0,0.0,0.0,0.0,0.0,7.432705024257302e-05,0.0001563419500598684,0.00024191700504161417,0.0002788251149468124,0.000235251834965311,8.715385774848983e-05,0.0,0.0,0.0,0.0,0.0
2025-12-09T15:49:06.906382,1765295346.9063818,0.0001413224672432989,3.28933892888017e-05,0.0,0.0,0.0,0.0,0.0,9.64175706030801e-05,0.00033350757439620793,0.00043028235086239874,0.00022159832587931305,0.0,0.0,0.0,0.000130808592075482,0.000192331601283513,0.00020949509053025395,0.00018889270722866058,0.0002482890267856419,0.0003057742433156818,0.00017403186939191073,0.0,0.0,0.0,0.0,8.653164695715532e-05,0.00024982879403978586,0.0001451514835935086,0.0,0.0,0.0,0.00018855046073440462,0.0005921795382164419,0.0007494413875974715,0.0005454801139421761,0.00021594193822238594,0.0,0.0,0.0,0.0,0.0,0.0,4.852595884585753e-05,0.0001568733132444322,0.000414124020608142,0.00053498859051615,0.0006510019302368164,0.0006582815549336374,0.0006059423903934658,0.00046699156519025564,0.0003645972174126655,0.0005413477774709463,0.0011196252889931202,0.0019490389386191964,0.002882866421714425,0.0036188666708767414,0.004070652183145285,0.004301297012716532,0.004061330575495958,0.0034238663502037525,0.002659254940226674,0.0020136344246566296,0.0012946318602189422,0.0008967982721515,0.0008035604259930551,0.0009089491213671863,0.0011171462247148156,0.0011071114568039775,0.0008705887012183666,0.0004682398575823754,8.390814764425159e-05,0.0,0.0,0.0,0.0,0.0,0.0,0.0,0.0,0.0,0.0,0.0,0.00017373275477439165,0.0005494466749951243,0.0008370883297175169,0.0008908934541977942,0.000908101093955338,0.0006531506660394371,0.00038547912845388055,8.996637916425243e-05,0.0,0.0,0.0,0.0,0.0,0.0,0.0,0.0,0.0,1.9011926269740798e-05,0.0002629558148328215,0.0004116519121453166,0.000500808353535831,0.0004491837171372026,0.00028923936770297587,9.87625026027672e-05,0.0,0.0,0.0,0.0,0.0,0.0,0.0,0.0,0.0,4.051273572258651e-05,7.403798372251913e-05,4.681203427026048e-05,2.557859625085257e-05,1.956465894181747e-05,2.2806165361544117e-05,5.280751793179661e-05,0.00015120113675948232,0.0002647970977704972,0.00035727856447920203,0.00041350809624418616,0.0004344533081166446,0.00045264241634868085,0.00045650757965631783,0.00042859913082793355,0.00035607500467449427,0.0004308294446673244,0.00032130692852661014,0.00019778235582634807,7.563031249446794e-05
2025-12-09T15:49:08.572329,1765295348.5723288,0.00012304334086365998,0.00013594022311735898,0.00010870448022615165,8.352597069460899e-05,5.956520180916414e-05,0.0,0.0,0.0,0.0,0.0,0.0,0.0,0.00015200670168269426,0.00030768130091018975,0.0003282625984866172,0.0001447501126676798,0.0,0.0,0.0,1.0501516953809187e-06,0.0002039834507741034,0.00023326784139499068,0.0001233272341778502,3.567077510524541e-05,1.2366534065222368e-05,4.2880674300249666e-05,8.960713603300974e-05,8.629015064798295e-05,1.2092930774088018e-05,0.0,0.0,0.0,0.0,0.0,0.0,0.0,6.822998329880647e-06,0.00019577689818106592,0.00038382175262086093,0.0005440451786853373,0.0005500057595781982,0.0004614595090970397,0.00034538801992312074,3.809024565271102e-05,0.0,0.0,0.0,0.0,0.0001234384108101949,0.00045119188143871725,0.0007710674544796348,0.001122181536629796,0.0014741761842742562,0.0019455875735729933,0.0025180731900036335,0.003094817278906703,0.0036713278386741877,0.004121127538383007,0.0041929264552891254,0.003962051123380661,0.0035065659321844578,0.0029509461019188166,0.0024347833823412657,0.0018785950960591435,0.0014230101369321346,0.0009190737036988139,0.00038667229819111526,0.0,0.0,0.0,0.0,0.0,0.0,4.568164513329975e-05,0.00026175708626396954,0.00019161234376952052,0.00015213683946058154,6.94653281243518e-05,0.0,3.8893154851393774e-05,0.0001119768712669611,0.00011701004405040294,0.00024199835024774075,0.00018141781038139015,0.0,0.0,0.0,0.0,0.0,0.0,0.00023162185971159488,0.00042174779810011387,0.0005502564017660916,0.0006404348532669246,0.0006821380229666829,0.0006957989535294473,0.0006677814526483417,0.0005672600236721337,0.00035734448465518653,0.00012908676580991596,0.0,0.0,0.0,0.0,0.0,0.0,0.0,0.0,0.00022928162070456892,0.0005350277060642838,0.0006523439078591764,0.0006282856920734048,0.0005590415676124394,0.00042542326264083385,0.0002592054952401668,5.703105125576258e-05,0.0,0.0,0.0,0.0,0.0,0.0,0.0,0.0,0.0,0.0,0.0,0.0,4.716716648545116e-05,0.00015491541125811636,0.0002100769052049145,0.00018472106603439897,0.00017253891564905643,0.00010963582462863997,5.8252469898434356e-05
2025-12-09T15:49:10.238309,1765295350.238309,0.0,0.0,0.0,0.0,7.420685506076552e-06,9.018554555950686e-05,0.00017280259635299444,0.00018596657901071012,0.0002407360152574256,0.0003198529884684831,0.0003127928648609668,0.00018106780771631747,0.0,0.0,0.0,0.0,0.0,0.0,0.0,0.00027073395904153585,0.000468962563900277,0.0003829812922049314,0.0001136115679400973,0.0,0.0,1.3758058230450843e-05,0.0001076465196092613,0.00019191829778719693,0.00021800292597617954,0.00012074330152245238,0.0,0.0,0.0,0.0,0.0,7.693603402003646e-05,0.00017900942475534976,0.00028646396822296083,0.0003215578617528081,0.00029992530471645296,0.0004277188272681087,0.0005847637075930834,0.0006853166851215065,0.0005824480904266238,0.00023220598814077675,0.0,0.0,0.0,0.0,2.9102728149155155e-05,0.0007077162154018879,0.0014107850147411227,0.0020387780386954546,0.0026508187875151634,0.003221769817173481,0.00370859750546515,0.004096766468137503,0.004264377523213625,0.004201461561024189,0.0039340658113360405,0.003422738751396537,0.002927768277004361,0.0021962178871035576,0.0015466526383534074,0.0008087890455499291,0.00021041980653535575,0.0,0.0,0.0,0.0,0.0,0.00023487757425755262,0.00046512941480614245,0.0004758266732096672,0.0004788536170963198,0.0,0.0,0.0,0.0,0.0,0.0,0.00018105789786204696,0.00040347196045331657,0.0006339285173453391,0.0007621450931765139,0.0008932222262956202,0.0006046649650670588,0.00013225236034486443,0.0,0.0,0.0,0.0,0.0,0.0,0.0,0.0,0.0,0.0,0.0,0.0,0.0,0.00014294892025645822,0.00027282547671347857,0.0005588207277469337,0.0007360978634096682,0.0007841762853786349,0.0006701636593788862,0.0004237086686771363,0.0001232842478202656,0.0,0.0,0.0,0.0,0.0,0.0,0.0,0.0,8.489096217090264e-05,0.00012734347546938807,8.57828781590797e-05,1.0528677194088232e-05,0.0,0.0,0.0,0.0,0.00014231532986741513,0.0003684753901325166,0.0005628521321341395,0.0007325633778236806,0.0007752511301077902,0.0007520734798163176,0.000803727307356894,0.0008595669642090797,0.0008589625940658152,0.0008304794901050627
2025-12-09T15:49:11.906648,1765295351.9066484,0.0006338940584100783,0.000416339113144204,0.00023932526528369635,7.267376349773258e-05,0.0,0.0,6.690839654766023e-05,0.00015243719099089503,0.0001645951415412128,0.0,0.0,0.0,0.0,9.146104275714606e-05,0.000417689181631431,0.00039833574555814266,6.834465602878481e-05,0.0,0.0,0.0,0.0,0.0,0.0,0.0,4.174177593085915e-05,0.000333261996274814,0.0005796129116788507,0.000589775328990072,0.0002305948582943529,0.0,0.0,0.0,0.0,0.00016341636364813894,0.00026108173187822104,0.00023742007033433765,0.00015148214879445732,0.0,0.0,0.0,0.0,0.0,0.0,3.2401065254816785e-05,0.0002474264183547348,0.00046009020297788084,0.0006250689621083438,0.000591921154409647,0.00044605295988731086,0.0005098445108160377,0.000688175845425576,0.0010618605883792043,0.001687311101704836,0.0022769817151129246,0.0029532364569604397,0.0035619791597127914,0.003970757592469454,0.004011058714240789,0.0037389888893812895,0.003282340941950679,0.002768459729850292,0.0023614491801708937,0.0020047842990607023,0.0017375656170770526,0.0015352992340922356,0.0011538922553882003,0.000837896135635674,0.00045792979653924704,9.903571481117979e-05,0.0,0.0,0.0,0.0,0.0,0.0,0.0005690102116204798,0.0011874920455738902,0.0013107043923810124,0.0009746720315888524,0.00048617771244607866,0.0,0.0,0.0,0.0,0.0,0.0,0.0,0.0,0.0,0.0,0.0,0.00018251359870191664,0.0004936350742354989,0.0007210772600956261,0.000709067506249994,0.0005504917935468256,0.00026909325970336795,0.0,0.0,0.0,0.0,0.0,0.0,3.492279938654974e-05,0.0,0.0,0.0,0.0,0.0,0.0,0.0,0.0,0.0,0.0,2.6456880277692107e-06,0.00012289172445889562,0.00017664094048086554,0.00016488603432662785,0.00014035699132364243,0.00013554611359722912,0.00011783972877310589,6.725366984028369e-05,4.052773874718696e-05,1.4183428902470041e-05,2.7086589398095384e-06,0.0,0.0,0.0,3.213676609448157e-05,0.00011507634917506948,0.0001707150659058243,0.00018378905951976776,0.0001422457571607083,9.818187390919775e-05,1.3936833056504838e-05
2025-12-09T15:49:13.573309,1765295353.573309,0.00018227979307994246,0.00010855828440980986,7.124247349565849e-05,2.4199927793233655e-05,0.0,0.0,0.0,3.152708086417988e-05,4.166656071902253e-05,4.5960630814079195e-05,2.8353942980174907e-05,0.0,0.0,0.0,0.0001635531516512856,0.00039924131124280393,0.000515730818733573,0.0004975663032382727,0.00028141020447947085,0.0,0.0,0.0,0.0,5.6300428695976734e-05,6.0158022279210854e-06,0.0,0.0,0.00012082920147804543,0.0003931316314265132,0.0005867319996468723,0.0005229153903201222,0.00018655259918887168,0.0,0.0,0.0,0.0,1.1861412531288806e-05,0.00037847389467060566,0.0006376641686074436,0.00061686837580055,0.0002858450752682984,0.0,0.0,0.0,0.0,0.00022102525690570474,0.0006255087209865451,0.001003463752567768,0.0010681009152904153,0.0008382428204640746,0.0006127708475105464,0.000603757391218096,0.0010535455076023936,0.0016575987683609128,0.002463102573528886,0.003407611744478345,0.004207490477710962,0.00473605003207922,0.004802985116839409,0.004270913079380989,0.0033052817452698946,0.0022025087382644415,0.001322325668297708,0.0006351701449602842,0.00018752810137812048,1.2813041394110769e-05,0.0001318836584687233,0.0002438992087263614,0.0002866419672500342,0.00044452984002418816,0.000504793890286237,0.00027796541689895093,3.458472201600671e-05,0.0,0.0,0.0,0.0,0.0,0.0,0.0,2.84401739918394e-05,7.175989594543353e-05,5.7300909247715026e-05,7.118361827451736e-05,4.312660530558787e-05,0.0,8.553496445529163e-05,0.0002962207072414458,0.0005494780489243567,0.0004885286325588822,0.00027880576089955866,0.0,0.0,0.0,0.0,0.0,7.0293235694407485e-06,0.00023063336266204715,0.00029841603827662766,0.0001811946276575327,9.013452654471621e-06,0.0,0.0,0.0,0.0,0.0001672472571954131,0.00040749009349383414,0.0006365198642015457,0.0007963492535054684,0.0007603961857967079,0.0005514820804819465,0.00023892275930847973,0.0,0.0,0.0,0.0,0.0,0.0,5.586255156231346e-06,0.0001106142663047649,0.00015939195873215795,0.00016902605420909822,0.00020484754350036383,0.00020374616724438965,0.00018647593969944865,0.00015555803838651627,9.208061237586662e-05,3.9870046748546883e-05,4.216131492285058e-05,0.00011681897740345448,0.00017448034486733377,0.00033432492637075484,0.00036508351331576705,0.0004019905754830688,0.00043021622695960104
2025-12-09T15:49:15.240446,1765295355.2404456,0.0006924321060068905,0.0005391300073824823,0.0004507492121774703,0.0003912429674528539,0.0002541152643971145,0.00026700025773607194,0.0003085356729570776,0.0003224196843802929,0.0004171019827481359,0.0004395503201521933,0.0002906873996835202,0.0,0.0,0.0,0.0,8.109978080028668e-05,0.0003011562512256205,0.0004309071518946439,0.00046439911238849163,0.00029490451561287045,5.4391061894421e-06,0.0,0.0,8.945222361944616e-05,0.0005331074935384095,0.0008393961470574141,0.0008070578915067017,0.00048193728434853256,4.4220167183084413e-05,0.0,0.0,0.0,0.0,0.0,0.0,0.0,0.0,0.00015674156020395458,0.0003250471199862659,0.0004309698415454477,0.00046284912968985736,0.0003708137373905629,0.0002013189805438742,0.00018166110385209322,0.0003183359804097563,0.0004019824555143714,0.00040485183126293123,0.00026894890470430255,0.0002152992965420708,0.00029955501668155193,0.0002933201612904668,0.00041605395381338894,0.0007514604367315769,0.001263015903532505,0.0019266969757154584,0.0026894754264503717,0.003426171839237213,0.0039710113778710365,0.0042296540923416615,0.004254716914147139,0.004059635568410158,0.0036348490975797176,0.002882829401642084,0.0021122866310179234,0.0011924367863684893,0.00027523463359102607,0.0,0.0,0.0,0.0,0.0,0.0,0.00019194943888578564,0.0005271920235827565,0.00048416058416478336,0.0006695976480841637,0.0006420889403671026,0.00040792563231661916,2.780042814265471e-05,0.0,0.0,0.0,8.472563058603555e-05,0.00025321904104202986,0.0002530497731640935,6.446916813729331e-05,0.0,0.0,0.0,0.0,0.00022391889069695026,0.0005805163527838886,0.0008082781569100916,0.0007563971448689699,0.0005261896294541657,0.00013224703434389085,0.0,0.0,0.0,0.0,0.0,0.0,0.0,0.0,9.51102701947093e-05,0.00016644582501612604,0.00017976303934119642,0.0001460404455428943,9.396605310030282e-05,8.383764361497015e-05,0.0001211930502904579,0.00020028636208735406,0.00023839167261030525,0.00018739730876404792,7.204911526059732e-05,0.0,0.0,0.0,0.0,0.0,0.0,0.0,0.0,0.0,0.0,0.0,0.0,0.0,0.0,0.0,0.0,0.0,0.0,0.0,0.0
2025-12-09T15:49:16.906866,1765295356.9068658,8.063932182267308e-05,0.00024914511595852673,0.00035846501123160124,0.0004613886121660471,0.0005721710622310638,0.0005652602994814515,0.0005176818813197315,0.00033565584453754127,9.902744204737246e-05,0.0,0.0,0.0,0.0,0.0,0.00020959548419341445,0.00040216947672888637,0.00040458966395817697,0.0001965282135643065,0.0,0.0,0.0,0.0,7.952797750476748e-05,0.000351770780980587,0.0006792282219976187,0.0009392596548423171,0.0009548690868541598,0.0005675329593941569,0.0,0.0,0.0,0.0,0.0,0.00017471794853918254,0.00025723400176502764,0.00024277166812680662,6.47565902909264e-05,0.0,0.0,0.0,0.00016339182911906391,0.0005672412808053195,0.000905268476344645,0.0009271292947232723,0.0006285734125413001,0.00040082616033032537,4.414307477418333e-05,0.0,0.0,0.0,0.0005284473882056773,0.001204211381264031,0.0019068215042352676,0.0024589344393461943,0.002930806251242757,0.003362030955031514,0.0036546243354678154,0.0037389618810266256,0.0036931526847183704,0.00344422971829772,0.0030278980266302824,0.002699584001675248,0.0020236261188983917,0.0014771864516660571,0.0010045802919194102,0.0005261036567389965,0.00020807083637919277,0.0,0.0,0.0,0.0,0.0,0.0,0.0,5.1853210607077926e-05,0.00011832667951239273,0.0002778473717626184,0.0,0.0,0.0,0.0,0.0,0.00015677438932470977,0.00026703174808062613,0.00027187116211280227,0.0002812635211739689,0.00012284412514418364,0.0,0.0,0.0,0.0,0.0,0.0,0.0,0.0,2.5583714887034148e-05,5.7142508012475446e-05,9.508645598543808e-05,0.0001308640348725021,0.00015360968245659024,0.0002293861616635695,0.0002553252852521837,0.00017610203940421343,0.00010816072608577088,0.0,0.0,0.0,0.0,0.0,0.0,0.0,0.0,5.056745521869743e-06,0.00030176620930433273,0.0006022707093507051,0.000854876299854368,0.0010258541442453861,0.0009880161378532648,0.000842440000269562,0.0005902787670493126,0.00028676740475930274,1.263597823708551e-05,0.0,0.0,0.0,0.0,0.0,0.0,0.0,0.0,0.0,0.0,0.0,0.0,0.0
2025-12-09T15:49:18.573364,1765295358.5733638,0.0006527754594571888,0.00047471982543356717,0.000315535202389583,0.00017970980843529105,6.620478961849585e-05,5.504499495145865e-05,0.0,0.0,0.0,0.00011198702122783288,0.00032039114739745855,0.00035644028685055673,0.00021463417215272784,1.9803052055067383e-05,0.0,0.0,0.0,0.0,0.00012420113489497453,0.00038370161200873554,0.00048465278814546764,0.00033301737857982516,5.079216498415917e-05,0.0,0.0,0.0,0.0,0.0,0.0,0.0002265311632072553,0.0006029363721609116,0.000787022989243269,0.0004912204458378255,0.0,0.0,0.0,0.0,0.0,0.0005405010306276381,0.001024355529807508,0.0009203345980495214,0.00042399310041218996,0.0,0.0,0.0,0.0,0.0,0.0003292228211648762,0.0008443993865512311,0.0011955087538808584,0.001463550259359181,0.0017598739359527826,0.002061795676127076,0.002359328093007207,0.002703893929719925,0.002988225780427456,0.003295624628663063,0.003542995313182473,0.0035324394702911377,0.0033643548376858234,0.00309177627786994,0.002827466931194067,0.0023913253098726273,0.0020344157237559557,0.0017218204447999597,0.0011830811854451895,0.0007609001477248967,0.00022368947975337505,0.0,0.0,0.0,0.0,0.0,0.0,0.0,0.0003516829165164381,0.0007609728490933776,0.0009091055253520608,0.0009339264943264425,0.000767805555369705,0.0002827004936989397,0.0,0.0,0.0,0.0,0.0,0.0,0.0,9.714233783597592e-06,0.0,0.0,4.92701874463819e-05,0.0001892086147563532,0.0003832750953733921,0.0005124162998981774,0.0007087482372298837,0.0007258085533976555,0.0006728277076035738,0.00048138105194084346,0.0002616943675093353,0.0,0.0,0.0,0.0,0.0,0.0,0.0,0.0,0.0,5.414098268374801e-05,0.00011152686784043908,0.00010273046791553497,9.096853318624198e-05,7.21952601452358e-05,5.7573321100790054e-05,7.480890053557232e-05,0.0001178946258733049,0.00011236544378334656,0.00012516336573753506,0.00018501821614336222,0.00024192043929360807,0.00027801565011031926,0.0003135850129183382,0.0003256994823459536,0.0002847109572030604,0.00016929757839534432,4.504152457229793e-05,0.0,2.005985879804939e-05,4.5114571548765525e-05,2.3638916900381446e-05,9.556332952342927e-05,0.00013381234020926058,0.0001395540457451716,0.00012466309999581426
2025-12-09T15:49:20.239117,1765295360.2391171,0.0006044550100341439,0.0007084865937940776,0.0007382075418718159,0.0007066215621307492,0.0006873062811791897,0.0006049441290087998,0.00047239294508472085,0.0003178734623361379,0.00011105222802143544,0.0,0.0,0.0,4.399908721097745e-05,0.00013634510105475783,4.465723395696841e-05,0.0,0.0,9.901667908707168e-06,0.00024336496426258236,0.0004667844041250646,0.00042176133138127625,7.956023910082877e-05,0.0,0.0,0.0,0.0004075294127687812,0.0008141519501805305,0.0008553509833291173,0.000425809615990147,0.0,0.0,0.0,0.0,0.0004704553575720638,0.0008007095893844962,0.0006578608299605548,3.7380701542133465e-05,0.0,0.0,0.0,0.0,0.0,0.0005579759599640965,0.0008777327020652592,0.0009698420180939138,0.0007629349129274487,0.00048005799180828035,0.00022529374109581113,2.317113285243977e-05,0.00010506076796445996,0.0003634181048255414,0.0009782789275050163,0.0018414377700537443,0.0027135382406413555,0.0034289725590497255,0.003955842927098274,0.004265360068529844,0.004355751909315586,0.004130735527724028,0.00355574581772089,0.0027504893951117992,0.0019126906991004944,0.0013305165339261293,0.0010086323600262403,0.0009969391394406557,0.0010361518943682313,0.001138562336564064,0.0011016703210771084,0.0008986959001049399,0.0005678865127265453,0.00013436780136544257,0.0,0.0,0.0,0.0,0.0,0.0,0.00015567622904200107,0.00020686672360170633,0.0003835285606328398,0.00042358110658824444,0.00039949192432686687,0.0005064675933681428,0.0004633369098883122,0.0004646431189030409,0.0004662867577280849,0.00038864940870553255,0.0001291858934564516,0.0,0.0,0.0,0.0,0.0,0.0,0.0,0.0,0.00012030242214677855,0.0003147020179312676,0.0004979653167538345,0.0006172829889692366,0.0006526299985125661,0.0006055192206986248,0.0005687638185918331,0.0004335595585871488,0.00026220380095764995,8.513103966834024e-05,0.0,0.0,0.0,0.0,0.0,0.0,0.0,0.0,0.0,0.0,0.0,0.0,0.0,0.00010792467219289392,0.00036243678187020123,0.0005571528454311192,0.000672843074426055,0.0007689179037697613,0.0008259027381427586,0.0007596870418637991,0.0006294712657108903,0.000459151400718838,0.0003225331020075828,0.00020376410975586623,8.47112387418747e-05,4.292682569939643e-05,0.0,0.0,0.0
2025-12-09T15:49:21.907097,1765295361.9070966,0.0005919815157540143,0.0006857799598947167,0.0007410545367747545,0.000776443281210959,0.0007249322370626032,0.000461736461147666,8.89278162503615e-05,0.0,0.0,0.0,0.0001301403681281954,0.00040866146446205676,0.0005118816625326872,0.00031700526596978307,0.0,0.0,0.0,9.230440809915308e-06,0.00021120700694154948,0.0003296155482530594,0.00041364398202858865,0.0005060549010522664,0.0005646122735925019,0.0004347784852143377,0.00010407604713691399,0.0,0.0,7.453169382642955e-05,0.0005750833079218864,0.0008117501274682581,0.0005586963379755616,0.0,0.0,0.0,0.0,0.0,0.0005201684543862939,0.0007405919604934752,0.0007548417779617012,0.0006085453205741942,0.0003565755905583501,0.00016667724412400275,0.00013513524027075619,0.0,0.0,0.0,0.0,0.0,3.2266831112792715e-05,0.0003760164254345,0.0006705772830173373,0.0010618595406413078,0.001429041032679379,0.0019601667299866676,0.002692396054044366,0.003591852495446801,0.004472977016121149,0.005017584655433893,0.005111466161906719,0.004642684478312731,0.003779867896810174,0.0028206021524965763,0.0018696351908147335,0.0010393648408353329,0.00032244808971881866,0.0,0.0,0.0,0.0,0.0,0.0001525264815427363,0.0003292156907264143,0.000474992033559829,0.0005423860275186598,0.0004253929655533284,0.00020582317665684968,0.0,0.0,0.0,0.0,0.0,0.0,0.0,0.0,0.0,0.0,0.0,0.00025603320682421327,0.0006753741763532162,0.0008730707922950387,0.0009320370154455304,0.0007281555444933474,0.0003760432591661811,2.9614460800075904e-05,0.0,0.0,0.0,0.0,0.0,0.00021249034034553915,0.0002957148535642773,0.00038132211193442345,0.0004519254725892097,0.0004786372883245349,0.00048443247214891016,0.0004269768833182752,0.0003078370064031333,0.00011216287384741008,0.0,0.0,0.0,0.0,0.0,1.4983794244471937e-05,5.547985347220674e-05,8.294839062727988e-05,0.00020410782599356025,0.00033268792321905494,0.0003745841677300632,0.0002791931910905987,0.00012168630928499624,0.0,0.0,0.0,0.00011030393216060475,0.00025671208277344704,0.00038138762465678155,0.0004842520284000784,0.0005843120743520558,0.000643111125100404,0.000711923697963357,0.0006262087845243514,0.0005429479060694575,0.000498092791531235,0.0004881088389083743
2025-12-09T15:49:23.575613,1765295363.5756135,0.0,0.0,3.677671338664368e-05,0.00011406331759644672,0.00010249795741401613,2.504830808902625e-05,6.347363523673266e-05,7.742312300251797e-05,0.00021406366431619972,0.0002647564106155187,0.00010974276665365323,0.0,0.0,0.0,0.0,0.0,0.0,9.632122964831069e-05,0.00018090239609591663,0.00012527217040769756,2.1802688934258185e-05,0.0,0.00020432523160707206,0.0005121033173054457,0.0006685327971354127,0.0005046402802690864,3.160262349410914e-05,0.0,0.0,0.0,0.0,0.0,0.0,0.0,0.0,0.0,0.00011854082549689338,0.00038242724258452654,0.0005664383643306792,0.0005476631922647357,0.00028436596039682627,2.177949863835238e-05,0.0,0.0,0.0,0.0,0.0001515672920504585,0.0005224611377343535,0.0006882352172397077,0.0006770367617718875,0.0006551486440002918,0.0009251685696654022,0.00149157561827451,0.0020286724902689457,0.0026922880206257105,0.00349711487069726,0.0042222412303090096,0.004688587971031666,0.004722738638520241,0.004237066954374313,0.0034253508783876896,0.002600383711978793,0.0018407556926831603,0.001410162542015314,0.0010286011965945363,0.0007995583582669497,0.0005130700883455575,0.00040090078255161643,0.00039453236968256533,9.934781701304018e-05,0.0,0.0,0.0,0.0,0.0,0.0,9.464610047871247e-05,0.0006073482218198478,0.0009117323206737638,0.0008448277949355543,0.0004032342694699764,8.151517249643803e-05,0.0,0.0,0.0,2.664520980033558e-05,0.0003667876881081611,0.0004559622029773891,0.00044318463187664747,0.00013141501403879374,0.0,0.0,0.0,0.0,0.0,5.2323612180771306e-05,0.00021281988301780075,0.00021732019376941025,6.888269126648083e-05,0.0,0.0,0.0,0.0,1.323047217738349e-05,0.00020109287288505584,0.0003035375557374209,0.0003050949890166521,0.0002287210081703961,6.748668965883553e-05,0.0,0.0,0.0,0.0,0.0,0.0,0.0,0.0,0.0001775598939275369,0.0003454337711445987,0.00044400570914149284,0.0004869092954322696,0.00042918301187455654,0.00036085868487134576,0.0003318005474284291,0.00032635967363603413,0.000315749435685575,0.00027366142603568733,0.00021372166520450264,0.00018136893049813807,0.00013015205331612378,6.754046626156196e-05,9.502753528067842e-05,4.3121159251313657e-05,1.685851748334244e-05,0.0
2025-12-09T15:49:25.243032,1765295365.2430322,0.0,0.0,0.0,0.0,0.0,0.00010258452675770968,0.0004793631669599563,0.0007211875054053962,0.0006682189414277673,0.0002671139081940055,0.0,0.0,0.0,0.0,0.00015536212595179677,0.00044250080827623606,0.0005652851541526616,0.0006153568392619491,0.0006395398522727191,0.000585594039876014,0.00042175373528152704,0.0002386578416917473,0.00020662926544900984,0.0003161032509524375,0.00036668244865722954,0.000299356208415702,0.0002129426720784977,0.0002540956484153867,0.00033296781475655735,0.0002907649613916874,4.1369548853253946e-05,0.0,0.0,0.0,7.091360748745501e-05,0.0004334808327257633,0.0006423702579922974,0.000577631639316678,0.00042811359162442386,0.0004080197250004858,7.428022217936814e-05,0.0,0.0,4.184334829915315e-05,0.0002948024484794587,0.0006387560861185193,0.0008018118678592145,0.0009515502024441957,0.0010619597742334008,0.0009213821031153202,0.0007729552453383803,0.0006999865872785449,0.0008120620041154325,0.0010951508302241564,0.0016847198130562901,0.002538047032430768,0.003446958027780056,0.004249987658113241,0.004673920106142759,0.004644289612770081,0.00420022290199995,0.0034291879273951054,0.0023951996117830276,0.0015756776556372643,0.0010022579226642847,0.0005859491066075861,0.00043486381764523685,0.00015640771016478539,0.0,0.0,0.0,0.0,0.0,0.0,0.0,5.02365073771216e-05,0.0003927784855477512,0.000782824878115207,0.000820114160887897,0.0007105456315912306,0.00036383469705469906,0.0,0.0,0.0,0.0,0.0,0.0,0.0,0.00040175020694732666,0.0009338108357042074,0.0012592949206009507,0.0012967217480763793,0.0011178853455930948,0.0009722316754050553,0.000736567541025579,0.0006835517706349492,0.000464449665741995,0.00022176992206368595,0.0,0.0,0.0,0.0,0.0,0.0,0.0,0.0,0.0,0.0,0.0,8.954442455433309e-05,0.0001533097238279879,0.00016997751663438976,0.00014660172746516764,0.00013210333418101072,0.00015925921616144478,0.00018099368026014417,0.00023074452474247664,0.0002656693395692855,0.0003170229902025312,0.00038714168476872146,0.000437454174971208,0.00039671279955655336,0.0003210139984730631,0.00018715899204835296,1.486977816966828e-05,0.0,0.0,0.0,0.0,0.0,0.0,0.0,0.0,0.0,8.72295131557621e-05
2025-12-09T15:49:26.910011,1765295366.9100106,0.0,0.0,0.0,7.677383109694347e-05,0.0002521320420783013,0.0002451268956065178,9.64533828664571e-05,0.0,0.0,0.0,0.0,0.0,0.0,0.0,0.0,0.0,0.00015124792116694152,0.00013445413787849247,7.434980943799019e-05,0.00015568787057418376,0.0003360535192769021,0.00038145086728036404,0.0001618025853531435,0.0,0.0,0.0,0.0002978008706122637,0.0006698858924210072,0.0007369312806986272,0.00039045087760314345,0.0,0.0,0.0,0.0,0.00011157649714732543,0.0007043445366434753,0.0008771427674219012,0.0006865935283713043,0.00015569118841085583,0.0,0.0,0.0,0.0,0.00036826968425884843,0.0006959049496799707,0.0009918747236952186,0.0009974901331588626,0.0007302050944417715,0.0006181779317557812,0.0005109984776936471,0.0003870858927257359,0.0005725684459321201,0.0010860342299565673,0.0017367273103445768,0.0026624761521816254,0.003655191045254469,0.004493309650570154,0.004886061884462833,0.004913476761430502,0.004414813593029976,0.0035750262904912233,0.0026925373822450638,0.001721802749671042,0.0009490934899076819,0.00031437468715012074,0.0,0.0,0.0,0.0,1.4770298548683058e-05,0.0004958190838806331,0.0006795898079872131,0.0007273785886354744,0.0006708402652293444,0.0004189981264062226,0.00023030843294691294,0.0001254462549695745,0.0,0.0,0.0,0.0,0.0,0.0,0.0,0.0,0.0,0.0001582660188432783,0.00019796518608927727,0.00019110887660644948,0.0,0.0,0.0,0.0,5.092865467304364e-05,0.00010065981769002974,0.00012402673019096255,0.0,0.0,0.0,0.0,0.0,5.655672794091515e-05,0.0003126526717096567,0.0004071219591423869,0.0004979438963346183,0.0004990465822629631,0.0003727506846189499,0.00013364868937060237,0.0,0.0,0.0,0.0,0.0,0.0,0.0,0.0,0.0,0.0,3.555112925823778e-05,5.970783968223259e-05,7.462826033588499e-05,0.00010981758532579988,0.000122331315651536,0.00012935276026837528,0.00016470457194373012,0.0002524419978726655,0.0003672328602988273,0.00042732179281301796,0.00047620173427276313,0.0005833709146827459,0.0005949928308837116,0.0006985608488321304,0.0007366398931480944,0.0007718100096099079,0.000774014217313379
2025-12-09T15:49:28.577814,1765295368.5778143,0.0,0.0,0.0,0.0,0.00013260749983601272,5.601936936727725e-05,3.6466151414060732e-06,0.0,0.0,0.0,0.0,0.0,0.0,0.0,0.00013864526408724487,0.0002829032891895622,0.00030662096105515957,0.000281818734947592,0.00026343995705246925,0.0002496716333553195,0.00020633108215406537,0.00010223942081211135,0.0,0.0,0.0,0.0,0.0,0.0,0.0,0.0,9.649146704759914e-06,8.070773219515104e-06,0.0,0.0,0.0,0.0,0.00029203100712038577,0.0006571636768057942,0.0006441473960876465,0.00038293495890684426,0.0,0.0,0.0,0.0,0.0,0.0004778282600454986,0.0009413946536369622,0.0011724310461431742,0.0011645941995084286,0.0009880407014861703,0.0008254986605606973,0.0008222102769650519,0.0010151676833629608,0.001453205244615674,0.002144037513062358,0.0029326980002224445,0.003730189986526966,0.004398257005959749,0.0046432241797447205,0.0042668478563427925,0.0033745833206921816,0.0023346298839896917,0.00148543412797153,0.0008188887150026858,0.0003645300748758018,0.0001289277133764699,4.966897904523648e-05,0.0,0.0,0.0,0.0,0.0,6.605082307942212e-05,0.00018209365953225642,0.00021508400095626712,0.0002569617354311049,0.000217360386159271,9.599597979104146e-05,0.0,0.0,0.0,0.0,0.00021681188081856817,0.000252638099482283,0.00017157664115075022,8.008941222215071e-05,0.0,0.0,5.12577171321027e-05,0.0003439072170294821,0.0005335128516890109,0.00048704841174185276,0.00025063141947612166,0.0,0.0,0.0,0.0,0.0,0.0,0.0,0.0,2.0111221601837315e-05,0.0,0.0,0.0,0.0,0.0,0.0,9.362310083815828e-05,0.00012895421241410077,4.3062755139544606e-05,0.0,0.0,0.0,0.0,0.0,0.0,0.0,8.316242747241631e-05,0.00012615660671144724,7.617638766532764e-05,0.0,0.0,0.0,0.0,0.0,0.0,0.0,0.0,0.0,0.0,0.0,0.0,0.0,0.0
2025-12-09T15:49:30.245354,1765295370.2453537,0.0007871518610045314,0.00056479248451069,0.00042635604040697217,0.00030379576492123306,0.00013911879796069115,0.0001301079901168123,0.00017501552065368742,0.00030939720454625785,0.0004598046652972698,0.0006417437689378858,0.0007534305332228541,0.0006451121298596263,0.000390474044252187,3.498212026897818e-05,0.0,0.0,0.0,0.0,0.00015280481602530926,0.00034265886642970145,0.0003591266868170351,0.0002340879145776853,8.567790064262226e-05,5.790964496554807e-05,0.0001490517024649307,0.00023641038569621742,0.00023334061552304775,0.00027682119980454445,0.00045358165516518056,0.0006285473937168717,0.000660401419736445,0.0004433730791788548,0.00014062142872717232,0.0,0.0,0.0,0.0,0.0,0.0,0.0,0.00021094875410199165,0.0004268353804945946,0.0004540625377558172,0.00032884610118344426,0.00010589854355202988,0.0,0.0,7.241275852720719e-06,0.00032192858634516597,0.0007564597763121128,0.0010121924569830298,0.001219956437125802,0.00151689478661865,0.0018345933640375733,0.002284421818330884,0.002781250048428774,0.0033033215440809727,0.0037114140577614307,0.0038738695438951254,0.003748502815142274,0.0033218676690012217,0.0028151157312095165,0.002120034769177437,0.0015943435719236732,0.0011571783106774092,0.0008248341619037092,0.000600764702539891,0.0004613818018697202,0.00037871900713071227,0.000245400849962607,5.9345384215703234e-05,0.0,0.0,0.0,0.0,0.0,0.0,0.0,0.0,4.920625542581547e-06,0.0005259322351776063,0.0008947764872573316,0.001073226216249168,0.000895199365913868,0.0005287564708851278,0.00018733044271357358,0.0,0.0,0.00010035130981123075,0.0002617743448354304,0.00033811767934821546,0.00023340816551353782,0.0,0.0,0.0,0.0,7.302688754862174e-05,0.00028824296896345913,0.0004248783807270229,0.0004454239387996495,0.0003609458217397332,0.00024176179431378841,0.00012369020259939134,6.162132194731385e-05,4.07999541494064e-05,6.48429268039763e-05,0.00013740835129283369,0.00022441554756369442,0.00030307838460430503,0.0002754057350102812,0.0001450497074984014,0.0,0.0,0.0,0.0,0.0,0.0,0.0,0.0,0.0,0.0,0.0,0.0,0.0,8.422659448115155e-05,0.00020043205586262047,0.00033917531254701316,0.00044047553092241287,0.000517922337166965,0.000547817733604461,0.0005600319127552211,0.0004869024269282818,0.0004132642352487892,0.0002711860288400203,0.00012664400856010616
2025-12-09T15:49:31.912516,1765295371.9125164,0.0003043349424842745,0.00036166360951028764,0.0004422111378517002,0.0005591716035269201,0.0006792422500438988,0.0006545852520503104,0.00043101346818730235,0.0001472641306463629,0.0,0.0,0.0,0.0,0.0,0.0,0.0,0.0,4.268932025297545e-05,0.00014948943862691522,0.00023000876535661519,0.00026129718753509223,0.00027731008594855666,0.00029793844441883266,0.00030761861125938594,0.0002541828725952655,0.00011061136319767684,3.173781806253828e-05,0.00011698879825416952,0.0003004194877576083,0.0003733339544851333,0.0002401608508080244,0.0,0.0,0.0,0.0,0.0,0.00011708520469255745,0.000262540444964543,0.00017932528862729669,3.937699511880055e-05,1.7840756072473596e-06,0.0,0.0,0.0,0.00024051807122305036,0.00043187328265048563,0.0005650526145473123,0.0006416522664949298,0.0005622580647468567,0.0005066258017905056,0.00037254043854773045,0.00025547080440446734,0.0004227179742883891,0.0008469761814922094,0.0015374355716630816,0.0025547503028064966,0.003572410438209772,0.0044214786030352116,0.004903497640043497,0.004878093488514423,0.004278927110135555,0.0032514757476747036,0.0021019952837377787,0.0013845665380358696,0.0007859674515202641,0.0004151786561124027,0.00027785717975348234,0.00025745443417690694,0.0003234549076296389,0.00047395401634275913,0.0005339956842362881,0.0004276043619029224,0.00018101914611179382,0.0,0.0,0.0,0.0,0.0,0.00013902506907470524,0.0,0.0,0.0,0.0,0.0,0.0,0.0,0.0,0.0003073151456192136,0.0006189444102346897,0.0008175274706445634,0.0007808870868757367,0.0006170768174342811,0.0004760162846650928,0.0003184635133948177,0.00022944383090361953,0.0001834182330640033,0.00025137324701063335,0.00022084052034188062,0.00018388871103525162,0.00011476419604150578,0.0,0.0,0.0,0.0,0.0,0.0,0.0,0.0,0.0,0.0,0.0,0.0,0.0,0.0,0.0,0.0,0.0,0.0,0.0,0.0,0.0,2.10426496778382e-05,0.0001260010030819103,0.0002319756749784574,0.000306173344142735,0.0003168407711200416,0.00031667426810599864,0.000302416505292058,0.0002887327573262155,0.00025488928076811135,0.00019191010505892336,0.00016916026652324945,4.475519017432816e-05,0.0,0.0,0.0
2025-12-09T15:49:33.579278,1765295373.5792775,0.0016769455978646874,0.001450457377359271,0.0012457623379305005,0.00101464765612036,0.0006660740473307669,0.0002828988654073328,0.0,0.0,0.0,0.0,0.0,0.0,0.00037350485217757523,0.0008320290362462401,0.0008596807601861656,0.00047057578922249377,0.0,0.0,0.0,0.00017084067803807557,0.0003088588418904692,0.00020861485973000526,0.0,0.0,0.0,0.0,3.5758391732088057e-06,0.0005550257046706975,0.0008248103549703956,0.0006514097913168371,0.00018608765094541013,0.0,0.0,0.0,0.0003900828887708485,0.000812079175375402,0.0008512033964507282,0.0004903935478068888,0.0,0.0,0.0,0.0,0.0,0.0003216835029888898,0.000965875166002661,0.0013316947733983397,0.0013358528958633542,0.0010143519612029195,0.00045218729064799845,0.0,0.0,3.49714100593701e-05,0.0009664759272709489,0.0019884814973920584,0.0031175645999610424,0.004193557426333427,0.00490750465542078,0.005187097005546093,0.004950273782014847,0.00401352671906352,0.002746359445154667,0.0014482784317806363,0.0005730192642658949,3.446546179475263e-05,0.0,0.00014787321561016142,0.0005985169555060565,0.001095608458854258,0.0013436118606477976,0.0012886739568784833,0.000883383268956095,0.0003961723705288023,0.0,0.0,0.0,0.0,0.0,0.0,0.0,0.0,0.0,0.0,0.0,0.00016897903697099537,0.00042674102587625384,0.0007102107047103345,0.000797715678345412,0.000731274310965091,0.0004043066583108157,0.00014701094187330455,0.0,0.0,0.0,0.0,0.0,0.0,0.0,0.0,0.0,0.0,0.0,4.7987952711991966e-05,0.00022236908262129873,0.0003707311116158962,0.0005030354368500412,0.0005368954152800143,0.0004559381050057709,0.00030043459264561534,7.887437823228538e-05,0.0,0.0,0.0,0.0,0.0,0.0,0.0,4.6371740609174594e-05,0.00017211992235388607,0.00024394238425884396,0.00030918605625629425,0.00038334797136485577,0.00045593659160658717,0.0004910393035970628,0.0004933287273161113,0.00045759498607367277,0.0004286917101126164,0.0003501535684335977,0.0002495009684935212,0.00018186836678069085,0.00010997906792908907,5.335041350917891e-05,0.0,0.0,0.0,0.0
2025-12-09T15:49:35.245541,1765295375.2455406,0.00015261591761372983,0.0,0.0,0.0,0.0,0.0,0.0,0.0,5.144886745256372e-05,0.0002580812433734536,0.00039843976264819503,0.00036220994661562145,0.0002258320018881932,4.478251139516942e-05,0.0,0.0,0.0,0.0,0.0,0.0,0.0001044826494762674,0.00035509688314050436,0.00046925569768063724,0.00038838665932416916,0.00015440252900589257,0.0,0.0,0.0,0.0,9.531306568533182e-05,0.000217845372390002,0.00039419124368578196,0.0005194951663725078,0.0005643086624331772,0.00046999219921417534,8.46974944579415e-05,0.0,0.0,0.0,0.0,0.0,0.0,0.0001011172789731063,0.0003724146808963269,0.0006031641969457269,0.0007201806292869151,0.0008221176685765386,0.0009133229614235461,0.0008670124225318432,0.0008372624288313091,0.0010096852201968431,0.0013807524228468537,0.0018104719929397106,0.00228048930875957,0.0027781203389167786,0.0032992318738251925,0.003805925603955984,0.0041038477793335915,0.004042678512632847,0.0036188738886266947,0.0030558628495782614,0.0025222296826541424,0.0017165658064186573,0.0011098331306129694,0.0007195206126198173,0.0003723243426065892,0.0001195313161588274,0.0,0.0,0.0,0.0,0.0,2.2866379367769696e-05,0.0003414219245314598,0.0006160121993161738,0.0006638209451921284,0.000608268950600177,0.0,0.0,0.0,0.0,0.0,0.0,0.0,0.0,0.00010754633694887161,0.0002574812970124185,0.00038932671304792166,0.00041199132101610303,0.0003047534846700728,0.00010433543502585962,0.0,0.0,0.0,0.0,0.0,0.0,6.554694846272469e-05,0.00010085524991154671,6.730359746143222e-05,9.872543159872293e-05,0.00015830589109100401,0.0002556131803430617,0.00025155916227959096,0.00024166882212739438,0.00014023999392520636,0.0,0.0,0.0,0.0,0.0,0.0,0.0,0.0,7.253005605889484e-05,0.0002892180054914206,0.00041928747668862343,0.0004556854837574065,0.00043332381756044924,0.0003680817026179284,0.0002887510054279119,0.00021349251619540155,0.0001122904141084291,3.66408858099021e-05,0.0,0.0,0.0,0.0,0.0,0.0,0.0,0.0,0.0,0.0,0.0
2025-12-09T15:49:36.912267,1765295376.9122674,0.0,0.0,0.0,0.0,0.0,0.0,9.871632937574759e-05,0.0001566459541209042,7.339446165133268e-05,0.0,0.0,3.5113254853058606e-05,0.00016970111755654216,0.00017011904856190085,9.911158122122288e-05,1.7450358427595347e-05,0.0,0.0,0.0,0.0,0.0,0.0,0.0001778033620212227,0.0004723887250293046,0.0005436850478872657,0.0003163477231282741,0.0,0.0,0.0,0.0,0.0,3.677700806292705e-05,5.799178779852809e-06,0.0,0.0,0.0,8.573395462008193e-06,0.00029838780756108463,0.00046278644003905356,0.0005350174033083022,0.0005339274648576975,0.0002274364815093577,0.0,0.0,0.0,0.0,0.0,2.888767994591035e-05,0.0004753710818476975,0.0010004985379055142,0.0012566130608320236,0.001505187014117837,0.0017277146689593792,0.001987081253901124,0.002438528463244438,0.00302781886421144,0.003620328614488244,0.004045998677611351,0.004153527785092592,0.003959400113672018,0.0033789926674216986,0.002821937669068575,0.0022560751531273127,0.001794705749489367,0.00133065867703408,0.0007240164559334517,0.00015613253344781697,0.0,0.0,0.0,0.0,0.0,0.0002556875115260482,0.0007263870793394744,0.0007585943094454706,0.000842563749756664,0.0006133490242063999,0.00024705601390451193,1.62916439876426e-05,0.0,0.0,0.0,0.0,0.0,0.0,0.0,0.0,0.0,0.0,0.0,0.00024222847423516214,0.0005365571705624461,0.000684507074765861,0.0007348885992541909,0.0007095035980455577,0.0005619403091259301,0.0004095548647455871,0.0002506870368961245,6.880614819237962e-05,0.0,0.0,0.0,0.0,0.0,0.0,0.0,0.0,0.0,2.3230516035255278e-06,0.0001753651595208794,0.00031452704570256174,0.0004239303816575557,0.0004824863572139293,0.0004543962422758341,0.00036563375033438206,0.0002622922766022384,0.00016508676344528794,5.0262580771232024e-05,0.0,0.0,0.0,0.0,0.0,0.0,0.0,0.0,2.9462289603543468e-05,7.187802839325741e-05,0.00011829769209725782,0.0001264740712940693,0.0002623648033477366,0.0004472996515687555,0.00047836810699664056,0.0005306254606693983,0.0005676934379152954
2025-12-09T15:49:38.579422,1765295378.5794225,0.000550651631783694,0.00035197014221921563,0.00014566614117939025,0.0,0.0,0.0,0.0,0.0,0.0,0.0,0.00022423139307647943,0.0004418171301949769,0.0005263735656626523,0.0001851785200415179,0.0,0.0,0.0,0.0,0.0,7.269575144164264e-05,1.3092328117636498e-05,0.0,1.0431645023345482e-05,0.00014697512960992754,0.0002886521106120199,0.0003289697633590549,0.0003234946634620428,0.00032571746851317585,0.00041382774361409247,0.0004663271829485893,0.0003722900873981416,0.0001276409748243168,0.0,0.0,0.0,0.0,0.0,0.0,0.0,0.0,0.0,0.00022490747505798936,0.0004845453368034214,0.0005743742804042995,0.0004869730619248003,0.00037761114072054625,0.0001463629596401006,0.0,0.0,8.965517918113619e-05,0.000682845595292747,0.001264118473045528,0.0018094767583534122,0.0023504849523305893,0.0027552987448871136,0.00318380375392735,0.003660780843347311,0.003959942609071732,0.003996232058852911,0.003678827779367566,0.0030426220037043095,0.0022686903830617666,0.0015541459433734417,0.0010514766909182072,0.0007312474772334099,0.0005587656632997096,0.0006130331894382834,0.0005862689577043056,0.00036250188713893294,0.0003883207100443542,0.00033597578294575214,0.00027015601517632604,0.0002238844899693504,3.3219756005564705e-05,1.7716603224471328e-06,0.0,0.0,0.0,0.0,0.0,0.00032889837166294456,0.0005353795713745058,0.0005735336453653872,0.00045233979471959174,0.00018482806626707315,0.0,0.0,0.0,0.0,0.0,1.1317748430883512e-05,0.00032759972964413464,0.000546120572835207,0.0006385566084645689,0.0005328716360963881,0.00038176216185092926,0.0001568427396705374,6.244615178729873e-06,0.0,0.0,4.2320523789385334e-05,8.355632598977536e-05,3.2194515370065346e-05,0.0,0.0,0.0,0.0,0.0,0.0,0.0,0.0,0.0,0.00010051050048787147,0.00022447618539445102,0.00029807406826876104,0.00033144079498015344,0.00031966983806341887,0.00020606207544915378,2.402334393991623e-05,0.0,0.0,0.0,0.0,0.0,0.0,0.0,0.0,0.0,0.0,7.121582166291773e-05,0.00015257197082974017,8.492065535392612e-05,0.0,0.0,0.0
2025-12-09T15:49:40.247465,1765295380.2474651,0.0016200273530557752,0.0013586153509095311,0.0011026228312402964,0.0008272014674730599,0.00043102542986162007,8.486825390718877e-05,0.0,3.8991362089291215e-05,0.0002734373265411705,0.0004700699937529862,0.0004043102671857923,0.0001323494507232681,0.0,0.0,7.089602877385914e-05,0.00017275175196118653,8.020083623705432e-05,0.0,0.0,0.0,0.0,0.0,7.497795013478026e-05,0.00030666368547827005,0.00037301142583601177,0.00024609212414361537,8.701676415512338e-05,0.0001509574067313224,0.0002983039303217083,0.0003453741082921624,0.00021116057178005576,0.0,0.0,0.0,0.0,0.0,0.00022713188081979752,0.00047402933705598116,0.00046739427489228547,0.00018171589181292802,0.0,0.0,0.0,0.0,0.00025807408383116126,0.0006221378571353853,0.0010340390726923943,0.0011929117608815432,0.0010365649359300733,0.0008370609721168876,0.0006493364926427603,0.0006871453369967639,0.0010340529261156917,0.0016147453570738435,0.002346042776480317,0.003193426178768277,0.004029605537652969,0.00453563779592514,0.004499074071645737,0.003989952150732279,0.0031474349088966846,0.0022026984952390194,0.0013502291403710842,0.0007644530269317329,0.00035748971276916564,6.87294450472109e-05,0.0,0.0,0.0,0.0,0.0,0.00015162066847551614,0.0003390533966012299,0.0004960476653650403,0.00036794337211176753,0.0003834592062048614,0.0004683986771851778,0.00024515052791684866,0.0,0.0,0.0,0.0,0.0,3.9591755921719596e-05,0.0003190402640029788,0.0004756419803015888,0.0003721336543094367,9.916534327203408e-05,0.0,0.0,0.0,0.0,9.343764395453036e-05,0.00011960748088313267,0.0,0.0,0.0,0.0,0.0,0.0,0.0001337658177362755,0.000358712044544518,0.00048177075223065913,0.0005225625936873257,0.0005234188865870237,0.00048077592509798706,0.00040484947385266423,0.00032624570303596556,0.00020322210912127048,7.331489177886397e-05,0.0,0.0,0.0,0.0,0.0,0.0,0.0,0.0,0.0,2.4619857867946848e-05,9.429959754925221e-05,0.0001113374819396995,0.00012170129048172385,0.00012107357906643301,0.00012138133024564013,8.594556129537523e-05,1.3003960702917539e-05,0.0,0.0,0.0,0.0,9.314612725574989e-06,3.290645690867677e-05,8.649305527796969e-05,0.00011381877266103402
2025-12-09T15:49:41.913320,1765295381.9133203,0.001426813192665577,0.0011051123728975654,0.0008150932844728231,0.0005281291669234633,0.00016610552847851068,0.0,0.0,0.0,3.48383400705643e-05,8.793587767286226e-05,0.00013517118350137025,0.00025208137230947614,0.0003493899421300739,0.00033236935269087553,0.00022958096815273166,0.00013523454254027456,1.431967302778503e-05,0.0,0.0,0.0,0.0,0.0,8.188996434910223e-05,0.00012255813635420054,7.414272840833291e-05,4.2054944060510024e-05,3.327441299916245e-05,6.147151725599542e-05,5.4380358051275834e-05,0.0,0.0,0.0,0.0,0.0,0.0,0.0,5.19695931870956e-05,0.00015410500054713339,0.00024094477703329176,0.00019824583432637155,0.0,0.0,0.0,0.0,0.0,0.00027519979630596936,0.0006391805945895612,0.0009280723752453923,0.0010315018007531762,0.000956449075601995,0.000811183825135231,0.0008266053628176451,0.0010778064606711268,0.001620901981368661,0.002419782569631934,0.003341961419209838,0.0043304357677698135,0.005082213785499334,0.0053003570064902306,0.0048628575168550014,0.0038094439078122377,0.00251592043787241,0.0013965093530714512,0.0004783195035997778,0.0,0.0,0.0,0.0,8.965421875473112e-05,0.00036770483711734414,0.000481368915643543,0.0002692588313948363,6.744408892700449e-05,0.0,6.595491140615195e-05,0.0,4.282650479581207e-05,0.00034390055225230753,0.0004899409832432866,0.0003737465594895184,0.00029692749376408756,0.0,0.0,0.0,0.0,0.0,0.000200855647563003,0.0005293517606332898,0.0007449145196005702,0.000578826351556927,0.00022337998962029815,0.0,0.0,0.0,0.0,0.0,0.0,0.0,0.0,0.0,0.0,0.0,4.852324491366744e-05,0.0002757225593086332,0.0004727934137918055,0.0005833093309774995,0.0005924645811319351,0.00048562392476014793,0.000303459819406271,0.0001224793668370694,0.0,0.0,0.0,0.0,6.975898486416554e-06,0.00010218293755315244,0.00019171586609445512,0.0002787891135085374,0.0002582359593361616,0.0001237939140992239,0.0,0.0,0.0,0.0,0.0,0.0,0.0,0.0,0.0,0.0,0.0,0.0,0.0,0.0,0.0
2025-12-09T15:49:43.580203,1765295383.5802028,0.0,0.0,0.0,8.257688023149967e-05,0.0003053441469091922,0.00035984706482850015,0.0002273389691254124,0.0,0.0,0.0,0.0,0.0001080488582374528,0.00032950410968624055,0.00020730530377477407,0.0,0.0,0.0,0.0,0.0,0.00014349818229675293,0.0002535760577302426,0.0002668067463673651,0.0001642860152060166,0.0,0.0,2.1081891645735595e-06,0.00018885442113969475,0.00024086081248242408,0.00011900779645657167,0.0,0.0,0.0,0.0,2.7623413188848644e-05,0.00025377748534083366,0.00034220400266349316,0.0002368580171605572,0.0,0.0,0.0,0.0,0.0,0.00022312664077617228,0.0005674909916706383,0.0007742170710116625,0.0007384546333923936,0.0004284956958144903,0.0001332909014308825,5.923498247284442e-05,0.00026400669594295323,0.0006213994929566979,0.0011170166544616222,0.0017757131718099117,0.0024921325966715813,0.00314134918153286,0.0037735835649073124,0.004262762609869242,0.004402143880724907,0.004234643653035164,0.0036519034765660763,0.0027369819581508636,0.0018345627468079329,0.001166391302831471,0.0008192018722184002,0.0005228374502621591,0.0004575387865770608,0.0003234146279282868,0.00018438135157339275,0.0,0.0,7.489176641684026e-05,0.00029259914299473166,0.0005967014585621655,0.0007418073946610093,0.0009138857130892575,0.0005053719505667686,0.00041181521373800933,1.7256943465326913e-05,0.0,0.0,0.0,0.0,0.0,0.0,0.0,0.0,0.0,0.0,0.0,3.0180370231391862e-05,0.00027660050545819104,0.00042769458377733827,0.0004593307967297733,0.00028333262889645994,0.00011870401067426428,1.3125311852490995e-05,0.0,0.0,0.0,8.356574107892811e-05,0.0001301345619140193,5.2157731261104345e-05,0.0,0.0,0.0,0.0,0.0,0.0,7.206859299913049e-05,0.0002258649910800159,0.0003280994133092463,0.00039661326445639133,0.00038022914668545127,0.00027568035875447094,0.00012339683598838747,0.0,0.0,0.0,0.0,0.0,0.0,0.0,1.6505333405802958e-05,4.4900418288307264e-05,6.258091889321804e-05,6.36414551991038e-05,8.518956747138873e-05,6.562063208548352e-05,8.065144356805831e-06,0.0,0.0,0.0,0.0,0.0,0.0
2025-12-09T15:49:45.246640,1765295385.2466397,0.0004823790513910353,0.00029647143674083054,0.00020239496370777488,0.00019909426919184625,0.0002476939116604626,0.00030711869476363063,0.0004764556942973286,0.0006621250067837536,0.0007331101805903018,0.0006729794549755752,0.000438863382441923,0.0,0.0,0.0,0.0,3.0108059945632704e-05,0.0002806487609632313,0.0003587179526221007,0.000271292170509696,0.00010617580846883357,0.0,0.0,0.0,0.00011027736036339775,0.0004105666885152459,0.0006443705642595887,0.0006516693974845111,0.0004394036077428609,5.2032155508641154e-05,0.0,0.0,0.0,0.00019794974650721997,0.00031807710183784366,0.00017848718562163413,0.0,0.0,0.0,0.0,1.5473398562448892e-08,0.00020164782472420484,0.000367327913409099,0.0004210610641166568,0.00038064728141762316,0.00042970231152139604,0.00037318485556170344,0.00019985969993285835,1.5097177310963161e-05,0.0,0.0,0.0,0.000438135553849861,0.0012688315473496914,0.0022355453111231327,0.0032444954849779606,0.0040442971512675285,0.004431675188243389,0.004379443358629942,0.003885870799422264,0.0032283656764775515,0.0024276208132505417,0.001861518481746316,0.001502903294749558,0.0012924699112772942,0.0011670902604237199,0.0009788755560293794,0.000784211908467114,0.000531823665369302,0.00032019364880397916,0.0,0.0,0.0,0.0,0.0,0.0,0.0,6.516337452922016e-05,0.000521535228472203,0.0006733489572070539,0.0005208292859606445,0.00040714992792345583,0.0003651624429039657,0.0003986773663200438,0.00043574688606895506,0.000436433037975803,0.00037128388066776097,0.0002203652693424374,0.0,0.0,0.0,0.0,0.0,0.0,0.0,0.00018425192683935165,0.0006620371132157743,0.0009670101571828127,0.00111092790029943,0.0010601702379062772,0.0008043363923206925,0.0005036735092289746,0.00016604570555500686,0.0,0.0,0.0,0.0,0.0,0.0,0.0,0.0,7.74854706833139e-05,0.0002640459861140698,0.0003072450926993042,0.00027964793844148517,0.0002990111825056374,0.0003464010951574892,0.00040417019044980407,0.0003730851167347282,0.00027271188446320593,0.00010581508104223758,0.0,0.0,0.0,0.0,0.0,0.0,0.0,0.0,0.0,0.0,0.0,0.0,2.927841887867544e-05,7.541762897744775e-05,0.00010894880688283592
2025-12-09T15:49:46.915239,1765295386.9152386,0.0001533857430331409,0.00011566805915208533,6.866759213153273e-05,0.0,0.0,0.0,0.0,0.0,0.0,7.567369902972132e-05,0.0002508696634322405,0.0004093029710929841,0.00041010163840837777,0.0001079852954717353,0.0,0.0,0.0,0.0,8.194545080186799e-05,9.796820086194202e-05,9.953771950677037e-05,0.00020353193394839764,0.00041454960592091084,0.0005763099761679769,0.0005454709171317518,0.0003863155434373766,0.00017424703401047736,0.0001359853195026517,0.0002192606480093673,0.00025941600324586034,0.00012543657794594765,0.0,0.0,0.0,0.0,0.0,0.0,2.5487337552476674e-05,0.0003907448844984174,0.0005567828193306923,0.0006618492770940065,0.0006684400141239166,0.00048333199811168015,1.537505886517465e-05,0.0,0.0,0.0,0.00012609876284841448,0.0005335512105375528,0.0010427916422486305,0.0012813940411433578,0.0013497598702087998,0.0014893610496073961,0.0017103553982451558,0.0022079877089709044,0.0029502955731004477,0.003780477913096547,0.004389802925288677,0.004586313385516405,0.004361117724329233,0.003674885258078575,0.0028124141972512007,0.0019589178264141083,0.0013577842619270086,0.0009331557666882873,0.0006724976701661944,0.00040669835289008915,0.0004289263451937586,0.0005017482326366007,0.00037392237572930753,0.00017753428255673498,0.0,0.0,0.0,0.0,0.0,0.0,0.0,7.846141670597717e-05,0.0005704389768652618,0.0007936071488074958,0.0007510907016694546,0.0003526932850945741,0.0,0.0,0.0,0.0,0.0,0.0,0.0,3.1990555726224557e-05,0.0,0.0,0.0,0.0,0.0,3.270500747021288e-05,0.00025595829356461763,0.0004598706145770848,0.0006135492003522813,0.0005681797047145665,0.00044713588431477547,0.00023725794744677842,4.140268356422894e-05,0.0,0.0,0.0,0.0,0.0,0.0,0.0,2.7757565476349555e-05,7.483485387638211e-05,0.00014144799206405878,0.00017184468742925674,9.188496915157884e-05,0.0,0.0,0.0,0.0,3.15088291245047e-05,4.106212509213947e-05,9.699168003862724e-06,0.0,0.0,0.0,0.0,0.0,0.0,0.0,0.0,0.0,0.0,0.0,6.408302579075098e-05
2025-12-09T15:49:48.583284,1765295388.5832844,0.0005155241233296692,0.0003959758614655584,0.00026201733271591365,0.0001876891910796985,0.00015258592611644417,3.2015199394663796e-05,0.0,0.0,0.0,0.0,5.6152708566514775e-05,0.0004978586221113801,0.0007379103335551918,0.0006228425190784037,0.00038509329897351563,0.00014331325655803084,3.979790926678106e-05,5.613646499114111e-05,0.0001953205355675891,0.0003348067111801356,0.0003113684942945838,0.0001836519077187404,7.082773663569242e-05,7.954482862260193e-05,0.00017565386951901019,0.00021069796639494598,5.761989450547844e-05,0.0,0.0,0.00018219857884105295,0.0008116842363961041,0.001336759072728455,0.0014223635662347078,0.0010516970651224256,0.0003991400881204754,0.0,0.0,0.0,0.0,0.0,0.0001189693866763264,0.0002952136273961514,0.00030627561500295997,8.283428905997425e-05,2.9961611289763823e-05,0.0,0.0,0.00028487201780080795,0.0007018627948127687,0.0011178748682141304,0.0014221875462681055,0.0017018155194818974,0.0019402015022933483,0.0022218371741473675,0.0025697136297822,0.0029106303118169308,0.0032737578731030226,0.0036256692837923765,0.0037060806062072515,0.0035441643558442593,0.00321222678758204,0.002806311007589102,0.0022842981852591038,0.0018623287323862314,0.001639581867493689,0.001207841094583273,0.0007632827619090676,0.00023917104408610612,0.0,0.0,0.0,0.0,0.0,0.0,6.867718184366822e-05,0.0005215093842707574,0.0007241213461384177,0.0008896237122826278,0.0007587151485495269,0.0005273513961583376,0.00019508544937707484,0.0,0.0,0.0,0.0,0.0,0.0,0.0,0.0,0.0,0.0,0.0,0.00011386299593141302,0.0004972809692844748,0.0007778045837767422,0.0010064697125926614,0.0011072969064116478,0.0010930845746770501,0.00097272964194417,0.0007928922423161566,0.0006029378273524344,0.000396057206671685,0.00014330375415738672,0.0,0.0,0.0,0.0,0.0,0.0,0.0,0.0,0.0,8.410248119616881e-05,0.0002822401002049446,0.0003892228996846825,0.0004019594634883106,0.0003397174004931003,0.0002329677517991513,8.101767161861062e-05,0.0,0.0,0.0,0.0,0.0,0.0,0.0,0.0,0.0,0.0,0.0,0.0,0.0,0.0,0.0,0.0
2025-12-09T15:49:50.249726,1765295390.249726,0.0,0.0,0.0,0.00010938209743471816,0.00027448212495073676,0.0002318374754395336,0.00028385952464304864,0.000248951866524294,0.00017261980974581093,0.0,0.0,0.0,0.0,0.0,0.0,0.0004022337670903653,0.0004980351659469306,0.0003710233431775123,0.00022129820717964321,0.00018488854402676225,0.00019313875236548483,0.00018353307677898556,0.0001875338493846357,0.0002413395995972678,0.0002768124977592379,0.0001938095228979364,0.0,0.0,0.0,0.0,0.0,6.0659553128061816e-05,0.0,0.0,0.0,0.0,0.0,0.0,0.00017732885316945612,0.00033248934778384864,0.0002912681084126234,0.00014329294208437204,8.509276813128963e-05,9.187480463879183e-05,0.00014076165098231286,0.00019246920419391245,0.0001976521307369694,0.0003353267384227365,0.0005205181078054011,0.0007028816035017371,0.000922669714782387,0.0010965804103761911,0.001320510869845748,0.001652939128689468,0.0021219593472778797,0.0027282414957880974,0.0033553659450262785,0.003872987348586321,0.00410865806043148,0.00403272919356823,0.003703581402078271,0.0032110013999044895,0.0025406633503735065,0.001861185533925891,0.001169579103589058,0.0004021610366180539,0.0,0.0,0.0,0.0,0.0,5.643828626489267e-05,0.0003188937553204596,0.00040786544559523463,0.000555490842089057,0.0006088611553423107,0.0005886275321245193,0.0003381904389243573,0.0,0.0,0.0,0.0,0.0,0.0,0.0003235903277527541,0.0005752732395194471,0.0005344265955500305,0.00021903323067817837,0.0,0.0,0.0,0.0,6.918311555637047e-05,0.0004223213472869247,0.0006437433767132461,0.0006274437764659524,0.0004905061214230955,0.00021614313300233334,0.0,0.0,0.0,0.0,0.0,0.0,0.0,0.0,0.0,5.867306390427984e-05,0.00012202027573948726,0.00013385689817368984,0.00010527221456868574,8.638440340291709e-05,7.879648910602555e-05,8.792026346782222e-05,0.00011313166032778099,0.00016842198965605348,0.00029056009952910244,0.0003474381228443235,0.0004020745982415974,0.00039470967021770775,0.0002716293674893677,0.00013882468920201063,3.625969111453742e-05,0.0,0.0,0.0,0.0,0.0,0.0,0.0,0.0,0.0,0.0,0.0,0.0
2025-12-09T15:49:51.915857,1765295391.915857,0.0005228958907537162,0.00048773642629384995,0.0004511306178756058,0.00042750820284709334,0.0003469462099019438,5.7248624216299504e-05,0.0,0.0,0.0,0.00012635934399440885,0.000343801366398111,0.0002245954965474084,0.0,0.0,0.0,0.0,5.275299554341473e-05,0.00032185474992729723,0.0004351300885900855,0.000365234911441803,0.00016544663230888546,6.572283746208996e-05,0.00017351678980048746,0.0003633498272392899,0.00040167971746996045,0.00014669507800135761,0.0,0.0,0.0,0.0,0.0001052828665706329,7.887391984695569e-05,0.0,0.0,0.0,0.0,2.550671524659265e-06,0.0005475841462612152,0.0008358156192116439,0.0009427284239791334,0.0008008916629478335,0.0003254631592426449,0.0,0.0,0.0,0.0,0.0,0.00012659614731092006,0.0007807576330378652,0.0012027528136968613,0.001255735638551414,0.001256172894500196,0.0013857913436368108,0.0017816979670897126,0.00256707682274282,0.003428530413657427,0.004155284725129604,0.004713387228548527,0.0048784674145281315,0.004592083860188723,0.00380949629470706,0.002827715827152133,0.0018619376933202147,0.0008158163400366902,0.0,0.0,0.0,0.0,0.0,0.0005404719850048423,0.0008718606550246477,0.0007639420800842345,0.00038886096444912255,3.849044333037455e-06,0.0,0.0,0.0,0.0,0.0,2.4652463253005408e-05,6.965723150642589e-05,0.0,0.0,0.0,0.0,0.00020855534239672124,0.00048387417336925864,0.0006032735109329224,0.0005920653929933906,0.0004218669782858342,0.0001902028889162466,0.0,0.0,0.0,0.0,0.0,0.0,0.0,0.0,0.0,0.0,0.0,0.0,0.00021993053087498993,0.0004668612382374704,0.000683377671521157,0.0008206645725294948,0.000823770766146481,0.0006973424460738897,0.0005524703301489353,0.00044104669359512627,0.00038690082146786153,0.00026836112374439836,0.00011376292968634516,0.0,0.0,0.0,0.0,0.0,0.0,0.0,0.0,0.0,0.0,0.0,0.0,0.0,3.402513175387867e-05,0.00013404329365585,0.00014729355461895466,0.00020100781694054604,0.00020057092478964478,0.00022778433049097657,0.00023187309852801263,0.0002657141594681889
2025-12-09T15:49:53.582262,1765295393.5822616,0.0003438120475038886,0.0002667563676368445,0.00020947163284290582,0.00014876286149956286,7.857112359488383e-05,0.0,0.0,0.0,0.0,3.9973067032406107e-05,0.0002735818852670491,0.00034055858850479126,0.00024262360238935798,3.833143273368478e-05,0.0,0.0,0.0,0.0,0.00010680138075258583,0.00017861129890661687,0.00015621543570887297,9.177222091238946e-05,5.8421494031790644e-05,0.00010587087308522314,0.0001281352451769635,1.892577165563125e-05,0.0,0.0,0.0,0.00024014845257624984,0.000508529192302376,0.0005327403196133673,0.0003050871309824288,0.0,0.0,0.0,0.0,0.00014198692224454135,0.000253693840932101,0.000152086082380265,0.00010669988114386797,0.0,0.0,0.0,0.0,0.0,0.00017162611766252667,0.0003605990787036717,0.0006036341073922813,0.0008832610328681767,0.0011174562387168407,0.0014421097002923489,0.0018218238838016987,0.0021399222314357758,0.0025598329957574606,0.0030933187808841467,0.0035865057725459337,0.003918006084859371,0.004015468526631594,0.0037986724637448788,0.003269379958510399,0.002699771197512746,0.002086686436086893,0.0015116857830435038,0.000977543299086392,0.0004631385381799191,5.731042165280087e-06,0.0,0.0,0.0,0.0,5.940915798419155e-05,0.00033633661223575473,0.0004910638090223074,0.00021800794638693333,0.0001443713263142854,0.0,0.0,0.0,0.0,1.2543338016257621e-05,7.009629189269617e-05,0.0001054263484547846,0.00011155399988638237,7.006019586697221e-05,4.056098987348378e-05,0.0,0.0,0.0,0.0,0.0,0.0,0.0,0.0,0.0,0.00017736163863446563,0.00030193201382644475,0.00033438438549637794,0.00026222781161777675,0.00013761916488874704,2.775489917894447e-07,0.0,0.0,0.0,0.0,0.0,0.0,0.0,0.0,0.0,0.0,6.021776425768621e-05,0.0002571422955952585,0.0004455135785974562,0.0005699206376448274,0.0005984274321235716,0.0005622859462164342,0.00046229109284467995,0.00025952825671993196,0.0,0.0,0.0,0.0,0.0,0.0,0.0,0.0,0.0,0.0,0.0,0.0,0.0,0.0,0.0,0.0
2025-12-09T15:49:55.249091,1765295395.2490907,0.001310406718403101,0.0009080516174435616,0.0006225350080057979,0.0003968327073380351,0.00013163051335141063,0.0,0.0,0.0,0.0,0.0,0.00025927944807335734,0.00040590055868960917,0.0003990516997873783,0.00023492965556215495,2.6542358682490885e-05,0.0,0.0,0.0,0.0,2.4703427698113956e-05,0.0001841900375438854,0.0002510365447960794,0.0001465550303691998,0.0,0.0,0.0,0.0001898818591143936,0.0004964335239492357,0.000492026680149138,0.00024759164080023766,0.0,0.0,0.0,0.0,0.0,1.347048964817077e-05,0.0,0.0,0.0,0.0,0.0,0.0,3.040875753868022e-06,0.0005936700035817921,0.0010575170163065195,0.0010996038326993585,0.0009616861934773624,0.0006603965885005891,0.00028418825240805745,4.5256751036504284e-05,0.0,0.00019985165272373706,0.0008402427774854004,0.001782550709322095,0.002782996743917465,0.003739485517144203,0.004444957710802555,0.004674728028476238,0.004300619009882212,0.0034532099962234497,0.0023764928337186575,0.0015800866531208158,0.0009307381114922464,0.0007969553698785603,0.0008612533565610647,0.0010296126129105687,0.001134364283643663,0.001168202143162489,0.000943727558478713,0.0004315013065934181,3.2555602956563234e-05,0.0,0.0,0.0,0.0,0.0,0.0,0.0,0.00011581517173908651,3.863362508127466e-05,0.0,0.00015529533266089857,0.00032589962938800454,0.00045606415369547904,0.00043789538904093206,0.0004089315189048648,0.00012026150216115639,0.0,0.0,0.0,0.0,0.000195399479707703,0.0003552642883732915,0.0003446525370236486,3.5043456591665745e-05,0.0,0.0,0.0,0.0,0.0,0.0,0.00016365820192731917,0.00032659873249940574,0.0003689383447635919,0.0004126554704271257,0.0004140001838095486,0.00039122893940657377,0.0003275984199717641,0.0001624704891582951,0.0,0.0,0.0,0.0,0.0,0.0,0.0,0.0,0.0,0.0,0.0,0.0,0.0,0.0,0.0,0.0,0.0,0.0,0.0,0.0,0.0001007317696348764,0.00017516182560939342,0.00031275837682187557,0.00036631454713642597,0.00041803097701631486,0.0004339700099080801
2025-12-09T15:49:56.916427,1765295396.9164274,0.0,0.00022259187244344503,0.00038841759669594467,0.0005415980704128742,0.000602075073402375,0.00038723868783563375,4.73595064249821e-05,0.0,0.0,0.0,0.0,0.0,0.0,0.0001534779294161126,0.00037731771590188146,0.0003852873342111707,0.00020680174930021167,2.4782129912637174e-05,3.5514534829417244e-05,0.0002388192224316299,0.0005168046918697655,0.000649527704808861,0.0005388985737226903,0.0002774539461825043,8.376494952244684e-05,7.560350786661729e-05,0.00011495751095935702,0.00015588432142976671,0.0001027881444315426,0.0,0.0,0.0,0.0,0.0,0.000368276349036023,0.0006316009676083922,0.0006270253797993064,0.00013766650226898491,0.0,0.0,0.0,0.0,0.00012648309348151088,0.0005934925866313279,0.0010616992367431521,0.0010094884783029556,0.0007350859232246876,0.00044778050505556166,0.00011570253991521895,0.0,8.127233013510704e-05,0.0005403605755418539,0.0013780433218926191,0.0023625902831554413,0.003228910034522414,0.003869155887514353,0.004286063369363546,0.004413891118019819,0.004240451380610466,0.003779828315600753,0.003092794679105282,0.0023580787237733603,0.001451057381927967,0.0008514916989952326,0.00048592337407171726,8.416458149440587e-05,0.0,0.0,0.0,0.0,0.0,0.0,0.00023818005865905434,0.000510691839735955,0.0007900043274275959,0.0008794685127213597,0.000838160514831543,0.0005766262765973806,0.0002832108293659985,0.0,0.0,0.0,0.0,0.0,0.0,0.0,1.4543359611707274e-05,0.00015230150893330574,0.00035739204031415284,0.00045346555998548865,0.0004430165863595903,0.0003003422752954066,1.9093271475867368e-05,0.0,0.0,0.0,0.0,0.0,0.0,0.0,0.0,7.776988240948413e-06,0.0,0.0,0.0,0.0,0.00018813135102391243,0.00044731979141943157,0.0006409467896446586,0.0007357757422141731,0.0007375163841061294,0.0006404398591257632,0.000456058798590675,0.00021112908143550158,0.0,0.0,0.0,0.0,0.0,0.0,0.0,0.0,0.0,0.0,0.0,0.0,0.0,0.0,0.0,0.0,0.0,0.0,0.0,0.0,0.0
2025-12-09T15:49:58.583068,1765295398.583068,0.0,0.0,0.0,0.0,0.00011735399311874062,0.00014223413018044084,9.804822184378281e-05,7.0084679464343935e-06,0.0,0.0,0.0,0.0,0.0,0.0,0.0,0.0,0.0001681892026681453,0.0003792275383602828,0.0004652885836549103,0.0002682201156858355,0.0,0.0,0.0,5.681202992491308e-07,0.0002500187256373465,0.00038053884054534137,0.00038362827035598457,0.00023947717272676528,9.328892338089645e-05,0.00010600217501632869,0.00025697890669107437,0.0004210130719002336,0.0004493476590141654,0.00011285504297120497,0.0,0.0,0.0,0.0,0.0,0.0002074058575090021,0.0003505700151436031,0.00037513021379709244,0.00027943053282797337,0.00010362124885432422,0.00013822597975376993,0.00033259819610975683,0.000461277348222211,0.0005831288872286677,0.0007603836711496115,0.0009796348167583346,0.0010712603107094765,0.0010923678055405617,0.0012604439398273826,0.0016444752691313624,0.0022011345718055964,0.0029315222054719925,0.0036135241389274597,0.004170481115579605,0.004457931034266949,0.004386053886264563,0.003960380330681801,0.003304170910269022,0.002516635926440358,0.001704101450741291,0.0010382082546129823,0.0004740760487038642,6.681977538391948e-05,0.0,0.0,0.0,4.5323635276872665e-05,0.00019673518545459956,0.00022133674065116793,0.00017175282118842006,0.000148862658534199,0.0,0.0,6.902145105414093e-05,6.329229654511437e-05,0.0,2.0561740257107886e-06,3.775189907173626e-05,0.00022318244737107307,0.000197575893253088,0.00013445300282910466,3.458339051576331e-05,0.0,0.0,8.459200034849346e-05,0.00022159087529871613,0.0003256791387684643,0.00031059427419677377,0.0001379192399326712,1.584811798238661e-05,0.0,0.0,0.0,0.0,0.0,0.0,0.0,0.0,0.0,0.0,0.0,0.0,0.0,0.0,0.0,0.0001414754951838404,0.0002822270034812391,0.00033751866430975497,0.00033503922168165445,0.0003201693471055478,0.00029236802947707474,0.00027944843168370426,0.00023612426593899727,0.00015454759704880416,7.14536290615797e-05,2.192103238485288e-05,1.4864225704513956e-05,3.29142167174723e-05,4.700286081060767e-05,5.55764272576198e-05,6.983141065575182e-05,5.606353442999534e-05,0.0,0.0,0.0,0.0,0.0,0.0,0.0,0.0,0.0
2025-12-09T15:50:00.250759,1765295400.2507591,0.0003204044187441468,0.00012957282888237387,6.5610538513283245e-06,0.0,0.0,2.7265115932095796e-05,0.0003470139636192471,0.0005964203155599535,0.0006969558889977634,0.0005426700226962566,0.00012783116835635155,0.0,0.0,0.0,0.0,0.0,0.0,0.0,2.779656642815098e-05,5.1522849389584735e-05,0.0,0.0,0.0,0.0,0.0,0.00017149274935945868,0.00029185396851971745,0.0003421158471610397,0.0003989643882960081,0.0004366097564343363,0.0005082865245640278,0.0006918665021657944,0.0010880993213504553,0.0017302369233220816,0.0022788355126976967,0.0024802794214338064,0.002323615364730358,0.0019062570063397288,0.0013151925522834063,0.0006774914218112826,0.0005573025555349886,0.0007249152986332774,0.0009607849060557783,0.0013780164299532771,0.001543457736261189,0.0013264385052025318,0.0008036993676796556,0.00012481292651500553,0.0,0.0,0.0,0.0,0.00032425468089058995,0.0010074186138808727,0.0016714314697310328,0.0022255205549299717,0.002512310165911913,0.002388307359069586,0.0019010574324056506,0.0012778040254488587,0.0005756191094405949,0.0001894772722152993,0.0,0.0,0.0,1.0758753887785133e-05,0.00031534594018012285,0.0004953741445206106,0.0004092504968866706,0.0003671159502118826,0.0002821848320309073,0.0002023783599724993,0.00012438885460142046,7.594225462526083e-05,0.0,0.0,0.0,0.0,0.0,0.0,0.0,0.0,0.00039024060242809355,0.0007695556269027293,0.0010345435002818704,0.0011590273352339864,0.0008668260998092592,0.00035688772913999856,0.0,0.0,0.0,0.0,0.0,0.0,0.0,0.0,0.0,0.0,0.0,0.0,3.7109217373654246e-05,0.00018589528917800635,0.0002980354765895754,0.0003423196612857282,0.0002829976147040725,0.00012736444477923214,0.0,0.0,0.0,0.0,0.0,0.0,0.0,0.0,0.0,0.00018731705495156348,0.00030348586733452976,0.0002664390776772052,0.00015946949133649468,1.996717628571787e-06,0.0,0.0,0.0,0.0,0.0,0.0,0.0,0.0,0.0,0.0,0.0,0.0,0.0,0.0,0.0
2025-12-09T15:50:01.918682,1765295401.9186823,0.0,0.0,0.0,0.0,0.00021126767387613654,0.00046527732047252357,0.0005791382282041013,0.0005099441041238606,0.00027230678824707866,0.0,0.0,0.0,0.0,0.0,0.0,0.0,7.664925942663103e-05,0.00041896995389834046,0.0005802343366667628,0.0003818256955128163,0.0,0.0,0.0,0.0,0.0003054614644497633,0.00037861542659811676,0.00019065343076363206,0.0,0.0,0.0,0.00032344908686354756,0.0008720799232833087,0.001376879052259028,0.0017228309297934175,0.0019081535283476114,0.002137943636626005,0.002348231617361307,0.00244184210896492,0.002328727627173066,0.0020299169700592756,0.0016477025346830487,0.0010489120613783598,0.0004883530200459063,0.00010095123434439301,0.0,0.00017882899555843323,0.0003597860923036933,0.0005812465096823871,0.0007631747866980731,0.0009212223230861127,0.0007638002862222493,0.00047849182737991214,0.00027554199914447963,0.00026049584266729653,0.0003906868223566562,0.0006512881955131888,0.000998468603938818,0.0013371430104598403,0.0015765454154461622,0.0016725945752114058,0.0014715268043801188,0.0011340674245730042,0.0007775452686473727,0.00045045625302009284,0.00016215199138969183,0.0,0.0,0.0,0.0,0.0,0.0,0.0001087461641873233,0.0003807437897194177,0.0005494982469826937,0.0005570102948695421,0.0004918095073662698,0.00021168864623177797,0.0,0.0,0.0,0.0,0.0,0.0,0.0,0.0,0.0,0.0,0.0,2.5025581635418348e-05,0.0002758984628599137,0.0004800664319191128,0.0005069264443591237,0.0004476068133953959,0.00031229236628860235,0.00017331232083961368,9.938870061887428e-05,0.0,0.0,0.0,0.0,0.0,0.0,0.0,0.0,6.018340354785323e-05,0.0001442315406166017,0.00017761877097655088,0.00018064594769384712,0.00018330427701584995,0.00018908434140030295,0.00019852019613608718,0.00021387901506386697,0.00023606025206390768,0.00023237740970216691,0.00018367361917626113,0.00010522703814785928,9.922430035658181e-05,3.34785072482191e-05,0.0,0.0,0.0,0.0,0.0,0.0,0.0,0.0,0.0,2.7204924890611437e-07,0.00011158745473949239,0.00014555496454704553,0.00021089438814669847,0.00012062888708896935,7.503796950913966e-05,3.291263783467002e-05,0.0
2025-12-09T15:50:03.585747,1765295403.585747,0.0,0.0,0.0,7.5044299592264e-05,0.0004850960976909846,0.0007656127563677728,0.0008243301999755204,0.0006478562136180699,0.00034037407021969557,3.254827970522456e-05,0.0,0.0,0.0,0.0,0.0,2.6902174795395695e-05,0.0003522784390952438,0.00035440234933048487,0.0001974557526409626,7.294712122529745e-05,4.652226925827563e-05,0.0001227108878083527,0.00027170931571163237,0.0003810263006016612,0.0003096231957897544,0.0,0.0,0.0,0.0,0.0,0.0007774429977871478,0.0017499689711257815,0.002282103057950735,0.0023381549399346113,0.002163088647648692,0.0018764396663755178,0.0017368451226502657,0.0016792879905551672,0.0016823631012812257,0.0017543162684887648,0.0014978881226852536,0.0011326492531225085,0.0008505205041728914,0.0006546538788825274,0.0005578138516284525,0.0005281661869958043,0.0005522088031284511,0.0006466343766078353,0.0006552445702254772,0.000581346161197871,0.0005770394927822053,0.0004952793242409825,0.00034903312916867435,0.00034478018642403185,0.0003970340476371348,0.0004877943138126284,0.0006137910531833768,0.0007659295224584639,0.0008334610611200333,0.0008965175366029143,0.0010494630550965667,0.0011504202848300338,0.001106378622353077,0.0008776657632552087,0.0006368578760884702,0.0003754234057851136,0.00010629452299326658,0.0,0.0,0.0,0.00015847873874008656,0.0002705715596675873,0.00029556872323155403,0.00017358394688926637,4.24686586484313e-05,0.0,0.0,0.0,0.0,0.0,0.0,0.0,0.0,0.0001667566830292344,0.0005390773876570165,0.000670448993332684,0.0007486568065360188,0.0005718294996768236,0.0004183545825071633,0.00028560502687469125,0.0002204485790571198,0.00021269980061333627,6.892417877679691e-05,1.5151981642702594e-05,0.0,0.0,0.0,0.0,0.0,0.0,0.0,0.0,0.0,0.0002106736646965146,0.0002450686879456043,0.0002163056778954342,0.00013994374603498727,5.561795478570275e-05,0.0,0.0,0.0,0.0,0.0,0.0,0.0,0.0,0.0,0.0,0.0,0.0,0.0,0.0,5.646825593430549e-05,0.0002075259544653818,0.0003209766873624176,0.0003729168092831969,0.0003821866703219712,0.0003575302253011614,0.00031449744710698724,0.00032402461511082947,0.00024469595518894494,0.0003019841096829623,0.00038909405702725053,0.0004345659981481731,0.00043120002374053
2025-12-09T15:50:05.253237,1765295405.2532368,0.0001026849276968278,0.0001268717460334301,8.079573308350518e-05,1.33842204377288e-05,0.0,0.0,0.0,0.0,0.00010415507131256163,0.00015169694961514324,5.806847184430808e-05,0.0,0.0,5.57470484636724e-05,0.00033772902679629624,0.00046853956882841885,0.00036949486820958555,0.0001704217429505661,8.075872028712183e-05,0.00014667575305793434,0.0001988184085348621,0.00014179720892570913,6.490901432698593e-05,0.00012267501733731478,0.00039423868292942643,0.0007219602703116834,0.0007740092114545405,0.0004903756780549884,6.658401252934709e-05,0.0,2.144242898793891e-06,0.0005157914711162448,0.0011794771999120712,0.0017521630506962538,0.002094677882269025,0.002296757884323597,0.002455254551023245,0.00240439735352993,0.0023590377531945705,0.0022064954973757267,0.0018257354386150837,0.0014031152240931988,0.0008981265709735453,0.00040667818393558264,0.00015898974379524589,0.00014391084550879896,0.00029829639242962003,0.0004869393305853009,0.0006224474054761231,0.0006208963459357619,0.00043459050357341766,0.00012289677397347987,0.0,0.0,0.0,7.454119622707367e-05,0.0004482600779738277,0.0009251587325707078,0.0012835246743634343,0.0015125031350180507,0.0015870543429628015,0.0014733171556144953,0.0012953447876498103,0.001009936211630702,0.0006608761614188552,0.00028268396272324026,0.0,0.0,0.0,0.0,0.0,0.0,0.0,0.0,0.0,0.0,0.0004794434644281864,0.0010991638991981745,0.0011248741066083312,0.0009096007561311126,0.000446970050688833,0.00012522008910309523,3.944075797335245e-05,0.0,0.0,4.961627928423695e-05,3.598184093789314e-06,0.0,0.0,0.0,0.0,0.0,0.0,6.40632351860404e-05,0.00023473000328522176,0.0003880927397403866,0.0004710226785391569,0.0005095094093121588,0.0005203332984820008,0.0004827304801438004,0.0004098190111108124,0.00023832502483855933,2.9409316994133405e-05,0.0,0.0,0.0,0.0,0.0,0.0,0.0,0.00010675625526346266,0.00031448827940039337,0.00047085873666219413,0.0005727592506445944,0.000592051655985415,0.0005312438006512821,0.0003961605252698064,0.0003073253610637039,0.00024339785159099847,0.00025040641776286066,0.00028448415105231106,0.0002823194081429392,0.0002074639342026785,0.00012013099330943078,1.8036931578535587e-05,0.0,0.0,0.0,0.0,0.0,0.0,0.0,0.0,0.0,0.0
2025-12-09T15:50:06.922796,1765295406.9227955,0.00023490986495744437,0.00024054678215179592,0.0002501661074347794,0.0002435719798086211,0.000187496974831447,4.861515844822861e-05,0.0,0.0,0.0,0.0,6.981524347793311e-05,5.808595597045496e-05,1.4267587175709195e-05,5.0729238864732906e-05,0.00010050634591607377,0.00012760754907503724,9.606033563613892e-05,0.00013854667486157268,0.0002489752369001508,0.00028864419437013566,0.0001972476311493665,8.986707143776584e-06,0.0,0.0,2.36250943999039e-05,0.0,0.0,0.0,8.025452189031057e-06,0.00039896168163977563,0.0008373944438062608,0.0013304244494065642,0.0018048167694360018,0.0020772109273821115,0.002126806415617466,0.0020038066431879997,0.0019472435815259814,0.001960485940799117,0.001986450981348753,0.0019849403761327267,0.0016062813811004162,0.001217658631503582,0.0008618867723271251,0.0003060722956433892,4.690100467996672e-07,0.0,0.00015658217307645828,0.0005773846060037613,0.0008120139827951789,0.0008558342815376818,0.000802349706646055,0.0005789625574834645,0.0003748652234207839,0.00029438838828355074,0.00021106643544044346,0.00021455367095768452,0.00038617910468019545,0.0006535925786010921,0.0009516534046269953,0.0011558409314602613,0.0012547894148156047,0.0011677492875605822,0.0009360573021695018,0.0006637527840211987,0.0003618260379880667,0.00018292278400622308,2.7722975573851727e-05,5.6485911045456305e-05,0.0002485182194504887,0.0004130616725888103,0.00045157913700677454,0.0002752657455857843,0.0,0.0,0.0,0.0,0.0,0.0,0.0,0.0,0.0,0.00017411024600733072,0.0002846995776053518,0.0004357935977168381,0.0005795012693852186,0.0007840063190087676,0.0005384720861911774,0.00020869015133939683,0.0,0.0,0.0,0.0,0.0,0.0,5.94393968640361e-05,8.738170436117798e-05,0.00017796184692997485,0.00022748125775251538,0.0002471171028446406,0.00018655951134860516,0.00011755371087929234,0.0,0.0,0.0,0.0,0.0,0.0,3.476044366834685e-05,9.813371434574947e-05,0.00012019744463032112,0.0001226120803039521,9.042951569426805e-05,4.369420366856502e-06,0.0,0.0,0.0,0.0,0.0,0.0,0.0,0.0,0.0,7.394127896986902e-05,0.0001312958193011582,0.0001482067455071956,0.00013601826503872871,0.0001076705739251338,9.456936095375568e-05,9.744475391926244e-05,5.988370321574621e-05,2.5961462597479112e-05,8.94574259291403e-05,7.052585715427995e-05,4.0309761971002445e-05,1.0842834853974637e-05
2025-12-09T15:50:08.590146,1765295408.5901456,5.8750505559146404e-05,3.775470031541772e-05,1.1593211638682988e-05,0.0,0.0,0.0,0.0,0.0,0.0,0.0002023721463046968,0.00026434758910909295,0.00010797037975862622,0.0,0.0,0.0,0.0,7.1646395554125775e-06,0.0002592432138044387,0.0003811845963355154,0.00030315713956952095,0.00015458402049262077,0.0,0.0,0.0,0.0,0.0,0.00019344179600011557,0.00039344505057670176,0.0004869471595156938,0.00045489546027965844,0.0003625521494541317,0.00039521028520539403,0.000708193751052022,0.0012529866071417928,0.0018961058231070638,0.002446351572871208,0.0027784451376646757,0.0025665131397545338,0.0018882903968915343,0.0011477107182145119,0.0007514762110076845,0.000597792211920023,0.0005938709946349263,0.0007904128869995475,0.0009581449558027089,0.0009973910637199879,0.0008098880643956363,0.00048328802222386,0.000162380252731964,1.956366941158194e-05,0.0,0.0,0.0,0.00023392608272843063,0.0006008044583722949,0.000982638681307435,0.0013041270431131124,0.0014554376248270273,0.001500752754509449,0.0013819587184116244,0.00109505420550704,0.0005608467035926878,0.0003199201019015163,0.0001092707461793907,0.0,0.0,2.0691803001682274e-05,0.0002330414135940373,0.00039723829831928015,0.0005949290352873504,0.0007031059940345585,0.0006475913687609136,0.0004570013552438468,0.00013813735859002918,0.0,0.0,0.0,0.0,0.0,0.0,0.0,0.0005436827195808291,0.0006150384433567524,0.0006666230619885027,0.0006258939392864704,0.0007439294131472707,0.0004466099198907614,0.00010269663471262902,0.0,0.0,0.0,0.0,0.0,8.106067252811044e-05,0.0,0.0,0.0,0.0,0.0,0.0,0.0,0.0,0.00014976790407672524,0.00039631297113373876,0.0005842301179654896,0.0006301182438619435,0.0005241556209512055,0.0003066508797928691,7.522050145780668e-05,0.0,0.0,0.0,0.0,0.0,0.0,0.0,0.0,0.0,0.0,0.0,0.0,0.0,0.0,0.0,4.2240390030201524e-05,0.00019569485448300838,0.0003011438820976764,0.00031216253410093486,0.0002672953996807337,0.00016584224067628384,9.20333040994592e-05,0.0,0.0,0.0,0.0
2025-12-09T15:50:10.256692,1765295410.2566922,0.0004245572490617633,0.00023679771402385086,0.00011165401519974694,0.0,0.0,0.0,0.0,0.00023873952159192413,0.0006509135127998888,0.0008646216592751443,0.0006154762813821435,5.860641613253392e-05,0.0,0.0,0.0,0.00026881933445110917,0.0002254872815683484,3.7157427868805826e-05,0.0,9.823763684835285e-05,0.00022615646594204009,0.00015567801892757416,0.0,0.0,0.0001337567955488339,0.0004581306711770594,0.0006146635278128088,0.0005458738305605948,0.0002586664923001081,3.779120334002073e-06,0.0,0.00022742009605281055,0.0007831283728592098,0.0014030646998435259,0.0019987793639302254,0.002294358564540744,0.0023555487859994173,0.0021987042855471373,0.001975390827283263,0.0018389294855296612,0.0016343339812010527,0.001389981247484684,0.0012108986265957355,0.0009885195177048445,0.0005937950336374342,0.000258768443018198,2.448175109748263e-05,0.0,0.0,0.0,0.0,0.00022596474445890635,0.0005194850382395089,0.000725582183804363,0.000854590383823961,0.0009052729001268744,0.0008808410493656993,0.0008166049374267459,0.0006722996477037668,0.0006041443557478487,0.000632585899438709,0.0007453088765032589,0.0009290081216022372,0.0009651669533923268,0.0008696186123415828,0.0006678082863800228,0.0005504168220795691,0.00039039834518916905,0.0003234966716263443,0.00019277459068689495,0.0,0.0,0.0,0.0,0.0,0.0,0.0,0.0,0.00035721255699172616,0.0007390424725599587,0.0007111636223271489,0.0006001309375278652,0.0004528672434389591,0.0002523988368920982,0.00020278048759792,0.00020375437452457845,0.00022530883143190295,2.976253927045036e-05,0.0,0.0,0.0,0.0,0.0,0.00028072070563212037,0.0005285475053824484,0.0007180246757343411,0.0006141677731648088,0.0003821566642727703,9.357872477266937e-05,0.0,0.0,0.0,0.0,0.0,0.0,0.0,0.0,0.0,0.0,0.0,0.0,0.0,0.0,5.127798795001581e-05,0.0002949126355815679,0.00040046824142336845,0.0003983524802606553,0.0003938009904231876,0.00032174185616895556,0.0002215735730715096,0.00014244145131669939,7.958566129673272e-05,2.8197751817060634e-05,0.0,2.732119355641771e-06,2.4294311515404843e-05,8.08514523669146e-05,0.00016290118219330907,0.00023893963953014463,0.0002859541564248502,0.0002601557062007487,0.00019288410840090364,0.00012433250958565623,2.039049104496371e-05,0.0
2025-12-09T15:50:11.924843,1765295411.924843,0.00023806499666534364,0.00015936384443193674,9.588788088876754e-05,0.0,0.0,0.0,0.0,0.0,0.000109350003185682,0.0002941325365100056,0.0003869673819281161,0.0003607527178246528,0.0002532735816203058,6.266747368499637e-05,0.0,1.1569489288376644e-05,0.000207720062462613,0.0004007513343822211,0.00042320237844251096,0.00027610728284344077,8.259981404989958e-05,0.0,1.9470995539450087e-05,0.0001959309447556734,0.0003147242241539061,0.0002810510341078043,0.00022845632338430732,0.00035894219763576984,0.0006299326778389513,0.0008290103869512677,0.0007645213627256453,0.000581958913244307,0.0005800123326480389,0.0007761805318295956,0.0012286994606256485,0.0019252673955634236,0.0026051306631416082,0.0029950118623673916,0.0030033679213374853,0.002477258676663041,0.001712928293272853,0.0009704715921543539,0.00043014230323024094,0.0001257735857507214,0.00021894749079365283,0.0005900101386941969,0.0010191708570346236,0.0011825499823316932,0.0009966300567612052,0.0005248385714367032,0.0,0.0,0.0,0.0,0.0,0.0006400543497875333,0.0015246930997818708,0.0021069941576570272,0.002360525308176875,0.002172317821532488,0.0015384508296847343,0.0007506514666602015,0.00018071553495246917,0.0,0.0,0.0,0.0,0.0,0.0,0.00019927186076529324,0.0005595381953753531,0.0005733976140618324,0.0004727295890916139,0.0002625600900501013,0.0003295338246971369,6.900235894136131e-05,3.861827281070873e-05,0.00020137926912866533,0.00017408783605787903,0.0,0.0,0.0,0.0,0.0,0.0,0.0,0.0,0.0004887280520051718,0.0011928649619221687,0.0014577124966308475,0.0013968314742669463,0.000978875788860023,0.00036428493331186473,0.0,0.0,0.0,0.0,0.0,0.0,0.0,0.0,0.0,0.0,0.00017639664292801172,0.0003376662207301706,0.00044650002382695675,0.0004986830754205585,0.0004899545456282794,0.0004715492541436106,0.0004325763729866594,0.00039852430927567184,0.000402575678890571,0.0003934965643566102,0.00039352517342194915,0.0004019287589471787,0.0003308200975880027,0.00027550943195819855,0.00028543060761876404,0.00019747864280361682,4.4946500565856695e-06,0.0,0.0,0.0,0.0,0.0,0.0,0.0,0.0,0.0,0.0,0.0,0.0,0.0,0.0,0.0
2025-12-09T15:50:13.592608,1765295413.5926085,0.0,0.0,7.510020623158198e-06,8.943764260038733e-05,0.00018062458548229188,0.00028215162456035614,0.0003773317439481616,0.0003918089787475765,0.0002973357040900737,0.00012221957149449736,0.0,0.0,0.0,0.0,0.0,0.0,0.0,0.0,0.0,0.0,0.0,0.0,0.00011761204950744286,0.00046931684482842684,0.0008245726930908859,0.0009418196277692914,0.0006746941362507641,0.00014742037456016988,0.0,0.0,0.0,0.0003470428055152297,0.0011311270063742995,0.0018157315207645297,0.002253224840387702,0.002360336948186159,0.0022585697006434202,0.002148271072655916,0.0019767729099839926,0.001850305707193911,0.0017470424063503742,0.0015539127634838223,0.0011490409960970283,0.0006311572506092489,0.00030986874480731785,0.00016398454317823052,0.0001445938105462119,0.00021830668265465647,0.0003595656016841531,0.00045056286035105586,0.0003333252971060574,0.00019663310376927257,0.0001626786688575521,0.0002760114730335772,0.0006039146683178842,0.0009330937755294144,0.0012877070112153888,0.0015519644366577268,0.0017093311762437224,0.001704776776023209,0.001519769080914557,0.0010872948914766312,0.0006554973660968244,0.00022263142454903573,0.0,0.0,0.0,0.0,0.0,0.0,0.0,0.0,0.0,0.0,0.0,0.0,0.0002053423086181283,0.0004254599043633789,0.0004587160365190357,0.00043014009133912623,0.0004678897385019809,0.0003937863220926374,0.0002733952715061605,0.00010769998334581032,0.0,0.0,0.0,0.0,0.0,0.0,0.0,2.2847760192235e-05,4.081363294972107e-05,0.0,0.0,0.0,0.0,0.0,0.0,0.0,9.960785064322408e-06,6.327645678538829e-05,7.221742998808622e-05,4.3581767386058345e-06,0.0,0.0,0.0,0.0,0.0,0.0001332094252575189,0.0003912785032298416,0.0006107689114287496,0.0007243838626891375,0.000724174315109849,0.0006263810209929943,0.0004663894069381058,0.0002602269814815372,0.0,0.0,0.0,0.0,0.0,0.0,0.0,0.0,0.0,0.0,0.0,0.0,0.0,0.0,0.0,0.0,0.0,0.0
2025-12-09T15:50:15.259813,1765295415.2598126,0.0,0.0,0.0,0.0,0.0,0.0,0.0,3.740680404007435e-05,0.00021549014491029084,0.0002735927700996399,0.00021382822887971997,0.00014444372209254652,8.905660070013255e-05,0.0,0.0,0.0,0.0,0.0,0.0,0.0,0.0,0.0,0.0,3.094311978202313e-05,0.00022570701548829675,0.00032672370434738696,0.00031484465580433607,0.00021205918164923787,0.00016046692326199263,0.0002641206665430218,0.0004817776207346469,0.0007378627196885645,0.0009952675318345428,0.0012944161426275969,0.0015219347551465034,0.0017968458123505116,0.001984840491786599,0.00222978089004755,0.0022600549273192883,0.0021905237808823586,0.002206576755270362,0.001876093097962439,0.001415025326423347,0.0010799154406413436,0.0007064751116558909,0.00034932472044602036,0.00010724920139182359,0.0,0.0,0.0,0.00022911692212801427,0.0006171472487039864,0.0009222864173352718,0.0010581391397863626,0.0011553233489394188,0.0012625954113900661,0.0013351923553273082,0.0012309866724535823,0.0010411166585981846,0.0007784019107930362,0.00045306250103749335,0.0003252385649830103,0.00020221690647304058,0.000356141448719427,0.0004963706596754491,0.0005092353094369173,0.00031798239797353745,5.070998668088578e-05,0.0,0.0,0.0,0.0,0.0,0.00016948569100350142,0.0003045159683097154,0.0003577832831069827,0.0003309058665763587,0.0,0.0,6.145639054011554e-05,0.00010764917533379048,0.00022790237562730908,0.00031286527519114316,0.00013550369476433843,0.0,0.0,0.0,0.0,0.0,0.0,0.0001463804073864594,0.0004019972402602434,0.0005864145350642502,0.0006358764949254692,0.0006875973776914179,0.0007234290242195129,0.000613970507401973,0.0004265911702532321,0.00017731089610606432,0.0,0.0,0.0,0.0,0.0,0.0,0.0,0.0,0.0001805077336030081,0.000341096892952919,0.00037937305751256645,0.0003217986668460071,0.0002357234334340319,0.00012504974438343197,0.0,0.0,0.0,0.0,0.0,0.0,0.0,0.0,0.0,0.0,0.0,0.0,0.0,0.0,0.0,0.0,0.0,0.0,0.0,0.0,0.0,0.0
2025-12-09T15:50:16.925848,1765295416.9258478,0.0,0.0,0.0,0.0,4.8790720029501244e-05,0.00026627766783349216,0.0001979696098715067,1.6845875506987795e-05,0.0,0.0,0.0,2.9550230465247296e-05,0.00024301606754306704,0.00023875395709183067,0.00018271157750859857,0.0001633478532312438,0.00016444188077002764,0.00019085017265751958,0.00019618328951764852,0.00014149393246043473,9.43113409448415e-05,0.00013183816918171942,0.00021320086671039462,0.00021659518824890256,6.149624823592603e-05,0.0,0.0,0.0,0.0,0.0,0.0006849893252365291,0.0015159676549956203,0.0021251915022730827,0.0023780332412570715,0.0023096189834177494,0.002187219215556979,0.002155695576220751,0.0020764039363712072,0.0019339690916240215,0.0019331298535689712,0.0018261030782014132,0.0014289567479863763,0.0008992209332063794,0.0004936383338645101,0.00014921659021638334,0.0,0.0,8.124662599584553e-06,0.00030871061608195305,0.0005211284733377397,0.0006335175130516291,0.0006511271931231022,0.0006148262182250619,0.0006899110157974064,0.0009239275241270661,0.0010942094959318638,0.001218210905790329,0.0013494595186784863,0.0012919516302645206,0.0010510390857234597,0.0007614261703565717,0.0004562118847388774,0.0002544061280786991,9.713362669572234e-05,0.0,0.0,0.0,0.0,0.0,0.00014980428386479616,0.0002948833571281284,0.00024355208734050393,0.0001885364472400397,9.660859359428287e-05,0.0,0.0,0.0,0.0,0.0,0.0,0.0,7.276036194525659e-05,0.00016720700659789145,0.00025365810142830014,0.0002238777669845149,0.00021328737784642726,6.0707490774802864e-05,0.0,0.0,0.0,8.260678441729397e-05,0.000216618092963472,0.00038607825990766287,0.0005055220681242645,0.0005980455316603184,0.0006006313487887383,0.0005467479932121933,0.0003967201628256589,0.00022579260985367,0.0,0.0,0.0,0.0,0.0,0.0,0.0,0.0,0.0,0.0,0.0,0.0,0.0,0.0,0.0,0.0,1.737659658829216e-05,0.00020400539506226778,0.00036184638156555593,0.00043424658360891044,0.0003871834196615964,0.0002673738345038146,0.0001169037350337021,0.0,0.0,0.0,0.0,5.589880674961023e-05,0.0001651199854677543,0.000287688453681767,0.0003768772294279188,0.0004319424042478204,0.0003411791112739593,0.00025834969710558653,0.00020022739772684872,0.00013154199405107647
2025-12-09T15:50:18.592916,1765295418.5929155,0.000644255371298641,0.00048349329154007137,0.0003651304868981242,0.0003080922761000693,0.00028470417601056397,0.0003135617298539728,0.00040126265957951546,0.00046575619489885867,0.000445006531663239,0.00028392739477567375,0.00018874157103709877,0.00015648145927116275,5.859361408511177e-05,0.0,0.0,3.303752964711748e-05,0.00014433873002417386,5.954718653811142e-05,0.0,0.0,0.0,0.0,8.935808727983385e-05,0.0003790056216530502,0.00041458263876847923,0.00025998096680268645,0.00018446924514137208,0.0002893217315431684,0.0005027336301282048,0.0007147056749090552,0.0008215851266868412,0.0008572899387218058,0.0008268164820037782,0.0008581303991377354,0.0011312119895592332,0.0016603405820205808,0.0023415344767272472,0.002677477663382888,0.0024981677997857332,0.0020583439618349075,0.0013880730839446187,0.0007675058441236615,0.00044216137030161917,0.00041272654198110104,0.0006582352216355503,0.0007082614465616643,0.000761780422180891,0.0006360750994645059,0.0003342040872666985,0.0,0.0,0.0,0.0,0.0005672660772688687,0.0012305170530453324,0.001747608883306384,0.0020920841488987207,0.002184361917898059,0.0019281075801700354,0.0014031219761818647,0.0007876440067775548,0.00025973745505325496,0.0,0.0,0.0,0.0,0.0,0.0,3.803664412771468e-06,0.00020027281425427645,0.00011086683662142605,0.00011941880802623928,0.00021392415510490537,0.0004233848594594747,0.0003687021671794355,0.0005464085261337459,0.00045796914491802454,0.00010527068661758676,0.0,0.0,0.0,0.0,0.0,0.0,0.0,0.0,0.0,0.00030714875902049243,0.000449993007350713,0.0005209241062402725,0.00044423097278922796,0.0001700252469163388,0.0,0.0,0.0,0.0,0.0,0.0,0.0,0.0,0.0,0.0,0.0,0.0,0.00019023544155061245,0.00039810730959288776,0.0005632752436213195,0.0006525721400976181,0.0006364482687786222,0.0005021365359425545,0.0002985023020301014,9.370804764330387e-05,0.0,0.0,0.0,0.0,0.0,0.0,0.0,0.0,0.0,0.0,0.0,0.0,0.0,8.010141755221412e-06,4.5590601075673476e-05,0.00010087247210321948,0.00014910541358403862,0.00026171820354647934,0.0003340980620123446,0.00029673302196897566,0.0001988978183362633,0.00013455998850986362,6.972529808990657e-05
2025-12-09T15:50:20.260371,1765295420.2603714,0.0,0.0,0.0,3.380832276889123e-05,4.9433419917477295e-05,0.0,0.0,0.0,0.0,0.0,0.0,0.00041200502892024815,0.0007178199011832476,0.0005488171591423452,0.0001225561136379838,0.0,0.0,0.0,0.0002769983548205346,0.00041284027975052595,0.0002933182695414871,0.0,0.0,0.0,0.0,0.0,0.0,0.0,0.0,0.0001224441220983863,0.0007146147545427084,0.001293508568778634,0.001646246062591672,0.001814645016565919,0.001997030107304454,0.0021873253863304853,0.002321457490324974,0.002545534400269389,0.002696739276871085,0.0026282845064997673,0.0022396647837013006,0.0016327124321833253,0.000873240118380636,0.00011154461390106007,0.0,0.0,0.0,0.0,0.00012868027260992676,0.0006380017148330808,0.0008800080977380276,0.0009475470869801939,0.0009237158228643239,0.0008716224692761898,0.000952307425905019,0.0010441142367199063,0.0011767448158934712,0.0013026236556470394,0.0014476225478574634,0.0014910760801285505,0.0013813767582178116,0.0010633060010150075,0.000788494769949466,0.0003358815738465637,0.0,0.0,0.0,0.0,0.0,0.0,9.187468094751239e-05,0.00039668785757385194,0.0005036957445554435,0.0004545981646515429,0.0002835832128766924,0.0,0.0,0.0,0.0,0.0,0.0005993271479383111,0.0009643604280427098,0.0009141392074525356,0.00045147037599235773,1.84960135811707e-05,0.0,0.0,0.0,0.0,0.0,0.0,0.0,0.0,0.0,0.0,0.0,0.00019231485202908516,0.00028933800058439374,0.00026666157646104693,8.816173794912174e-05,0.0,0.0,0.0,2.419963857391849e-05,0.0002265119692310691,0.00038276269333437085,0.00048668833915144205,0.0005074876244179904,0.0004452655266504735,0.00033103019814006984,0.00017133413348346949,1.92556490219431e-05,0.0,0.0,0.0,0.0,0.0,0.0,0.0,0.0,0.0,0.0,0.0,0.0,0.00011450081365182996,0.0002582662273198366,0.0003644055686891079,0.000439374620327726,0.0004974819021299481,0.00047120419912971556,0.00041387564851902425,0.0003226537082809955,0.00023385017993859947,0.00015253410674631596,0.0001071956503437832
2025-12-09T15:50:21.927158,1765295421.927158,0.0,0.0,0.00016884821525309235,0.0003359159454703331,0.00043393747182562947,0.0003022462478838861,0.00011371922300895676,0.0,0.0,0.0,0.0,0.0,7.502712105633691e-05,0.0002365277468925342,0.00032810389529913664,0.00029130603070370853,0.00010450607805978507,0.0,0.0,3.987551826867275e-05,0.00018331504543311894,0.00019851670367643237,2.5211416868842207e-05,0.0,0.0,0.0,0.0003292145556770265,0.0007688829209655523,0.0009461591835133731,0.0007733341190032661,0.0004066035326104611,0.0001571547327330336,0.0003659356152638793,0.0011146139586344361,0.0020675375126302242,0.0029114740900695324,0.0031833196990191936,0.002800474176183343,0.0021318281069397926,0.0015854958910495043,0.0011231116950511932,0.0008365762769244611,0.0007693435763940215,0.0007981992093846202,0.0008338385378010571,0.0007836224394850433,0.0005900341202504933,0.00041976096690632403,0.0004862852510996163,0.000524464703630656,0.00041905735270120203,0.00013412302359938622,0.0,0.0,0.00013163105177227408,0.0004822934279218316,0.0009572473354637623,0.0012743942206725478,0.0014474847121164203,0.0014897385844960809,0.0013538971543312073,0.0009247094858437777,0.0002915336226578802,0.0,0.0,0.0,0.0,0.0,0.00022334774257615209,0.0006592317367903888,0.0009925347985699773,0.000987398554570973,0.0007968834834173322,0.000508923432789743,0.00011129918129881844,0.0,0.0,0.0,0.0,0.0,9.355320003123779e-07,0.0005656750872731209,0.0008936159429140389,0.0007309940992854536,0.00034305572626180947,2.976250289066229e-05,0.0,0.0,0.0,0.00034025663626380265,0.000614623015280813,0.0006304200505837798,0.000364756298949942,0.0,0.0,0.0,0.0,0.0,0.0,9.714280895423144e-05,0.00023058750957716256,0.00024604113423265517,0.00015399961557704955,8.08943877927959e-05,2.7587366275838576e-05,2.6545292712398805e-05,9.957724250853062e-05,0.00019114628958050162,0.0003332729684188962,0.00042545361793600023,0.0004313242097850889,0.00031851837411522865,0.00016682907880749553,1.840092045313213e-05,0.0,0.0,0.0,0.0,0.0,0.0,0.0,0.0,0.0,0.0,0.0,0.0,0.0,0.0,0.0,0.0,0.0,0.0,0.0,0.0,0.0
2025-12-09T15:50:23.593279,1765295423.593279,0.0010487411636859179,0.0008704143692739308,0.0007552049937658012,0.0006830619531683624,0.0005708234966732562,0.00035537942312657833,0.00032738244044594467,0.0002577797567937523,0.00014694250421598554,0.0,0.0,0.0,0.0,0.0,0.00026623765006661415,0.000594327982980758,0.0005025499849580228,0.00023671446251682937,5.243494888418354e-05,3.1097766623133793e-05,0.00010477186879143119,0.0001343943295069039,0.00014212416135706007,0.0001525643892819062,0.00015010287461336702,0.00013555004261434078,0.00010117317287949845,0.00011737205204553902,0.0001456827303627506,0.00018475961405783892,0.0002448595769237727,0.0004095356853213161,0.0007974293548613787,0.0013521726941689849,0.0019796155393123627,0.0024540964514017105,0.002653586445376277,0.0025334754027426243,0.0021970183588564396,0.001758984406478703,0.001305227167904377,0.0009168026736006141,0.0007352709653787315,0.000602364947553724,0.0005094652296975255,0.00032393113360740244,0.00025099932099692523,0.00023403833620250225,0.00016355686238966882,0.00010067358380183578,3.0065071769058704e-05,6.043756729923189e-05,0.0002966830797959119,0.0005428808508440852,0.0008967605535872281,0.0011809947900474072,0.0012231111759319901,0.0012033492093905807,0.0010621331166476011,0.0008072629570960999,0.000595175486523658,0.0004927669651806355,0.0003256597847212106,0.00029583513969555497,0.0003514599520713091,0.0003175664460286498,0.0003047576465178281,0.00032253432436846197,0.00020909405429847538,2.74606700259028e-05,0.0,0.0,0.0,0.0,0.0,0.0,1.7521339032100514e-05,0.0002576839178800583,0.0003295702626928687,0.00015595425793435425,0.0,0.0,0.0,0.0,0.0,0.0,0.00024964468320831656,0.00029632236692123115,0.000278472900390625,4.9380771088181064e-05,0.0,0.0,0.0,0.0,0.0,0.0,3.548622771631926e-05,0.00018260010983794928,0.0002811528684105724,0.00032898690551519394,0.00031527597457170486,0.0003048306971322745,0.00036199839087203145,0.0003048735670745373,0.00027943405439145863,0.00023873898317106068,0.00017797834880184382,0.00011981627903878689,9.480153676122427e-05,0.00010157700307900086,0.0001031102510751225,7.521895167883486e-05,4.364796768641099e-05,0.0,0.0,0.0,0.0,0.0,0.0,0.0,0.0,0.0,2.5306961106252857e-05,0.00011441721289884299,0.00020604055316653103,0.00029172521317377687,0.0003252220049034804,0.00031781752477400005,0.0002787109697237611,0.00022371415980160236,0.0001430301635991782,0.00014946796000003815,0.00011803977395175025,0.0001044558739522472,7.993289909791201e-05
2025-12-09T15:50:25.260140,1765295425.26014,0.0,0.0,0.0,0.0,6.896843115100637e-05,0.00018136153812520206,0.00026400116621516645,0.00021824736904818565,3.0040850106161088e-05,0.0,0.0,0.0,0.0,0.0001916370529215783,0.00030334724579006433,0.00028537443722598255,0.00030799402156844735,0.00035746520734392107,0.00037823242018930614,0.00018805588479153812,0.0,0.0,0.0,3.1326104362960905e-05,0.00028300349367782474,0.000376055424567312,0.00029848795384168625,0.00018247148545924574,0.0001407514064339921,0.000262183602899313,0.000581022584810853,0.0010346912313252687,0.0015241168439388275,0.0019964585080742836,0.002250439254567027,0.0023170076310634613,0.002282931702211499,0.002039507729932666,0.0017992093926295638,0.0016099023632705212,0.0013812639517709613,0.0011434948537498713,0.0008958152611739933,0.0007055406458675861,0.0006171397399157286,0.0005740266642533243,0.0005546467145904899,0.0005474850768223405,0.0005785676185041666,0.0005594851099886,0.00042260022019036114,0.00011258913582423702,0.0,0.0,8.858805085765198e-05,0.0004485773388296366,0.0008751123677939177,0.0011364729143679142,0.001322285272181034,0.0014085167786106467,0.0013062956277281046,0.0010667272144928575,0.0007238716934807599,0.00038512563332915306,0.00020055045024491847,0.00010421783372294158,0.0002526103926356882,0.0004163083212915808,0.0005092018400318921,0.0004563663969747722,0.00022251972404774278,0.0,0.0,0.0,0.0,0.0,0.0,0.0,1.8857392660720507e-06,0.0001672256039455533,0.0003846007166430354,0.0005277631571516395,0.0006610749405808747,0.0005546342581510544,0.00037999387132003903,0.00021812025806866586,2.0100032998016104e-05,3.481305975583382e-05,0.00014847640704829246,0.00020098561071790755,0.00021877912513446063,0.0001061546427081339,0.0,0.0,0.0,0.0,0.0,0.0,0.00018337818619329482,0.0003835630777757615,0.0004657570389099419,0.00044034633901901543,0.0003320374235045165,0.00015914341202005744,0.0,0.0,0.0,0.0,0.0,0.0,0.0,0.0,0.0,0.0,0.0,0.0,0.0001012385546346195,0.0002267870877403766,0.00033142842585220933,0.0004242350405547768,0.0005081779672764242,0.0005766107933595777,0.0006328090676106513,0.0005870336899533868,0.0004780142626259476,0.00032767272205092013,0.00013703940203413367,0.0,0.0,0.0,0.0,0.0,0.0,0.0,0.0
2025-12-09T15:50:26.927062,1765295426.9270616,0.0001504320971434936,0.00011100295523647219,2.7814377972390503e-05,0.0,0.0,0.0,0.0,0.0,4.261642970959656e-05,0.00029881176305934787,0.00047792267287150025,0.0005281528574414551,0.0004363505868241191,0.0001327331265201792,0.0,0.0,0.0,0.0,0.0,0.0,0.0,3.321746044093743e-05,0.00025147158885374665,0.0003163298824802041,0.0001871774875326082,0.0,0.0,0.0,0.0002508180041331798,0.0006489107036031783,0.000862850050907582,0.0009571955888532102,0.001108841854147613,0.0014874062035232782,0.0019937942270189524,0.0025347406044602394,0.002835033694282174,0.0026846863329410553,0.002211102517321706,0.001652111066505313,0.0011722928611561656,0.0007982184179127216,0.0005966064054518938,0.0005315706366673112,0.0005199215956963599,0.0005338981281965971,0.0003219034115318209,4.4254851673031226e-05,0.0,4.8042682465165854e-05,0.0001734743418637663,0.0003678889770526439,0.0004998329095542431,0.0006540764006786048,0.000898631929885596,0.0011590798385441303,0.0014398274943232536,0.0016508902190253139,0.001673189690336585,0.0014304238138720393,0.0010565115371719003,0.000593060627579689,9.280523045163136e-06,0.0,0.0,0.0,0.0,0.0,3.147418055959861e-06,0.0003777338715735823,0.0006634239689446986,0.0006621431093662977,0.0005903516430407763,0.00037879712181165814,0.0,0.0,0.0,0.0,0.0,0.0,2.885201138269622e-05,0.0007513545569963753,0.0011084224097430706,0.0009741657413542271,0.0006361555424518883,0.0003882777818944305,0.0,0.0,0.00017105524602811784,0.00032299611484631896,0.0004170948814135045,0.00032170917256735265,6.633820885326713e-05,0.0,0.0,0.0,0.0,0.0,0.0,0.0,0.0,9.4386181444861e-05,0.00019885122310370207,0.00028831593226641417,0.00037886248901486397,0.00044862713548354805,0.0004891652497462928,0.00047186092706397176,0.00042864057468250394,0.0003454761463217437,0.00022752831864636391,8.728919783607125e-05,0.0,0.0,0.0,0.0,0.0,0.0,0.0,0.0,0.0,0.0,0.0,0.0,0.0,4.1328945371787995e-05,0.00024453410878777504,0.00042130768997594714,0.0005794678581878543,0.0006598789477720857,0.0006701001548208296,0.0006036419654265046,0.0005071921623311937,0.0004049009003210813,0.00030595692805945873
2025-12-09T15:50:28.594583,1765295428.5945826,0.0,0.0,0.0,0.0,0.0,0.0,0.0,0.0,0.0,0.0,0.0,0.0,0.0,5.4805252148071304e-05,0.0002358028868911788,0.0003023667086381465,0.0002391493908362463,8.892974437912926e-05,0.0,0.0,0.0,0.0,0.0,0.0,0.0,0.0,0.0,0.0001453856093576178,0.0004380736208986491,0.0007487416733056307,0.0009932470275089145,0.0012108536902815104,0.001439582323655486,0.0017702900804579258,0.0021372628398239613,0.002394113689661026,0.0024235716555267572,0.0021896290127187967,0.0019191706087440252,0.001447950373403728,0.0010136649943888187,0.0009939831215888262,0.0010985899716615677,0.00109781080391258,0.0010725430911406875,0.0009302210528403521,0.0006485424237325788,0.00036558497231453657,2.2396419808501378e-05,0.0,0.0,6.870891957078129e-05,0.0005125918542034924,0.0009251884184777737,0.0011883071856573224,0.0012536782305687666,0.0011911384062841535,0.0011615068651735783,0.0009409078629687428,0.0006347231101244688,0.0003333483764436096,0.00017273730190936476,0.0,0.0,0.00016344049072358757,0.00028187994030304253,0.000370094901882112,0.0003145120572298765,0.00020007202692795545,0.0,0.0,0.0,0.0,0.0,0.00022070351406000555,0.0004384589847177267,0.00035341642796993256,0.00026444418472237885,0.00019865931244567037,0.00023321413027588278,0.00027756867348216474,0.00022912862186785787,0.00029442625236697495,0.00011982809519395232,0.0,0.0,0.0,0.0,0.00016941661306191236,0.0005779891507700086,0.0008032863843254745,0.0006203444208949804,0.00022969572455622256,0.0,0.0,0.0,0.0,0.0,0.0,0.0,5.549177876673639e-05,0.00013195612700656056,6.536004366353154e-05,6.839843263151124e-05,2.9196338800829835e-05,5.6005577789619565e-05,0.00017170007049571723,0.0003359811962582171,0.00043195809121243656,0.000425243575591594,0.00033188238739967346,0.00020079856039956212,8.908898598747328e-05,0.0,0.0,0.0,0.0,0.0,0.0,0.0,0.0,0.0,0.0,0.0,0.0,0.0,0.0,0.0,0.0,0.0,0.0,0.0,0.0,0.0,0.0
2025-12-09T15:50:30.262120,1765295430.2621205,0.0011700838804244995,0.001123572001233697,0.001033994136378169,0.0008644965710118413,0.0006095418357290328,0.0003093240375164896,0.00018706632545217872,6.786733865737915e-05,2.579879219410941e-05,0.0,0.0,0.0,0.0,4.997992073185742e-05,0.0002962201542686671,0.000345590990036726,0.00025395461125299335,0.00024767336435616016,0.0003503026091493666,0.00042504206066951156,0.0003070525999646634,0.0,0.0,0.0,3.3812681067502126e-05,0.0004025853122584522,0.000588018971029669,0.00048051116755232215,8.496277587255463e-05,0.0,0.0,0.0,0.0007789498777128756,0.0016581886447966099,0.0023471862077713013,0.0026169661432504654,0.002592018572613597,0.00221717800013721,0.0017816496547311544,0.0015584544744342566,0.0013384587364271283,0.0012041617883369327,0.0011421242961660028,0.0009986028308048844,0.0008537134854122996,0.0006151134148240089,0.00036850900505669415,0.0002470184990670532,0.0001638339163037017,2.055609911622014e-05,0.0,0.0,0.0,0.00025839029694907367,0.0006123607745394111,0.0009308996959589422,0.001184576889500022,0.001334777451120317,0.0012448234483599663,0.0010211400222033262,0.0007581728859804571,0.0005878873635083437,0.0003059872251469642,0.0003561108314897865,0.0003403115551918745,0.0002755060268100351,0.0004938141792081296,0.0005784389795735478,0.0005864542326889932,0.0005779779748991132,0.00034440119634382427,0.0,0.0,0.0,0.0,0.0,0.0,0.0001545546401757747,0.0005735825398005545,0.0007900106720626354,0.0003470683004707098,0.00019746912585105747,6.394454248948023e-05,0.0,8.185931801563129e-05,0.000215787862543948,0.00025864431518130004,0.00018701923545449972,5.5705047998344526e-05,0.0,0.0,0.0,0.0,0.0,0.0,0.0,0.0,8.441117643087637e-06,0.00021952168026473373,0.0004618403618223965,0.0005449286545626819,0.00046133046271279454,0.0002396132767898962,0.0,0.0,0.0,0.0,0.0,0.0,0.0,6.682072853436694e-05,0.00037368404446169734,0.0005390518344938755,0.0005919290706515312,0.000556664657779038,0.00039643034688197076,9.069751831702888e-05,0.0,0.0,0.0,0.0,0.0,0.0,1.474278724344913e-05,6.545700307469815e-05,8.82480526342988e-05,9.601725469110534e-05,5.57334533368703e-06,0.0,0.0,0.0,0.0,0.0,0.0,0.0
2025-12-09T15:50:31.928583,1765295431.928583,0.0004128294822294265,0.00026701754541136324,0.00010825118806678802,0.0,0.0,0.0,0.0,9.941554708348121e-06,0.00011048146552639082,9.971109102480114e-05,3.76745592802763e-05,9.775385115062818e-05,0.0002506230375729501,0.00033273102599196136,0.00018125705537386239,0.0,0.0,0.0,0.0,0.00015062726743053645,0.00015375291695818305,0.0,0.0,0.0,0.00012154436990385875,0.0006613105651922524,0.0009717590874060988,0.000782339193392545,0.00023030450392980129,0.0,0.0,0.00033186961081810296,0.001396286184899509,0.002446172758936882,0.0029799924232065678,0.0030401884578168392,0.0026342342607676983,0.001984611852094531,0.0013684219447895885,0.0011041410034522414,0.0011121376883238554,0.0012148828245699406,0.001276613911613822,0.0010744951432570815,0.0006461843731813133,0.00024069972278084606,0.0,0.0,0.0,0.0,0.0002327428082935512,0.0008029753225855529,0.001128301490098238,0.0013205705909058452,0.001405599294230342,0.0014150163624435663,0.0012772190384566784,0.0009652372100390494,0.0005466196453198791,0.0002040145918726921,1.0326176379749086e-05,0.0,6.700254016323015e-05,0.0002142577723134309,0.00028374174144119024,0.00034392200177535415,0.00043894004193134606,0.0003494764678180218,0.0002702237106859684,0.0001090854057110846,0.0,0.0,0.0,0.0,0.0,0.0,4.1142484406009316e-05,1.5214490304060746e-05,2.8356123948469758e-05,0.00018063103198073804,9.350302570965141e-05,5.324574885889888e-06,0.00010335146362194791,5.020873140892945e-05,0.00012842217984143645,0.00021793146152049303,0.0004812772967852652,0.0005931930500082672,0.0005513741634786129,0.0003791934868786484,9.625669190427288e-05,0.0,0.0,0.0,0.0,0.0,0.0,0.0,0.0,0.00010298539564246312,0.000239777029491961,0.0003533982380758971,0.0004911735886707902,0.0005219833692535758,0.0004018990439362824,0.00023636700643692166,4.4864602386951447e-05,0.0,0.0,0.0,0.0,0.0,0.0,0.0,6.8350459514476825e-06,0.00011370771971996874,0.0001679089036770165,0.00010492632281966507,2.423716250632424e-05,0.0,0.0,0.0,0.0,0.0,0.0,0.0,0.0,0.0,0.0,4.978867946192622e-05,3.7929734389763325e-05,2.024201603489928e-05,7.924981036921963e-05,0.0001074306492228061,0.0001374950516037643
2025-12-09T15:50:33.595840,1765295433.59584,0.0,0.0,0.0,7.624214049428701e-05,0.00019508303375914693,0.00010125525295734406,0.0,0.0,0.0,0.0,3.392292637727223e-05,0.00042624896741472185,0.0005701495683752,0.00024194504658225924,0.0,0.0,0.0,0.0,4.8228714149445295e-05,0.00027955902623943985,0.00024098536232486367,7.700728019699454e-05,0.0,0.0,0.00010901127097895369,0.00022517694742418826,0.00026853333110921085,0.00034320284612476826,0.0005187771748751402,0.0007493378943763673,0.0008540066774003208,0.0007483498193323612,0.0006074162665754557,0.0006157777388580143,0.0009240420185960829,0.0016347604105249047,0.0023203061427921057,0.002585700945928693,0.0024566813372075558,0.0021278623025864363,0.0015772448386996984,0.0010083363158628345,0.0006803640280850232,0.0005951421917416155,0.0005996885593049228,0.0007223703432828188,0.0006255831103771925,0.00043593673035502434,0.0003585879458114505,0.00029145932057872415,3.893975372193381e-05,0.0,0.0,0.0,6.275747728068382e-05,0.0004088578571099788,0.0008629657095298171,0.0012505213962867856,0.0014744814252480865,0.001556183909997344,0.0013539382489398122,0.0010358686558902264,0.0005653061671182513,0.00017415818001609296,0.0,0.0,0.0,0.0,0.0,0.00017328435205854475,0.0009567840024828911,0.001367520890198648,0.0014982994180172682,0.0012488039210438728,0.0006104698986746371,0.0,0.0,0.0,0.0,0.0,0.0,0.0,0.0,0.0,0.0,0.00016533101734239608,0.000313428754452616,0.00048060889821499586,0.0008459414239041507,0.0010158538352698088,0.0011525165755301714,0.0011392043670639396,0.0009805436711758375,0.0007140446687117219,0.00031724866130389273,0.0,0.0,0.0,0.0,0.0,0.0,0.0,4.74947319162311e-06,0.00023501200485043228,0.0004545355332084,0.0005708425305783749,0.0005780979990959167,0.0005054071662016213,0.00040533117135055363,0.0003175335587002337,0.0002685085928533226,0.0002715781156439334,0.00023735882132314146,0.00017622046289034188,8.583046292187646e-05,0.0,0.0,0.0,0.0,0.0,0.0,0.0,5.342870645108633e-05,0.0001712524681352079,0.00029729196103289723,0.00045542276347987354,0.0005752223078161478,0.0006285561830736697,0.0006293365731835365,0.00039418775122612715,0.00029590268968604505,0.00015386268205475062,7.69572434364818e-05,3.071299579460174e-05,2.426247920084279e-05
2025-12-09T15:50:35.264257,1765295435.2642574,6.551251135533676e-05,0.00010314160317648202,0.00012934232654515654,0.0001591979234945029,0.00016616241191513836,0.00012568083184305578,5.855870767845772e-05,0.0,0.0,0.0,0.0,0.0,0.0,0.00024139846209436655,0.00043498468585312366,0.00048379108193330467,0.00041071127634495497,0.0002613773394841701,7.091510633472353e-05,0.0,0.0,0.0,0.0,0.0,4.4470805732999e-05,7.749801443424076e-05,0.0,0.0,0.0,0.00030781622626818717,0.0009522600448690355,0.0016767177730798721,0.0022260358091443777,0.002469319151714444,0.0024835483636707067,0.0023191114887595177,0.0021667899563908577,0.001919507165439427,0.001754083437845111,0.0016196290962398052,0.0014412309974431992,0.0012267590500414371,0.0009264222462661564,0.0005718669854104519,0.0004189172468613833,0.00020460720406845212,0.00013627915177494287,0.0003152814751956612,0.0004686996398959309,0.0005717124440707266,0.0004939009668305516,0.0003766148292925209,0.00041750873788259923,0.0006205433746799827,0.000862523855175823,0.0010162912076339126,0.0011490763863548636,0.0012245523976162076,0.001171471201814711,0.0011426628334447742,0.0011348141124472022,0.0011169729987159371,0.0009258099016733468,0.0007522464147768915,0.00063560955459252,0.0005357192130759358,0.0004053586453665048,0.00028239405946806073,0.00027829554164782166,3.7756923120468855e-05,0.0,0.0,0.0,0.0,0.0,0.0,0.0003678238426800817,0.0006957306177355349,0.0008072407217696309,0.0006162426434457302,0.0002740987983997911,2.0077481167390943e-05,0.0,2.546730320318602e-05,0.0001637165987631306,0.00016107199189718813,0.00013118975039105862,0.0,0.0,0.0,0.0,0.0,9.673007298260927e-05,0.0003753353958018124,0.0005463364068418741,0.0005408558645285666,0.0004567477444652468,0.00019323262677062303,0.0,0.0,0.0,0.0,0.0,0.0,0.0,0.0001805611973395571,0.00032607122557237744,0.00040301046101376414,0.0004010979027952999,0.00030704436358064413,0.00017948941967915744,4.9529175157658756e-05,0.0,0.0,0.0,0.0,0.0,0.0,0.0,0.0,0.00010052992729470134,0.0001829462416935712,0.0002463312994223088,0.0002740410855039954,0.00023900448286440223,0.0001496977492934093,3.940405076718889e-05,0.0,0.0,0.0,0.0,0.0,0.0,0.0,0.0
2025-12-09T15:50:36.933014,1765295436.9330137,0.0,0.0,0.0,0.0,0.0001098555585485883,0.0002900149847846478,0.00027849149773828685,0.00010355088306823745,0.0,0.0,0.0,4.598506711772643e-05,0.0003305325226392597,0.00040367088513448834,0.0002961600839626044,0.0001621853152755648,0.0,0.0,0.0,0.0,0.0,0.0,0.00027456998941488564,0.000538744090590626,0.0006125921499915421,0.0004972294555045664,0.0003718511725310236,0.0003106576332356781,0.00035769419628195465,0.0004354673728812486,0.0004804031050298363,0.0006122157792560756,0.0009616321767680347,0.0015283433021977544,0.0020150092896074057,0.0022759370040148497,0.0023297369480133057,0.0021311515010893345,0.0017407136037945747,0.0014825969701632857,0.00146501325070858,0.0015071902889758348,0.00149426085408777,0.0013139626244083047,0.0011236543068662286,0.0008010753081180155,0.0003673817845992744,0.0,0.0,0.0,0.0,0.0,0.00030474370578303933,0.0007782433531247079,0.0012007516343146563,0.0015780904795974493,0.0017885114066302776,0.001690607750788331,0.0013200499815866351,0.0008716463344171643,0.00037867907667532563,3.892699533025734e-05,0.0,0.00012724757834803313,0.0003236378252040595,0.00048648662050254643,0.0005665912176482379,0.0005518642719835043,0.0003150351403746754,0.00010746894986368716,0.0,0.0,0.0,0.0,0.0,0.0,2.6310943212592974e-05,0.00020843367383349687,0.00042097235564142466,0.000447854254161939,0.000570835021790117,0.0004981300444342196,0.00011059488315368071,0.0,0.0,0.0,0.0,0.0,0.0,0.00015768579032737762,0.00022281653946265578,0.00011420995724620298,0.0,0.0,0.0,0.0,0.0,0.0,0.0,0.00015783458366058767,0.00031969312112778425,0.0003906876954715699,0.00036996410926803946,0.0002614964614622295,0.00010988739813910797,0.0,0.0,0.0,0.0,0.0,0.0,8.324128430103883e-05,0.0002337021433049813,0.0003533686976879835,0.00034648412838578224,0.00018415629165247083,0.0,0.0,0.0,0.0,0.0,0.0,0.0,0.0,0.0,0.0,0.0,0.0,0.0,0.0,0.0,0.0,0.0,0.0,0.0
2025-12-09T15:50:38.600408,1765295438.6004083,0.0008933993522077799,0.0006041740416549146,0.0003994955914095044,0.00030154772684909403,0.0003047771460842341,0.00030935442191548645,0.00028625887352973223,0.00016256827802862972,0.0,0.0,0.0,0.0,0.0002728189865592867,0.0003684310067910701,0.0003115511790383607,0.00017919363745022565,9.459646389586851e-05,4.245825039106421e-05,4.9738326197257265e-05,0.00010050536366179585,0.00010705788008635864,0.0001445949892513454,0.00022803296451456845,0.00029489665757864714,0.00024196454614866525,4.465479651116766e-05,0.0,0.0,0.0,0.0,0.00048507394967600703,0.0014054590137675405,0.0021731003653258085,0.002547262003645301,0.002492796164005995,0.002108901273459196,0.0017675642156973481,0.001523591810837388,0.001491568866185844,0.0015033981762826443,0.0014036247739568353,0.0012388291070237756,0.001021282048895955,0.0006378575344569981,0.00027340627275407314,7.411491242237389e-05,0.0,5.070917177363299e-05,0.0001657483953749761,0.0002994581882376224,0.0005712909623980522,0.0007860878831706941,0.0008390111033804715,0.0009315776987932622,0.0010602832771837711,0.0010414159623906016,0.0009100676397792995,0.0007105036056600511,0.0004613526107277721,0.0003068871155846864,0.0003528300439938903,0.0005553812370635569,0.0006865373579785228,0.0007036831812001765,0.0008074294892139733,0.0007883220678195357,0.0006859020795673132,0.0004549525328911841,0.00016696244711056352,0.0,0.0,0.0,0.0,0.0,0.0,0.0002738701878115535,0.0006353123462758958,0.000854542653542012,0.0007434288272634149,0.000266438553808257,0.00010873382416320965,0.0,0.0,0.0,0.0001502123923273757,0.0001910641003632918,4.580126187647693e-05,0.0,0.0,0.0,0.0,0.0,1.3611308531835675e-05,0.0004797667497768998,0.0009293168550357223,0.0011089429026469588,0.0012041183654218912,0.0011052645277231932,0.0008930116309784353,0.0004966023261658847,0.0002399386721663177,0.0,0.0,0.0,0.0,0.0,0.0,0.0,0.0,0.0,0.0,0.0,0.0,0.0,6.408973604266066e-06,0.0001209011534228921,0.00021649347036145627,0.00025663780979812145,0.0003070860984735191,0.00038197776302695274,0.00044990566675551236,0.0004514642641879618,0.00037875602720305324,0.0002660188474692404,0.00015611755952704698,5.904114368604496e-05,0.0,0.0,0.0,6.084630513214506e-05,0.0001181821571663022,0.00018660981731954962,0.00023478253569919616,0.0002537018444854766,0.00023430190049111843
2025-12-09T15:50:40.266164,1765295440.266164,0.0,0.0,0.0,0.0,0.0,0.0,0.0,0.0,0.0,0.0,0.0,0.0003234320611227304,0.000736167305149138,0.0007814713753759861,0.0006367701571434736,0.0003097464214079082,0.0,0.0,0.0,0.0,0.0,0.0,0.0,0.0,4.752368477056734e-05,0.00018860532145481557,0.00025138407363556325,0.00015737694047857076,6.233197927940637e-05,0.0001240444544237107,0.00035885695251636207,0.0008020133245736361,0.0013983063399791718,0.0020051521714776754,0.0023460225202143192,0.002343949396163225,0.0021883926820009947,0.0019005106296390295,0.0016094825696200132,0.0014947468880563974,0.0015886473702266812,0.0017796221654862165,0.0019510705024003983,0.001979514490813017,0.0017359773628413677,0.0011870493181049824,0.00046876707347109914,0.0,0.0,0.0,0.0,5.4103096772450954e-05,0.0007453422877006233,0.0011655098060145974,0.001347700017504394,0.0012830462073907256,0.0010202637640759349,0.0006090868846513331,0.0002728586841840297,0.00010458850738359615,0.00022287406318355352,0.0006057615391910076,0.0007805227651260793,0.001032541156746447,0.0011040630051866174,0.0010633757337927818,0.0007350972155109048,0.0003171803255099803,0.0,0.0,0.0,0.0,0.0002351208677282557,0.00033191280090250075,0.0005644185002893209,0.00024155995924957097,0.0,0.0,0.0,0.0,0.0,0.0,0.0,0.00020728149684146047,0.0007054851739667356,0.000910590635612607,0.0009269871516153216,0.0005889409803785384,0.0003089540114160627,0.0,0.0,0.0,0.0,0.000159850183990784,0.00036870583426207304,0.0004906415124423802,0.0004922329098917544,0.0004241222341079265,0.00028467117226682603,0.00012879270070698112,9.440809662919492e-06,0.0,0.0,0.0,0.0,0.0,0.0,0.0,0.0,0.0,0.0,0.0,7.563108374597505e-05,0.00020568983745761216,0.0002544705639593303,0.0002752713917288929,0.00028235430363565683,0.0002516039530746639,0.0001655929663684219,5.678501111106016e-05,0.0,0.0,0.0,0.0,0.0,0.0,0.0,0.0,0.0,0.00017107787425629795,0.00025244391872547567,0.00023686213535256684,0.00023809664708096534,0.00024901502183638513,0.00021602415654342622
2025-12-09T15:50:41.933970,1765295441.9339702,0.0013877071905881166,0.0010897755855694413,0.0008233896805904806,0.000573261990211904,0.000262887857388705,1.9220087779103778e-05,0.0,0.0,2.3888318537501618e-05,0.00010704674787120894,0.00016223470447584987,0.00019372149836272,0.0002331357100047171,0.0002600244479253888,0.0002488532045390457,0.00018294394249096513,0.00016787124332040548,7.33935521566309e-05,0.0,0.0,0.0,0.0,0.0,9.663422679295763e-05,0.0002425570710329339,0.0003491434035822749,0.000352301518432796,0.00027266948018223047,0.00021135433053132147,0.00031926744850352407,0.000621367827989161,0.0010613189078867435,0.0014264782657846808,0.0016289312625303864,0.0017713472479954362,0.0018828457687050104,0.0020775606390088797,0.0020803797524422407,0.0020876340568065643,0.0020617074333131313,0.0016763168387115002,0.0012885541655123234,0.0008406798006035388,0.000596285390201956,0.0006416937685571611,0.0005712310085073113,0.0005617184797301888,0.0006248095305636525,0.0004413155547808856,0.000366689549991861,0.0003969605313614011,0.0003956301952712238,0.0005392744787968695,0.0007508925627917051,0.0007664975710213184,0.0007959266658872366,0.0008631626842543483,0.0008897818624973297,0.0009418422705493867,0.0009284892003051937,0.0009092153050005436,0.0006042158929631114,0.0006284773116931319,0.00045587230124510825,0.00036123592872172594,0.00028744962764903903,0.00020065461285412312,0.00010572324390523136,7.635953807039186e-05,8.771149441599846e-05,0.0,2.267619493068196e-05,9.947009675670415e-05,0.0002464561548549682,0.000275153637630865,0.0003479651641100645,0.0005107694305479527,0.0005104372394271195,0.0,0.0,0.0,0.0,0.0,0.0,0.00017429834406357259,0.0005755234742537141,0.0008993176743388176,0.0010203277925029397,0.0008334749145433307,0.0005795619217678905,0.00027743633836507797,5.275752118905075e-05,0.0,0.0,0.0,0.0,0.0,0.0,0.0,0.0,0.0,0.0,0.0,0.00024864982697181404,0.0004923451924696565,0.0006230758735910058,0.0006428677588701248,0.000573834462556988,0.00043641336378641427,0.0002866675495170057,0.0001563874538987875,1.7621061488171108e-05,0.0,0.0,0.0,0.0,0.0001936803455464542,0.00027323237736709416,0.0002960761485155672,0.000278249237453565,0.00024637594469822943,0.00016392908582929522,0.00012534167035482824,6.900181324454024e-05,2.477597627148498e-05,0.0,0.0,0.0,0.0,1.4360460227180738e-05,0.00011603048187680542,5.35272884008009e-05,0.0001377370790578425,0.00017568253679201007,0.00016662351845297962
2025-12-09T15:50:43.600531,1765295443.600531,0.000693604233674705,0.0005567260668613017,0.00044895688188262284,0.00039643424679525197,0.00039502675645053387,0.00035615754313766956,0.0003775488003157079,0.0004224284493830055,0.00031971995485946536,0.00013525306712836027,0.0,0.0,0.0,0.0,0.0,0.0003527583321556449,0.00039965982432477176,0.0003572235000319779,0.00035577936796471477,0.00038088514702394605,0.0002887399459723383,5.1868410082533956e-06,0.0,0.0,0.0,0.0,0.00025326141621917486,0.000640289334114641,0.0006638219929300249,0.0003851159999612719,7.074463792378083e-05,6.279156514210626e-05,0.0004978947690688074,0.00122591364197433,0.001974597340449691,0.002609430579468608,0.002888183109462261,0.002550425473600626,0.001997019164264202,0.0014431595336645842,0.001088466728106141,0.0008849665173329413,0.0007973546162247658,0.00076596240978688,0.000744155899155885,0.0005389904836192727,0.0004161659744568169,0.00030587398214265704,4.64419208583422e-05,0.0,0.0,0.0,0.00016490460257045925,0.0006622853106819093,0.001237878343090415,0.0015592314302921295,0.0016272604698315263,0.0013913348084315658,0.0008644600748084486,0.00029122637351974845,0.0,0.0,0.00020637144916690886,0.0005364746903069317,0.0009138815221376717,0.0011086775921285152,0.001303748693317175,0.0011980185518041253,0.0008494115900248289,0.0002926404995378107,0.0,0.0,0.0,0.0,0.0,0.0,0.0,0.000367345055565238,0.000522555666975677,0.0005281585035845637,0.0007804689812473953,0.0006668465211987495,0.0005944291478954256,0.0004739414434880018,0.00042830256279557943,0.0003470501978881657,0.00023987158783711493,0.00016715556557755917,0.0,0.0,0.0,0.0,0.0,0.0,0.0,5.1203143812017515e-05,0.0001266207982553169,0.00014449724403675646,0.00012115902063669637,0.0,0.0,2.6577252356219105e-05,0.000147645638207905,0.0003124044742435217,0.00040698578231967986,0.00037480200990103185,0.0001993034384213388,0.0,0.0,0.0,0.0,0.0,0.0,0.0,0.0,0.0,0.0001598377275513485,0.0003638780617620796,0.0004873112484347075,0.0005006414139643312,0.00046816415851935744,0.00034711192711256444,0.00022686693409923464,0.0001227329485118389,2.5097449906752445e-05,0.0,0.0,0.0,0.0,0.0,0.0,0.0,0.0,0.0,0.0
2025-12-09T15:50:45.267459,1765295445.2674587,0.0004978437791578472,0.0005786264664493501,0.0006105854408815503,0.000604896224103868,0.0005752429133281112,0.00032061818637885153,0.0,0.0,0.0,0.0,0.0,0.00032363776699639857,0.0007126753334887326,0.0007770450320094824,0.0006211661384440958,0.00036607420770451427,0.00014697673032060266,2.714808397286106e-05,2.1977879441692494e-05,9.210520511260256e-05,0.00013570522423833609,0.00017507433949504048,0.00020216681878082454,0.00023220058938022703,0.00022957239707466215,0.00015928823268041015,4.122473546885885e-05,3.6501154681900516e-05,0.00022695260122418404,0.0005678190500475466,0.0009185613598674536,0.0011590870562940836,0.0013117368798702955,0.0014600722352042794,0.0016936722677201033,0.0019749202765524387,0.0021882029250264168,0.002256928477436304,0.00225700787268579,0.002053586533293128,0.0017480766400694847,0.0015656217001378536,0.0013449345715343952,0.0011339348275214434,0.000851340708322823,0.0005813007592223585,0.0003075837448704988,0.0001226674794452265,0.0,0.0,0.0,5.481259722728282e-05,0.00024010408378671855,0.00043692905455827713,0.0006793198408558965,0.000984215410426259,0.0014389364514499903,0.0017097258241847157,0.0017011731397360563,0.001498560537584126,0.0012144945794716477,0.0008104729931801558,0.0005865759449079633,0.0002820337249431759,0.0,0.0,0.0,0.0,0.0,0.0,8.92477182787843e-05,0.0003513332922011614,0.0004861209017690271,0.0004483195662032813,0.00028441016911529005,6.094849231885746e-05,0.0,0.0,0.0,0.0,0.0,0.0,3.0590312235290185e-05,0.00010671045311028138,0.0001808716042432934,0.0003462333988863975,0.00038068534922786057,0.0003535175637807697,0.000409407977713272,0.00030084687750786543,0.00012629995762836188,0.0,0.0,0.0,0.0,0.0,0.0,0.0,0.0,0.0,0.0,7.059022755129263e-05,0.00030896972748450935,0.0004937900812365115,0.0006197989569045603,0.0007079677889123559,0.0007313042879104614,0.0006918568396940827,0.000613870972301811,0.000495836662594229,0.0003965589276049286,0.0003288513398729265,0.0002865149872377515,0.00023109880567062646,0.00013652388588525355,0.0,0.0,0.0,0.0,0.0,0.0,0.0,0.0,0.0,7.782861212035641e-05,0.0002725344675127417,0.00046311342157423496,0.0005827888380736113,0.0006077905418351293,0.0004840534820687026,0.00042298444896005094,0.000204719792236574,7.348485814873129e-05,0.0,0.0
2025-12-09T15:50:46.934606,1765295446.9346056,0.00011316150630591437,7.731810183031484e-05,9.14038100745529e-05,0.00014218641445040703,0.00025690754409879446,0.0003307389561086893,0.00036777506466023624,0.00023625881294719875,0.0,0.0,0.0,0.0,0.0,0.0,0.0,0.00024392508203163743,0.0003543739439919591,0.00021103632752783597,0.0,0.0,0.0,0.0,0.0,3.514158379402943e-05,5.5350119509967044e-05,1.4074608770897612e-05,7.13507179170847e-05,0.00032154633663594723,0.0006699042860418558,0.0008799761417321861,0.0008173261885531247,0.0006676045595668256,0.000637255550827831,0.0007912928704172373,0.0012887637130916119,0.0019577103666961193,0.0025349194183945656,0.0028411163948476315,0.002589660929515958,0.0019994331523776054,0.0014201957965269685,0.0008918836829252541,0.0004136896168347448,0.0002132618537871167,0.00042131636291742325,0.0007223403081297874,0.0009171258425340056,0.0010044515365734696,0.0009472552337683737,0.0007288535125553608,0.000340897124260664,0.0,0.0,0.0,8.68314818944782e-05,0.0004642345302272588,0.0009070008527487516,0.0012893045786768198,0.0014463142724707723,0.0014205496991053224,0.001107321586459875,0.0006804189179092646,0.00044270363287068903,0.0002794199390336871,3.41046106768772e-05,0.0,0.0,0.0,0.0,0.00016626768046990037,0.0004298613057471812,0.0005756455357186496,0.000588592083659023,0.000523802766110748,0.00018775329226627946,0.0,0.0,0.0,0.0,0.0,0.0,0.0,0.0,0.0,0.0002345542307011783,0.00036368222208693624,0.0004922320949845016,0.0004178249801043421,0.0003036549314856529,0.0002520577108953148,0.0002659139863681048,0.0003088125085923821,0.00034648741711862385,0.0003512126568239182,0.0002479995309840888,2.818987559294328e-05,0.0,0.0,0.0,0.0,0.0,0.0,0.0,0.0,0.0,0.0,0.0,0.0,0.0,0.0,0.0,0.0001365586358588189,0.0003443160967435688,0.0004525727708823979,0.00048698054160922766,0.0004915895988233387,0.0004366329812910408,0.0003257419739384204,0.00017349938570987433,0.0,0.0,0.0,0.0,0.0,0.0,0.0,7.084551180014387e-05,0.0001894885499496013,0.00031359444255940616,0.00037436987622641027,0.00041627263999544084,0.00043571158312261105,0.0003679164219647646,0.00030965308542363346,0.00025921344058588147
2025-12-09T15:50:48.600776,1765295448.600776,9.162205242319033e-05,8.959889964899048e-05,7.762263703625649e-05,6.865733303129673e-05,9.173930448014289e-05,0.0001607395097380504,0.00015441760479006916,0.0001469610579079017,0.00011655810521915555,4.7874094889266416e-05,9.529377712169662e-05,0.00020754158322233707,0.0002497562381904572,5.799384962301701e-05,0.0,0.0,0.0,5.591676017502323e-05,0.00048214421258307993,0.000593850389122963,0.00031510504777543247,0.0,0.0,0.0,0.00014624654431827366,0.00016627312288619578,0.0,0.0,0.00021716702030971646,0.0007587829604744911,0.0012648443225771189,0.0015458031557500362,0.0016053406288847327,0.0016412410186603665,0.0015399366384372115,0.001423892448656261,0.00144422787707299,0.0015380445402115583,0.0016036269953474402,0.001448076800443232,0.0012730273883789778,0.0012303352123126388,0.0011052475310862064,0.0009023545426316559,0.0007448042742908001,0.0006697611534036696,0.0007462365902028978,0.0006994901341386139,0.00045061708078719676,0.0002820824447553605,0.00010384492634329945,0.0,0.0,0.0,0.0,0.0004340578452683985,0.001006576232612133,0.0015099825104698539,0.0016754470998421311,0.0014619601424783468,0.0009316854411736131,0.00041492164018563926,0.0001979722292162478,8.936665835790336e-05,0.00011036432260880247,0.00019945684471167624,0.00047913860180415213,0.0006465520127676427,0.000520645291544497,0.0005044289282523096,0.0002292702702106908,0.0,0.0,0.0,0.0,0.0,0.0,0.0,0.0,0.00018608970276545733,0.0007484934758394957,0.0008364622481167316,0.0007081436924636364,0.0004541850066743791,4.324609108152799e-05,0.0,0.0,0.0,0.0,0.00019203335978090763,0.0003677464264910668,0.00030127805075608194,5.3718580602435395e-05,0.0,0.0,0.0,0.0,0.0,0.0,4.149665983277373e-05,0.0002819387009367347,0.00040694797644391656,0.0004106852866243571,0.00032765825744718313,0.00021186069352552295,0.00010494107118574902,4.1188417526427656e-05,0.0,0.0,0.0,0.0,0.0,0.0,0.0,0.0,0.0,0.0,0.0,0.0,0.0,0.0,0.0,0.0,0.0,0.0,0.0,0.0,0.0,0.0,0.0,0.0,0.0,0.0,0.0,0.0
2025-12-09T15:50:50.268345,1765295450.2683454,0.0,0.0,0.0,3.5278186260256916e-05,0.00011526924936333671,0.00017465546261519194,0.00023443149984814227,0.0002877376100514084,0.0002707270032260567,0.00016585276171099395,0.0,0.0,0.0,0.0,0.0,0.0,0.0002093803050229326,0.00035318249138072133,0.00036164032644592226,0.00032039190409705043,0.00021693392773158848,0.00015822943532839417,0.00021034969540778548,0.00039499657577835023,0.0006038903375156224,0.0006962375482544303,0.0005435752682387829,0.0002940961567219347,0.00014923661365173757,0.00019269980839453638,0.00034713486093096435,0.0004824328934773803,0.0006001534638926387,0.0008126949542202055,0.001128645846620202,0.0016054671723395586,0.002152438974007964,0.0024603381752967834,0.002535677282139659,0.0024008629843592644,0.0020798358600586653,0.0016206348082050681,0.0012223832309246063,0.0008981582359410822,0.0005869126180186868,0.0004204175784252584,0.00032168274628929794,0.00023310977849178016,0.000254126702202484,0.0002594611723907292,0.000152741267811507,0.0,0.0,3.110851685050875e-05,0.00018435780657455325,0.0004653410578612238,0.0008353128796443343,0.0011220069136470556,0.0012510460801422596,0.0012787749292328954,0.0011166880140081048,0.0009662800584919751,0.0006586010567843914,0.0004402762569952756,0.00019954130402766168,0.0,0.0,0.0,0.0,0.00017699443560559303,0.0004452197172213346,0.0006162754143588245,0.0006629946874454618,0.0005199862644076347,7.095329783624038e-05,3.829021079582162e-05,0.0,0.0,0.0,0.0,0.0,0.0,0.0005685128853656352,0.0009130220278166234,0.0009132864652201533,0.0007115560583770275,0.00041394017171114683,0.00034610790316946805,0.0003928442019969225,0.0004306437913328409,0.00047879552585072815,0.00038460103678517044,0.00016395066631957889,0.0,0.0,0.0,0.0,0.0,0.0,0.0,9.522268373984843e-05,0.00011373317829566076,3.589722837205045e-05,0.0,0.0,0.0,0.0,0.0,8.602007437730208e-05,0.00017795246094465256,0.00021578880841843784,0.00018305385310668498,0.00013944886450190097,0.00011152761726407334,0.00011112695938209072,0.00012153496936662123,6.0075035435147583e-05,5.5732048309664606e-08,0.0,0.0,0.0,0.0,3.539179971312478e-08,6.0285208746790886e-05,0.00014691091200802475,0.00019226550648454577,0.00023087566660251468,0.0002499821421224624,0.0002491357736289501,0.0002491262275725603,0.0002284746296936646,0.0001767277135513723,5.881618562852964e-05,0.0,0.0
2025-12-09T15:50:51.934057,1765295451.9340575,0.0,0.0,0.0,0.0,0.0,0.0,1.0545326404098887e-05,0.0,0.0,0.0,0.0,0.00015274247562047094,0.00028945240774191916,0.0002785261021926999,0.00015766563592478633,8.056988917815033e-06,0.0,0.0,0.0,0.0,0.0,0.0002055913646472618,0.00048063049325719476,0.0005896906368434429,0.00038375204894691706,2.4803841370157897e-05,0.0,0.0,0.00034140131901949644,0.0009686673292890191,0.0014422296080738306,0.0015473291277885437,0.0012820601696148515,0.001070661935955286,0.001113315811380744,0.0013791621895506978,0.0017459167866036296,0.0021016814280301332,0.00250431289896369,0.002609188901260495,0.002128632739186287,0.001665014191530645,0.001098820473998785,0.0006287392461672425,0.0004475210444070399,0.00032562873093411326,0.00045729419798590243,0.0008254776475951076,0.0009120816248469055,0.0008389901486225426,0.0007017382304184139,0.0005491614574566483,0.0004401025071274489,0.00043482406181283295,0.00029291154351085424,0.00021215375454630703,0.0004121981910429895,0.0006648154812864959,0.0009269686997868121,0.001156567712314427,0.0011343121295794845,0.0009916183771565557,0.0006454907706938684,0.0005276807933114469,0.0006149879773147404,0.0006083559710532427,0.0005300407065078616,0.0002523224102333188,0.0,0.0,0.0,0.0,0.0,0.0,0.00045412604231387377,0.0006112604751251638,0.0006858684355393052,0.0007811246323399246,0.0007370568346232176,0.0005803669337183237,0.00035174464574083686,0.0,0.0,0.0,0.0,0.0,0.0,0.0,0.00026198147679679096,0.0005149003118276596,0.0005689995596185327,0.0005181011511012912,0.0003744609421119094,0.0003727224830072373,0.0002765657554846257,0.00034984160447493196,0.0002635552082210779,7.330312655540183e-05,0.0,0.0,0.0,0.0,0.0,0.0,0.0,5.256605436443351e-05,0.00021879553969483823,0.00027310149744153023,0.00022440031170845032,9.046934428624809e-05,0.0,0.0,0.0,7.199830724857748e-05,0.00020354613661766052,0.0002913712814915925,0.000340361992130056,0.00044646678725257516,0.0004987389547750354,0.00046751380432397127,0.0003679567889776081,0.0002461944241076708,4.442887075128965e-05,0.0,0.0,0.0,0.0,0.0,0.0,0.0,0.0,0.0,0.0,0.0,0.0
2025-12-09T15:50:53.601618,1765295453.6016178,0.0007908777915872633,0.0007339816074818373,0.000664855819195509,0.0005798934726044536,0.00048323243390768766,0.00030357460491359234,9.232871889253147e-06,0.0,0.0,0.0,0.0,0.0,0.00011240377352805808,0.0002022356347879395,0.0003277017385698855,0.00037925835931673646,0.0003262631653342396,0.0002370897273067385,0.00027927066548727453,0.00047969879233278334,0.0006247126148082316,0.0005574098322540522,0.00033046124735847116,0.0002136558323400095,0.00033336732303723693,0.0006193588487803936,0.000819411245174706,0.0007451870478689671,0.0004534910258371383,0.000239584653172642,0.0003454440156929195,0.0008970823255367577,0.0016841767355799675,0.002316948724910617,0.00268346955999732,0.002567250281572342,0.0021563847549259663,0.0015971800312399864,0.0012833994114771485,0.0011615805560722947,0.0011385383550077677,0.0013556138146668673,0.0014819158241152763,0.0014785180101171136,0.0014167411718517542,0.0011205479968339205,0.0006854005623608828,0.00024175370344892144,0.0,0.0,0.0,0.0,0.0,0.0003368860052432865,0.0004392171686049551,0.0004373615956865251,0.00034420224255882204,0.00026486412389203906,0.00014672397810500115,0.00014152651419863105,0.00020236292039044201,0.0003501407045405358,0.000278828403679654,0.0003374513180460781,0.0005521986167877913,0.0005914672510698438,0.0005328066181391478,0.0003878071147482842,0.00020399651839397848,0.0,0.0,0.0,0.0,3.903033575625159e-05,2.242695882159751e-05,7.46907462598756e-05,7.138471119105816e-05,0.0,0.0,0.0,0.0,0.0,0.0,0.0003875326074194163,0.0007488131523132324,0.0009703644900582731,0.0007987777935341001,0.00047467969125136733,0.0,0.0,0.0,0.0,0.0,0.0,0.0,0.0,0.0,0.0,2.205325108661782e-05,0.00010965798719553277,0.00014325077063404024,0.00011408084537833929,2.4268367269542068e-05,0.0,0.0,0.0,0.0,0.0,0.0,0.0,0.0,0.0,0.0,1.1065111721109133e-05,3.7336209061322734e-05,4.8811307351570576e-05,5.690928810508922e-05,3.9181650208774954e-05,7.159257802413777e-05,0.00016472733113914728,0.0002457503869663924,0.0002801755617838353,0.0002914693905040622,0.00028732759528793395,0.0002432387409498915,0.000123906196677126,0.0,0.0,0.0,0.0,2.4279988792841323e-05,0.0,0.0,0.0,0.0
2025-12-09T15:50:55.267445,1765295455.2674448,0.0004425262741278857,0.0002615741395857185,0.00013460306217893958,3.2088366424432024e-05,0.0,0.0,0.0,0.00015804044960532337,0.00033699729829095304,0.00041028036503121257,0.00029231212101876736,6.815697997808456e-05,0.0,0.0,0.0,0.00012837740359827876,0.00014650970115326345,7.937679765745997e-05,5.669803431374021e-05,8.316666935570538e-05,0.00011953570356126875,0.00016241829143837094,0.0003034427936654538,0.0005890812608413398,0.0009076985297724605,0.0011220071464776993,0.0010890996782109141,0.0009164471994154155,0.0006676773191429675,0.00048601761227473617,0.0005141050787642598,0.0008204607875086367,0.0013338986318558455,0.0018587976228445768,0.002154354937374592,0.0022909832186996937,0.0021125946659594774,0.0017845231341198087,0.0016369003569707274,0.0016160933300852776,0.0016621170798316598,0.0015518171712756157,0.0014492319896817207,0.0011932675261050463,0.0007893925067037344,0.00029824828379787505,0.0,0.0,0.0,0.0,0.0,0.0,0.00016555246838834137,0.0005260650650598109,0.0009117021691054106,0.0011155895190313458,0.0010289853671565652,0.0008505380246788263,0.0004254882805980742,0.0,0.0,0.0,0.0,0.0,3.9868806197773665e-05,0.00045748017146252096,0.0008604167378507555,0.001110476441681385,0.0010767269413918257,0.0009277085773646832,0.0005701772170141339,2.638973091961816e-05,0.0,0.0,0.0,0.0,0.0,0.0,0.0,0.0005906673613935709,0.0009785782312974334,0.0011724208015948534,0.0008965793531388044,0.0005553977098315954,0.00027672317810356617,0.00015109931700862944,0.0,0.0,0.0,0.0,0.0,0.0,0.0,0.0,0.0,0.0,0.00021089313668198884,0.0004015771555714309,0.000540817913133651,0.0006917775608599186,0.0007370190578512847,0.0008139627170749009,0.0008344611851498485,0.0009031548397615552,0.0008266951772384346,0.0006066770292818546,0.0002560833527240902,0.0,0.0,0.0,0.0,0.0,0.0,0.0,0.000150620675412938,0.00039132163510657847,0.0005549597553908825,0.0006494461558759212,0.0006090177921578288,0.00046114923316054046,0.0002950821362901479,0.00011805562826339155,0.0,0.0,0.0,0.0,0.0,5.181790766073391e-05,6.433432281482965e-05,9.093787411984522e-06,0.0,0.0,0.0,0.0,0.0
2025-12-09T15:50:56.934724,1765295456.9347243,0.0,0.0,0.0,0.0,0.00010934074816759676,0.000310205650748685,0.00027199232135899365,0.00010468617983860895,0.0,0.0,0.0,0.0,8.298484317492694e-06,0.0002087716420646757,0.0004588533192873001,0.0006245595286600292,0.0005336308968253434,0.00017776474123820662,0.0,0.0,3.055588967981748e-05,0.0004681771097239107,0.0007418161258101463,0.0007192716584540904,0.0004765202465932816,0.0002846496063284576,0.0003494893608149141,0.0006563516799360514,0.0009444907773286104,0.0010507506085559726,0.0010248888283967972,0.0011114436201751232,0.001353805884718895,0.0017019532388076186,0.0020984497386962175,0.0024689706042408943,0.0026917103677988052,0.002535188104957342,0.002233104547485709,0.001949697732925415,0.0016023983480408788,0.0012659463100135326,0.0010180455865338445,0.0009494729456491768,0.0009659703937359154,0.0007443578797392547,0.0003776313387788832,0.00016260794654954225,0.0,0.0,0.0,4.317953062127344e-05,0.000211038495763205,0.0004161998222116381,0.0005030076135881245,0.0005069521139375865,0.0005072609055787325,0.0005187945207580924,0.00043174243182875216,0.0003922282485291362,0.0002997720439452678,0.0002928652102127671,0.00024038100673351437,0.00011446940334280953,5.7186054618796334e-05,0.0,0.0,0.0,0.0,0.0,0.0,0.0,7.860941695980728e-05,0.00015606787928845733,0.00019700307166203856,0.00041967383003793657,0.0002904781431425363,0.00017041141109075397,0.00010603600094327703,0.0,7.687081051699352e-06,8.724194049136713e-05,0.0002868597803171724,0.00042933630174957216,0.0003718548105098307,0.00012085522030247375,0.0,0.0,0.0,0.0,0.0,0.0,0.0,0.0,6.058102735551074e-05,0.0001449100236641243,0.00030815257923677564,0.00043434594408608973,0.0005304921069182456,0.0005188445211388171,0.00045387938735075295,0.0002953325747512281,7.156701758503914e-05,0.0,0.0,0.0,0.0,0.0,0.0,0.0,0.0,0.0,0.0,5.686346048605628e-05,0.00011830330913653597,0.0001892898726509884,0.0001834922150010243,0.0001796487922547385,0.00018666547839529812,0.0002196273853769526,0.00024649285478517413,0.00019881280604749918,8.356205216841772e-05,0.0,0.0,0.0,0.0,0.0,0.0,0.0,0.0,0.0,0.0,0.0,0.0
2025-12-09T15:50:58.603817,1765295458.6038175,0.0,0.0,0.0,0.0,0.0,0.0,0.0,0.0,0.0,0.0,0.0002358704514335841,0.00038862021756358445,0.0003306774306111038,0.00013642509293276817,5.319146657711826e-05,0.00011615228868322447,0.00021637382451444864,0.0001969518925761804,1.844508915382903e-05,0.0,0.0,0.00023013120517134666,0.0007145339041016996,0.0010726719629019499,0.0011506377486512065,0.0010224999859929085,0.0008295847219415009,0.0006383977015502751,0.0005623706383630633,0.000668132386635989,0.000873030920047313,0.0010679253609851003,0.0012525878846645355,0.0015472084050998092,0.0019703127909451723,0.0024830768816173077,0.002754308981820941,0.002649640664458275,0.0023015260230749846,0.001798811717890203,0.0012178040342405438,0.0008028878364712,0.0008821306400932372,0.0010423597414046526,0.0010679916013032198,0.0009165825322270393,0.0006797987734898925,0.0002695632283575833,0.0,0.0,0.0,0.0,0.0,1.764829175954219e-05,0.00027865581796504557,0.0005645431810989976,0.0007958477362990379,0.0008485240978188813,0.0008247620426118374,0.0008058462990447879,0.0008971439674496651,0.0009260317892767489,0.0006844679010100663,0.00026641401927918196,0.0,0.0,0.0,0.0,0.0,0.0,0.0002652599068824202,0.0004610003379639238,0.000544868700671941,0.0004959385842084885,0.000345213949913159,0.0002604426408652216,5.6528180721215904e-05,0.0,0.0,0.0,0.0,0.0,0.0,0.0,0.00012403735308907926,0.00017804736853577197,0.0004143248370382935,0.0005627732607536018,0.000750598032027483,0.0007992684841156006,0.0007430412224493921,0.0005200016894377768,0.00016593806503806263,0.0,0.0,0.0,0.0,0.0,0.0,0.0,0.0,0.0,9.57733573159203e-06,0.00017148812185041606,0.00026532169431447983,0.00034504345967434347,0.00037160972715355456,0.000348855770425871,0.0002804927353281528,0.00019355674157850444,0.00012435288226697594,0.0001113425096264109,0.00013613179908134043,0.0001771058887243271,0.00020599646086338907,0.00019922378123737872,0.0002303560613654554,0.0002653554838616401,0.0002442639961373061,0.00017307967937085778,8.86424895725213e-05,0.0,0.0,0.0,0.0,0.0,0.0,0.0,0.0,0.0,0.0,0.0,0.0,0.0,0.0
2025-12-09T15:51:00.271706,1765295460.271706,0.0,0.0,0.0,0.0,0.0,0.0,0.0,0.0,7.580062083434314e-05,0.00023480213712900877,0.00020788250549230725,0.0,0.0,0.0,0.0,0.0002062421990558505,0.0005535094533115625,0.0005938386311754584,0.0003905966004822403,0.00010502566874492913,1.6620570022496395e-05,0.00013290108472574502,0.0003893836692441255,0.0007287620101124048,0.0010660011321306229,0.0012674308381974697,0.0012125122593715787,0.0009185306844301522,0.0006016880506649613,0.00048075371887534857,0.0005793848540633917,0.0008209582883864641,0.0011724884388968349,0.001496277516707778,0.001821598969399929,0.0020356609020382166,0.002146202139556408,0.002229949226602912,0.002197280526161194,0.0020234896801412106,0.0019429677631706,0.001819122931919992,0.0015489979414269328,0.0012484835460782051,0.0009555010474286973,0.0006225429242476821,0.0004447226820047945,0.0002617053687572479,0.00019969140703324229,0.00012941537715960294,0.0,0.0,4.23752935603261e-05,0.00013786627096123993,0.0003493028343655169,0.0005664683412760496,0.0007051388383843005,0.0007005782099440694,0.0005616458947770298,0.00048775412142276764,0.0003966283693443984,0.0004040922794956714,0.0003868702915497124,0.00041875967872329056,0.00034243587288074195,0.00024031716748140752,0.00015061114390846342,0.00015427843027282506,0.0001983468682738021,0.00025852807448245585,0.0002215449494542554,3.6678120522992685e-05,0.0,0.0,0.0,0.0,0.0,0.0,0.0,0.0,0.0,0.0,0.0,0.0,0.0,3.963784547522664e-05,0.00024197142920456827,0.00035637005930766463,0.00041377011802978814,0.0002478428650647402,1.95013199117966e-05,0.0,0.0,0.0,0.0,0.0002766349061857909,0.00045120317372493446,0.0004882804350927472,0.00036404954153113067,0.00016005660290829837,0.0,0.0,0.0,0.0,0.00010026014933828264,0.00019381185120437294,0.00019293426885269582,0.00011505049042170867,2.3606393369846046e-05,0.0,0.0,0.0,0.0,0.0,0.0,0.0,0.0,3.312042827019468e-05,7.430819096043706e-05,8.023722330108285e-05,7.960558286868036e-05,2.2526230168296024e-05,0.0,0.0,1.1191766134288628e-05,8.785285899648443e-05,0.000152711829287,0.00019342907762620598,0.000232708131079562,0.00026887800777330995,0.0003207174886483699,0.0002847200375981629,0.00032175055821426213,0.00038170229527167976,0.0004190178879071027
2025-12-09T15:51:01.938383,1765295461.938383,0.0,0.0,0.0,0.0,0.000240998255321756,0.0004962081438861787,0.0006584835355170071,0.0005797087214887142,0.0003357080277055502,0.0,0.0,0.0,0.0,0.0,0.0,0.0,0.0,0.00010651709453668445,7.845506479497999e-05,0.0,0.0,5.629362476611277e-06,0.0006079577724449337,0.0012054645922034979,0.001371553516946733,0.0010079692583531141,0.00035965873394161463,0.0,0.0,0.00034274309291504323,0.0008737776079215109,0.001239659497514367,0.0013006259687244892,0.0013455328298732638,0.0015117491129785776,0.0019237481756135821,0.002313220174983144,0.0025305135641247034,0.002432023175060749,0.002083695260807872,0.0016637224471196532,0.0011884958948940039,0.0007576968637295067,0.000630703812930733,0.0006012274534441531,0.0005740312044508755,0.0004279353015590459,0.00023376526951324195,0.00014165132597554475,0.00017092049529310316,0.0001416611048625782,0.00012517106370069087,0.0001585616555530578,0.0001532128662802279,0.0001828958629630506,0.00031631908495910466,0.0005070312763564289,0.0007166154682636261,0.000962014717515558,0.0010875363368541002,0.0010611372999846935,0.0008220208692364395,0.00042100471910089254,5.356297697289847e-05,0.0,0.0,0.0,0.0,0.0,0.0,0.000686615880113095,0.00117994484025985,0.0013374359114095569,0.0010917170438915491,0.000662581471260637,0.0,0.0,0.0,0.0,0.0,0.0,0.0,0.0,8.443892875220627e-05,0.00018552584515418857,0.00039544908213429153,0.0003289221494924277,0.0003719134838320315,0.0006132174166850746,0.0007111662998795509,0.0006963720079511404,0.00045189354568719864,0.00015566257934551686,0.0,0.0,0.0,0.0,0.0,0.0,0.0,0.0,0.0,0.0,0.0,2.6604575396049768e-05,0.00024882607976906,0.00046082097105681896,0.0006256958586163819,0.0007519805803894997,0.0007172376499511302,0.0005220184684731066,0.0002243651688331738,0.0,0.0,0.0,0.0,0.0,0.0,0.0,0.0,0.0,0.0,0.0,9.088613296626136e-05,0.0003065255586989224,0.0004546265408862382,0.0005093676736578345,0.0005299669574014843,0.0005447411676868796,0.0005643485928885639,0.0004946580738760531,0.0004154803173150867,0.0003663087554741651,0.00028965482488274574,0.00021795563225168735
2025-12-09T15:51:03.604615,1765295463.6046154,0.0011205744231119752,0.0007711242069490254,0.0004929059650748968,0.0002918269601650536,0.0001271584624191746,5.972542567178607e-05,0.0003463038010522723,0.0006737094954587519,0.0008298965403810143,0.0006604503141716123,0.00010291415674146265,0.0,0.0,0.0,0.00027367056463845074,0.000689216423779726,0.0006326938746497035,0.00020345718075986952,0.0,0.0,0.0,0.0,0.00030119222356006503,0.0006470616790466011,0.0009653237066231668,0.0012109045637771487,0.0013318335404619575,0.0011271907715126872,0.0006456120754592121,0.00025668556918390095,0.0002972333168145269,0.0008148449123837054,0.0015527174109593034,0.002074058633297682,0.002197534078732133,0.0023008084390312433,0.0022604502737522125,0.002041900996118784,0.0019391424721106887,0.001863867393694818,0.0018074691761285067,0.0014751016860827804,0.0009559157188050449,0.0004912065924145281,0.00016058045730460435,0.0,0.0,0.0,0.0,0.00014711296535097063,0.0002776914043352008,0.00030648589017800987,0.00031339575070887804,0.0002858611405827105,0.00043016401468776166,0.0005030899774283171,0.00044897684711031616,0.0003563330683391541,0.00018165096116717905,0.00010218467650702223,0.00019478636386338621,0.00044614056241698563,0.0005844515399076045,0.0007080261129885912,0.0007702260627411306,0.0006563033675774932,0.00040320606785826385,6.346144073177129e-05,0.0,0.0,0.0,0.0,0.0,0.0,5.145757313584909e-05,0.00042849135934375226,0.0008213442633859813,0.0007472733850590885,0.0004936604527756572,0.00016812085232231766,0.0,0.0,0.0,0.00017833473975770175,0.0003076576685998589,0.00031053629936650395,0.00020781334023922682,5.162468005437404e-05,0.0,0.0,0.0,0.0,0.0,0.0,0.0,0.00010218660463578999,0.00015447978512383997,0.00016746221808716655,0.00014433897740673274,7.415434083668515e-05,0.0001282973971683532,0.0001993590994970873,0.00025383144384250045,0.0003512517723720521,0.00038215346285142004,0.00032504802220501006,0.00018304487457498908,0.0,0.0,0.0,0.0,0.0,0.0,0.0,0.0,0.0,5.6017150200204924e-05,9.759562817635015e-05,0.00010148342698812485,5.34757346031256e-05,0.0,0.0,0.0,0.0,0.0,0.0,1.6088117263279855e-05,6.880817090859637e-05,0.0001286726037506014,0.0002564305905252695,0.0002829639706760645,0.00015232358418870717,0.00012148087989771739,9.229934948962182e-05,1.140632502938388e-05
2025-12-09T15:51:05.272516,1765295465.272516,0.00021942457533441484,0.00022021711629349738,0.0002322874788660556,0.00021556072169914842,0.00015661498764529824,0.00013489581760950387,0.00020628422498703003,0.00025105697568506,0.0003132433630526066,0.0002814986219163984,7.622980774613097e-06,0.0,0.0,0.0,0.0,0.000134976115077734,0.000357318960595876,0.0003456085396464914,0.0002346791879972443,0.0001623583520995453,0.0002222545153927058,0.000366417458280921,0.0005061131087131798,0.0005998262204229832,0.000638821569737047,0.0007239808910526335,0.0009013729286380112,0.0010886025847867131,0.001149622374214232,0.001031457562930882,0.0007474527228623629,0.00046248146099969745,0.0005118474364280701,0.0009756366489455104,0.0017895388882607222,0.002674940973520279,0.003134226892143488,0.002977968193590641,0.00230209156870842,0.0015569186070933938,0.0007055118912830949,0.0,0.0,8.514638466294855e-05,0.0002708403335418552,0.0005053069908171892,0.000614563818089664,0.0005314767477102578,0.0004548263386823237,0.0002627683861646801,2.3439044980477775e-06,0.0,0.0,0.0,9.053757094079629e-05,0.00045889802277088165,0.0007534904289059341,0.0009875057730823755,0.0011372091248631477,0.0011162126902490854,0.0008960646810010076,0.0005365163669921458,0.0,0.0,0.0,0.0,0.0,0.0,0.0,0.00026884369435720146,0.0008627565111964941,0.0010723397135734558,0.0010885036317631602,0.0009170754346996546,0.0007312729139812291,0.0005210496601648629,0.0002632344840094447,0.0,0.0,0.0,0.0,0.0,0.0,0.0,0.0,0.0,4.896092491435411e-07,0.0003782399871852249,0.0008647054200991988,0.0010661433916538954,0.001034939894452691,0.0007199664833024144,0.00016591220628470182,0.0,0.0,0.0,0.0,0.0,0.0,0.0,0.0,0.0,0.0002270458498969674,0.0004368804511614144,0.0006591330165974796,0.0008398086065426469,0.0009812316857278347,0.0010212804190814495,0.0009630243293941021,0.0008005678537301719,0.0005839219666086137,0.00036161538446322083,0.000159974122652784,3.713914702530019e-05,0.0,0.0,1.2375608093861956e-05,5.176146714802599e-06,0.0,0.0,0.0,0.0,0.0,0.0,0.0,0.0,0.0,0.0,0.0,8.124422311084345e-05,0.00013965835387352854,0.00016650288307573646,0.000218110071728006,0.00021432833455037326,0.00017471610044594854
2025-12-09T15:51:06.939515,1765295466.9395149,0.0,5.78376893827226e-05,0.00015214658924378455,0.0002551338111516088,0.0003923620388377458,0.0004027806571684778,0.0002638811420183629,4.809352321899496e-05,0.0,1.5198196706478484e-05,0.0003057543362956494,0.0005466626607812941,0.0005779576604254544,0.0003130627446807921,1.9491521015879698e-05,0.0,0.0,0.0,7.280196587089449e-05,0.00021099828882142901,0.00024874458904378116,0.0001767541834851727,7.68163226894103e-05,3.579710755730048e-05,9.712910832604393e-05,0.0002911197952926159,0.0006518915179185569,0.0010900151683017612,0.0013784467009827495,0.001409851829521358,0.0012349229073151946,0.0011133577208966017,0.0012239770730957389,0.0014884916599839926,0.0019788751378655434,0.002429705113172531,0.0026035935152322054,0.0024737080093473196,0.002162323798984289,0.0017019764054566622,0.0012961938045918941,0.0011543111177161336,0.0010441612685099244,0.0009652855223976076,0.0008901928667910397,0.000773254141677171,0.0005496834055520594,0.00033350434387102723,0.0001524979597888887,0.0,0.0,3.982648559031077e-05,0.00017671466048341244,0.0003982953494414687,0.0005358204944059253,0.0006089709931984544,0.0006558413151651621,0.000641479215119034,0.0004931366420350969,0.00036978296702727675,0.00029455588082782924,0.00024046270118560642,0.0001738638966344297,9.190278797177598e-05,2.9746366635663435e-05,0.00011857369827339426,0.00015612928837072104,0.0002456212241668254,0.0001605829893378541,0.0001116921630455181,0.00012195599992992356,2.715593836910557e-05,0.0,0.0,0.0,0.0,0.0,0.0,0.0,0.00012368429452180862,0.0002384539257036522,0.00023438224161509424,0.0,0.0,0.0,0.0,0.0,0.0,0.00022887124214321375,0.00020222541934344918,8.535747474525124e-05,0.0,0.0,0.0,0.0,0.0002355907199671492,0.00045479918480850756,0.0005714232684113085,0.0005792307783849537,0.0005038689123466611,0.0003103339404333383,0.00017483392730355263,0.0001349953527096659,3.331480183987878e-05,0.0,0.0,0.0,0.0,0.0,8.88744616531767e-05,0.00022548862034454942,0.00037406838964670897,0.00048240370233543217,0.0005234702257439494,0.0004991536843590438,0.00040298415115103126,0.0002470334293320775,0.00013816899445373565,9.055656846612692e-06,0.0,0.0,0.0,0.0,0.0,0.0,0.0,0.0,0.0,0.0,0.0,0.0,0.0,0.0,0.0,4.108908979105763e-05
2025-12-09T15:51:08.606213,1765295468.6062126,0.0006388860056176782,0.0005000276141799986,0.0003378995752427727,0.00015054011601023376,0.0,0.0,0.0,0.0,0.0,0.00011285638174740598,0.00038640768616460264,0.0005188197828829288,0.0004358253499958664,1.9927925677620806e-05,0.0,0.0,0.0,6.2713043007534e-05,0.0,0.0,0.0,0.0,0.0004149271408095956,0.0009506407077424228,0.0011246521025896072,0.0008844104595482349,0.0004833300190512091,0.000320126477163285,0.0006255576154217124,0.001218218938447535,0.0016738730482757092,0.0017061048420146108,0.0014362450456246734,0.0013143758988007903,0.001396543113514781,0.0017356856260448694,0.0019777456764131784,0.0020863243844360113,0.0020330881234258413,0.0017881094245240092,0.0014547834871336818,0.0010976075427606702,0.000851068296469748,0.0006965607753954828,0.00046043205657042563,0.0002754944725893438,0.000248749740421772,0.00013448808749672025,0.0001879956544144079,0.0003366811142768711,0.00023488943406846374,4.1257120756199583e-05,0.0,0.0,0.00012729222362395376,0.00037705202703364193,0.0006448029889725149,0.0008613730897195637,0.001019086572341621,0.0011550026247277856,0.001149431918747723,0.0008754708105698228,0.0004725501930806786,0.0,0.0,0.0,0.0,0.0,0.0,0.0,0.0004032195720355958,0.0006863733869977295,0.0008553845109418035,0.0008358533959835768,0.0006597507162950933,0.0003415915125515312,0.00010748963541118428,0.0,0.0,0.0,0.0,0.0,0.0,2.7067131668445654e-05,1.8145139620173723e-05,0.0001596129877725616,0.0,1.0691655916161835e-05,0.0002670802641659975,0.00036882658605463803,0.00038242863956838846,0.00016031667473725975,0.0,0.0,0.0,0.0,0.0,0.0,3.834909512079321e-05,0.00020572579524014145,0.00022943732619751245,0.00017264285997953266,5.6160813983296975e-05,0.0,0.0,0.0,0.0,7.683482544962317e-05,0.0002532876387704164,0.0004036687023472041,0.0004835571744479239,0.0005018531228415668,0.000498497043736279,0.0004497772315517068,0.000341443985234946,0.00017149452469311655,0.0,0.0,0.0,0.0,0.0,0.0,0.0,0.0,0.0,0.0,0.0,3.468275053819525e-06,4.993220863980241e-05,0.00012649210111703724,0.00010827808000613004,8.527783211320639e-05,4.421627090778202e-05,2.4042670702328905e-05,9.484257134317886e-06
2025-12-09T15:51:10.272761,1765295470.2727609,0.0007173401536419988,0.000572388933505863,0.00041350926039740443,0.0002468503953423351,9.750509343575686e-05,0.0,0.0,0.0,0.0,0.0,0.0,0.0,9.617696923669428e-05,0.0004229708865750581,0.0006275352789089084,0.0005950139020569623,0.00043211207957938313,0.000180649061803706,0.0,0.0,0.0,0.0,0.0,0.0005432760808616877,0.0010151192545890808,0.0011007001157850027,0.0008170043583959341,0.00043923506746068597,0.0002844222472049296,0.00038447105907835066,0.0006443889578804374,0.0009390544728375971,0.0011612772941589355,0.0014955729711800814,0.0018415838712826371,0.0021840869449079037,0.0025059303734451532,0.002494399668648839,0.0022829610388725996,0.0019587643910199404,0.0014917922671884298,0.0009829368209466338,0.0005029876483604312,0.00035490200389176607,0.0003564802464097738,0.000316276156809181,0.0002699841861613095,0.00032678100978955626,0.0003919001901522279,0.0005063193384557962,0.0003716828359756619,5.472265183925629e-05,0.0,0.0,0.0,0.0,5.516910823644139e-05,0.0004099903453607112,0.0006554377032443881,0.00074671272886917,0.0007416610023938119,0.0007379032904282212,0.00046343618305400014,0.00032839615596458316,0.0001224854204338044,0.0,0.0,0.0,0.0,0.0,0.0,8.810347935650498e-05,0.00028077265596948564,0.000351999158738181,0.0003555624862201512,0.00044476985931396484,0.00033301464281976223,0.0,0.0,0.0,0.0,3.3487962355138734e-05,0.00022535337484441698,0.00031240121461451054,0.0003286931605543941,0.00036941422149538994,0.00016222723934333771,2.4596149614808382e-06,0.0,7.454812293872237e-05,0.0001589409075677395,0.00017504450806882232,0.0001721940643619746,1.2292483006604016e-05,0.0,0.0,0.0,0.0,0.0,0.0,0.0,6.688910798402503e-05,0.00024375246721319854,0.0003619592171162367,0.0003642030933406204,0.00030134819098748267,0.00019252303172834218,6.65963307255879e-05,0.0,0.0,0.0,0.0,0.0,0.0,8.818497917673085e-06,6.143363134469837e-05,8.994511881610379e-05,7.627162267453969e-05,1.082708786270814e-05,0.0,0.0,0.0,0.0,0.0,0.0,0.0,0.0,0.0,9.050420339917764e-05,0.0002652866824064404,0.00040998918120749295,0.00047684417222626507,0.00047058664495125413,0.0004370973911136389,0.00038270902587100863
2025-12-09T15:51:11.939902,1765295471.9399016,0.0006859794957563281,0.0005776180769316852,0.0004515471518971026,0.00035095500061288476,0.00025527700199745595,0.0,0.0,0.0,0.0,0.0,0.0,0.00018152085249312222,0.0001871294080046937,0.0,0.0,0.0,0.0,5.725520531996153e-05,0.00010954371828120202,0.00022980797803029418,0.0003421744331717491,0.0004626681620720774,0.0005604777834378183,0.0006306119612418115,0.0006968506495468318,0.0007942525553517044,0.000931600749026984,0.0008921724511310458,0.000594970362726599,0.0002229707024525851,8.420388621743768e-05,0.0004554691258817911,0.0012732523027807474,0.002161507960408926,0.0028130272403359413,0.0028278569225221872,0.0024479692801833153,0.0019429526291787624,0.0013852198608219624,0.001133966725319624,0.0012240909272804856,0.0015152766136452556,0.001748376525938511,0.001832138397730887,0.0017955242656171322,0.001463955850340426,0.0009046336053870618,0.0002089732006425038,0.0,0.0,0.0,0.0,4.8065547161968425e-05,0.0005225465865805745,0.0009536116849631071,0.0012337967054918408,0.001253094058483839,0.0010187567677348852,0.0005949180922470987,5.606095874099992e-05,0.0,0.0,0.0,3.655225953025365e-07,0.0005018867086619139,0.0009342313860543072,0.0011741324560716748,0.0010417575249448419,0.0006322835688479245,0.00023609002528246492,0.0,0.0,0.0,0.0,0.0,0.0,0.0,0.0,0.0,0.0,0.0,0.0,0.0,0.0,0.00025480889598838985,0.0006561416666954756,0.0007695577805861831,0.0007520177168771625,0.0005594492540694773,0.00019945285748690367,0.0,0.0,0.0,0.0,0.0,0.0,0.0,0.0,0.0,0.0,7.664637450943701e-06,0.000100967641628813,0.00028348725754767656,0.0003611295251175761,0.00044293160317465663,0.0004554216575343162,0.00041174452053382993,0.0003488939837552607,0.00018331197497900575,0.0,0.0,0.0,0.0,0.0,0.0,0.0,0.0,0.00011350405111443251,0.00035560899414122105,0.0005861493409611285,0.0007305550388991833,0.0007679116097278893,0.0007257423712871969,0.000641404592897743,0.0005175862461328506,0.00033519818680360913,0.00010933839075732976,0.0,0.0,0.0,0.0,0.0,0.0,0.0,0.0
2025-12-09T15:51:13.606431,1765295473.6064315,0.0,0.0,0.0,0.0,0.0,0.0,0.0,0.0,0.0,0.0,0.0,0.0003533719864208251,0.0006619783816859126,0.0005099317640997469,8.403117681154981e-05,0.0,0.0,0.0,0.00018707712297327816,0.0003826783795375377,0.00039403795381076634,0.0002925400622189045,0.00028013470000587404,0.0004870717821177095,0.000823490263428539,0.0010092545999214053,0.0008619704749435186,0.0005543726147152483,0.0004414001014083624,0.0006726690335199237,0.0011520597618073225,0.001714277546852827,0.0021729213185608387,0.0023486344143748283,0.002197405556216836,0.0018948826473206282,0.0017331783892586827,0.0016490616835653782,0.0017057920340448618,0.0018509889487177134,0.0017985673621296883,0.0016154751647263765,0.0011947723105549812,0.0006973714334890246,0.0003164575609844178,7.957679918035865e-05,4.1323404730064794e-05,0.00021341096726246178,0.0004585899587254971,0.0007498615887016058,0.00089211855083704,0.0008468362502753735,0.0007325835176743567,0.0005174163961783051,0.0001964735274668783,5.586110091826413e-06,0.0,0.0,0.00022830201487522572,0.0004980872618034482,0.0006823015282861888,0.0006798006943427026,0.0006265465053729713,0.000507345306687057,0.00044401735067367554,0.0002470306062605232,0.00011477550287963822,0.0,0.0,0.0,1.9665136278490536e-05,0.00022392359096556902,0.00034132195287384093,0.00032648470369167626,0.0002246044750791043,0.0,0.0,0.0,0.0,0.0,3.971492333221249e-05,0.00011550145427463576,0.00032188533805310726,0.00014836929040029645,0.0,0.0,0.0,0.0,0.0,1.0744558494479861e-05,5.285032239044085e-05,3.720294262166135e-05,0.0,4.9761107220547274e-05,0.00023908447474241257,0.00040684829582460225,0.0004204188007861376,0.0003371193306520581,0.000178135625901632,0.0,0.0,0.0,0.0,0.0,0.0,0.0,0.0,4.846581759920809e-06,7.374094275292009e-05,3.2728803489590064e-05,0.0,0.0,0.0,0.0,0.0,0.0,0.0,0.0,0.0,0.0,0.0,0.0,0.0,0.0,0.0,0.0,0.0,0.0,0.0,0.0,0.0,0.0,0.0,0.0,0.0
2025-12-09T15:51:15.272563,1765295475.2725632,0.00030653420253656805,0.00017543378635309637,6.438321724999696e-05,0.0,0.0,0.0,0.0,0.0,0.0,0.0,0.0003222365048713982,0.0005944102304056287,0.000620054779574275,0.00035337262670509517,7.664063741685823e-05,3.06201764033176e-05,0.00012796686496585608,0.00026695619453676045,0.00023448614228982478,9.747660078573972e-05,2.9318476663320325e-05,0.0001449455739930272,0.0004519752983469516,0.0007944144308567047,0.0009554955177009106,0.0009194860467687249,0.000746653531678021,0.0005995642859488726,0.0005651793908327818,0.0007137570064514875,0.000930921989493072,0.0011583445593714714,0.001223372993990779,0.0011656209826469421,0.0011742663336917758,0.0014842135133221745,0.002001633634790778,0.0023858854547142982,0.0026971923653036356,0.0026867457199841738,0.002298749750480056,0.0017110282788053155,0.0009770906763151288,0.0003591910353861749,0.00011829796130768955,0.00013875614968128502,0.00031567702535539865,0.0005069649196229875,0.0005460840184241533,0.00045913789654150605,0.0002549004275351763,0.0,0.0,0.0,0.0,0.0,0.00022136636835057288,0.0004908560076728463,0.0006991085829213262,0.0008562191505916417,0.0009187972755171359,0.0009559685713611543,0.0007625103462487459,0.0005526563036255538,0.0003335198853164911,7.31130494386889e-05,0.0,0.0,0.0,0.0,0.0,0.0,0.0,0.0,0.0,0.00040964316576719284,0.0005432126927189529,0.0007312637171708047,0.0008148535853251815,0.0005833571776747704,0.00032781314803287387,0.0,0.0,0.0,0.0,0.0,0.0,0.0,0.0003459170984569937,0.0006882724701426923,0.0008037990191951394,0.0006834047380834818,0.0004557431966532022,0.0002539419219829142,0.00015500339213758707,0.00029295257991179824,0.00030768068972975016,0.0002528670593164861,7.477331382688135e-05,0.0,0.0,0.0,0.0,0.0,0.0,0.0,0.0,0.00011955361696891487,0.0003452730015851557,0.0004833870043512434,0.0005261510377749801,0.000523990485817194,0.0005064063589088619,0.0004809697566088289,0.0004957447526976466,0.0005109350313432515,0.0004800336610060185,0.00042402531835250556,0.00033571329549886286,0.00020368123659864068,6.402820145012811e-05,0.0,0.0,0.0,0.0,0.0,0.0,0.0,0.0,0.0,0.0,0.0,0.0,0.0,0.0
2025-12-09T15:51:16.939147,1765295476.9391472,0.0,0.0,0.0,0.0,0.0,6.889214273542166e-05,0.00037017400609329343,0.0005519578116945922,0.0006011285586282611,0.00040139182237908244,0.0,0.0,0.0,0.0,0.0001560433447593823,0.0005848758737556636,0.0006671856390312314,0.0004464172525331378,0.00020526550360955298,6.409484922187403e-05,5.506481829797849e-05,0.00019891727424692363,0.0004612335469573736,0.0007945162360556424,0.001062375376932323,0.0011062901467084885,0.0009071353124454618,0.0007097597699612379,0.0007501570507884026,0.0009995752479881048,0.0012661084765568376,0.0014125608140602708,0.0014909401070326567,0.0015542171895503998,0.0015847068279981613,0.0018573799170553684,0.002276130486279726,0.0025227339938282967,0.0025972439907491207,0.002291587647050619,0.0018509161891415715,0.0013320724247023463,0.0007631433545611799,0.00028028746601194143,7.593894406454638e-05,0.00016587557911407202,0.00021283238311298192,0.00025438625016249716,0.00036863944842480123,0.00045216467697173357,0.0002913418284151703,0.0001752051612129435,0.00011125364108011127,4.245800300850533e-05,0.00017667870270088315,0.00038973416667431593,0.0006099092424847186,0.0008221222087740898,0.0008610584191046655,0.0007788248476572335,0.0006650983123108745,0.00051009381422773,0.00039881106931716204,0.00021155283320695162,1.2417802281561308e-05,0.0,0.0,0.0,0.0,0.0,0.0001511366863269359,0.00032645458122715354,0.0004073734162375331,0.0004215404042042792,0.0002562679583206773,0.00024040206335484982,4.753873508889228e-05,0.0,0.0,0.0,0.0,0.0,0.0,0.0,0.0,0.0,0.0001973332546185702,0.00047081391676329076,0.0005474150530062616,0.0005124866729602218,0.0004017670580651611,0.000273099634796381,0.00014814711175858974,2.7565671189222485e-05,0.0,0.0,0.0,0.0,0.0,0.0,0.0,0.0,0.0,0.0,0.00013471563579514623,0.00030062234145589173,0.00039964067400433123,0.00044825271470472217,0.0004532188759185374,0.00045724885421805084,0.0005007218569517136,0.0005510787013918161,0.0005101523129269481,0.00033561355667188764,0.00014753446157556027,0.0,0.0,0.0,0.0,0.0,0.0,0.0,0.0,0.0,0.0,0.0,0.00012473030074033886,0.00027094714459963143,0.0003464160254225135,0.0003064105985686183,0.0002622904139570892,0.00018503727915231138,0.00016790817608125508,0.00014790002023801208,0.00012973292905371636
2025-12-09T15:51:18.606880,1765295478.6068802,0.0,0.0,0.0,1.4975590602261946e-05,0.00017386235413141549,7.547093991888687e-05,0.0,0.0,0.0,0.0,0.00011032696784241125,0.0004012527933809906,0.0005592906381934881,0.00027748110005632043,0.0,0.0,0.0,8.162029274672022e-08,0.00043415831169113517,0.0005987923359498382,0.0005269155371934175,0.0003939862363040447,0.00033881724812090397,0.000385449209716171,0.0005506067536771297,0.0008041086839511991,0.0009762716363184154,0.0009675758192315698,0.00084695901023224,0.0007898073527030647,0.0008485930156894028,0.0009513632976450026,0.0010716405231505632,0.0012234050082042813,0.0014638856519013643,0.0018987691728398204,0.002330693881958723,0.0026347425300627947,0.0026970605831593275,0.002734764711931348,0.002413719892501831,0.0018186453962698579,0.0012038747081533074,0.0005799955688416958,5.395954940468073e-05,0.0,0.0,0.0,0.0,0.0,8.470332249999046e-05,0.0002079267578665167,0.0003424092137720436,0.0005927589954808354,0.0007763606845401227,0.0008907211013138294,0.0008304173243232071,0.0008044137503020465,0.0007471138960681856,0.0007145443232730031,0.0007209274917840958,0.0005982804577797651,0.0003367277095094323,0.0,0.0,0.0,0.0,0.0,3.285956699983217e-05,0.00038989834138192236,0.0006115884170867503,0.0007973281317390501,0.0006734155467711389,0.00029872285085730255,0.0,0.0,0.0,0.0,0.0,0.0,0.00011113614891655743,0.0004287223273422569,0.0005709445104002953,0.000574579113163054,0.0005038402741774917,0.00041370687540620565,0.00017423952522221953,0.0,0.0,0.0,0.0,0.0,0.0,0.0,0.00012557728041429073,0.0002036724181380123,0.00030783770489506423,0.0003481124294921756,0.0003364941803738475,0.00029425136744976044,0.0001459938648622483,6.574180588359013e-05,6.392425711965188e-05,0.0001011013810057193,0.00015547996736131608,0.00020023767137899995,0.00021422732970677316,0.00017857609782367945,0.00011703533527906984,8.202563913073391e-05,5.274630893836729e-05,6.953206320758909e-05,5.876061550225131e-05,4.162318873568438e-05,3.711246608872898e-05,5.59003310627304e-05,8.679561869939789e-05,0.00021126383217051625,0.00030431136838160455,0.00031807346385903656,0.00027948012575507164,0.00018070505757350475,6.105432839831337e-05,0.0,0.0,0.0,3.052887404919602e-05,6.052126263966784e-05,5.5838045227574185e-05,3.283481783000752e-05,7.838512101443484e-05,0.0001090956138796173,9.779989341041073e-05,0.00013828056398779154,0.00020500416576396674
2025-12-09T15:51:20.275397,1765295480.2753973,0.0008635572157800198,0.0007781363092362881,0.0007020812481641769,0.0006719364901073277,0.0005887142033316195,0.00040052112308330834,0.00026756085571832955,7.323805766645819e-05,0.0,0.0,0.0,0.0,0.0,5.0779457524186e-05,0.0002733474539127201,0.00035774047137238085,0.00021484462195076048,0.0,0.0,0.0,0.00013146002311259508,0.00023235348635353148,0.00023646945192012936,0.00027708426932804286,0.00044362054904922843,0.0007479074411094189,0.001015219371765852,0.0010098493658006191,0.0006808625184930861,0.0003481417370494455,0.00031692805350758135,0.000660571560729295,0.0012801745906472206,0.001815986935980618,0.002159999217838049,0.0023543674033135176,0.0023296137806028128,0.0021395827643573284,0.0020501744002103806,0.0019318722188472748,0.0016941227950155735,0.0013096258044242859,0.0009657255723141134,0.0007106222328729928,0.0004055545141454786,0.00016375277482438833,4.629689283319749e-05,0.0,0.0,9.024915198097005e-05,0.00022840472229290754,0.00024616962764412165,0.0002525101590435952,0.0003063262265641242,0.00025635151541791856,0.0002457232621964067,0.0001822287740651518,3.972617560066283e-05,0.0,0.0,6.805795419495553e-05,0.00033383455593138933,0.00037358904955908656,0.0005977018736302853,0.0006965389475226402,0.0007630761247128248,0.0008547999896109104,0.0007197578088380396,0.00036886215093545616,8.896543477021623e-06,0.0,0.0,0.0,0.0,0.0,0.0,0.0,0.0,0.00011046552390325814,0.0002136853290721774,4.370597525849007e-05,0.00010867210221476853,5.9535181208048016e-05,0.00016719485574867576,0.0003946174692828208,0.0005268686800263822,0.0005004254053346813,0.000297939230222255,0.0,0.0,0.0,0.0,0.0,0.0,0.00036255011218599975,0.0005803016829304397,0.0006313896737992764,0.0005566474283114076,0.00040450767846778035,0.00020039344963151962,9.341134136775509e-05,1.6695514204911888e-05,0.0,0.0,4.079773589182878e-06,0.0,0.0,0.0,0.0,0.0,0.0,0.0,0.0,0.0,0.0,0.0,4.4728520151693374e-05,0.00024741567904129624,0.00044461432844400406,0.0006005745963193476,0.0006583816139027476,0.000595054414588958,0.0004959357902407646,0.00042678278987295926,0.0003916646237485111,0.0003298149676993489,0.00025740358978509903,0.00021693036251235753,0.0002495773369446397,0.00036522067966870964,0.0004491446597967297,0.0005656069261021912,0.0006393044022843242,0.0006772559136152267,0.0006819545524194837
2025-12-09T15:51:21.943675,1765295481.9436746,0.00014214517432264984,0.0,0.0,0.0,0.0,0.0,0.0,0.0,0.0,0.0,0.0,0.0,0.00016253393550869077,0.0005560412537306547,0.0006756623042747378,0.00048173058894462883,7.958765490911901e-05,0.0,0.0,0.0,0.0,0.0,0.000156932816025801,0.00047831007395870984,0.0006277994252741337,0.0006342788692563772,0.0005827368004247546,0.0006701505626551807,0.0009128786623477936,0.0011695475550368428,0.0013278857804834843,0.0013650230830535293,0.001479301368817687,0.0017876988276839256,0.0021188983228057623,0.002465573837980628,0.0025867242366075516,0.002330199582502246,0.002043375978246331,0.0015447487821802497,0.0009380353149026632,0.000684907368849963,0.0006636178586632013,0.0006214744062162936,0.0006781926495023072,0.0006705818232148886,0.0006541370530612767,0.0004737928102258593,0.00016623006376903504,0.0,0.0,0.0,0.0,0.0,0.0003976408042944968,0.0007449086988344789,0.0009338753880001605,0.0009529867093078792,0.000751285522710532,0.00041115429485216737,0.00011597765114856884,0.0,4.5971256668053684e-07,9.730512101668864e-05,0.0004138415970373899,0.0006913283141329885,0.0010009253164753318,0.0010009194957092404,0.0006966253276914358,0.0002785261021926999,0.0,0.0,0.0,0.0,0.0,0.0,0.00016506233077961951,0.0008598522981628776,0.0011023539118468761,0.0010991718154400587,0.00126616598572582,0.0007755460683256388,0.0005111623322591186,3.0842606065561995e-05,0.0,0.0,0.0,0.0,0.0,0.0,0.0,0.0,0.0,0.0,0.0,0.0,0.0,0.0,0.0002313412696821615,0.0005666402284987271,0.0008360926294699311,0.0009607466636225581,0.0009221713407896459,0.0006839318666607141,0.00035930186277255416,2.101714380842168e-05,0.0,0.0,0.0,0.0,0.0,0.0,0.0,0.0,0.0,0.0,0.0,0.0,0.0,0.0,0.0,0.0,0.0,0.0,0.0,0.0,0.0,0.0,0.0,0.0,0.0,0.0,0.0,0.0,1.965619776456151e-05
2025-12-09T15:51:23.610335,1765295483.6103346,0.0011182591551914811,0.0009837105171754956,0.0008393108146265149,0.0006892021046951413,0.0005327206454239786,0.00020920130191370845,0.0,0.0,0.0,0.0,0.0,0.0,0.0,6.226421101018786e-05,0.0001891494612209499,0.00024821661645546556,0.00017640000442042947,0.00010313124948879704,0.0,0.0,0.0,0.0,0.00033742201048880816,0.0007560966187156737,0.0009916776325553656,0.0009226142428815365,0.0006260930094867945,0.00036466188612394035,0.0002434601483400911,0.00028398653375916183,0.0004215930530335754,0.0007128599681891501,0.0012356184888631105,0.001692713238298893,0.0018996744183823466,0.0020466214045882225,0.0020205117762088776,0.0018832326168194413,0.0017499342793598771,0.0015441641444340348,0.0013856645673513412,0.0011946355225518346,0.0010328822536394,0.0007329833460971713,0.0005707431701011956,0.0005179569707252085,0.0004961526719853282,0.0004151382308918983,0.0002705433580558747,3.63224207831081e-05,0.0,0.0,0.0,4.235836968291551e-05,0.00038038482307456434,0.0007026744424365461,0.0008724181680008769,0.0008828742429614067,0.0007692259387113154,0.00047300709411501884,9.130843682214618e-05,0.0,0.0,0.0002550948702264577,0.0005852651665918529,0.0007276515825651586,0.0007184124551713467,0.00053589598974213,0.0004975646152161062,0.00013502256479114294,0.0,0.0,0.0,0.0,0.0,0.0,0.00047767048818059266,0.001058519002981484,0.0011957401875406504,0.0010378056904301047,0.0009723519324325025,0.000823457317892462,0.0006699974182993174,0.00027022327412851155,0.0,0.0,0.0,0.0,0.0,0.0,2.0594884517777245e-06,0.00019977855845354497,0.00021606504742521793,0.00012567630619741976,9.514927660347894e-05,0.00021666270913556218,0.0003203261876478791,0.0004946773988194764,0.0006777815287932754,0.0006782790296711028,0.0005601118900813162,0.00025506262318231165,0.0,0.0,0.0,0.0,0.0,0.0,0.0,0.0,0.00018525451014284045,0.00035824227961711586,0.00033772774622775614,0.0002569340285845101,0.00015793481725268066,0.0,0.0,0.0,0.0,0.0,0.0,6.508194474008633e-06,0.0,0.0,0.0,0.0,0.0,0.0,0.0,0.0,0.0,0.0,0.0,0.0,0.0
2025-12-09T15:51:25.276143,1765295485.2761428,0.001056145178154111,0.0008711056434549391,0.0007320953882299364,0.0006005166796967387,0.0003838375268969685,0.0001951793528860435,0.0002578873827587813,0.00038980215322226286,0.0005749344709329307,0.0006059373263269663,0.0003181793144904077,0.0,0.0,0.0,0.0,0.0,0.00017920616664923728,0.00028283227584324777,0.0002535359235480428,0.00012227875413373113,0.0,0.0,0.0,0.00012955379497725517,0.0003610763815231621,0.0006163300131447613,0.0007676865207031369,0.0007892343564890325,0.000679192366078496,0.0005544001469388604,0.0005163702298887074,0.0006943190237507224,0.0010372563265264034,0.0015660244971513748,0.0021050877403467894,0.0025089136324822903,0.0026074261404573917,0.002278859494253993,0.001825217972509563,0.001317487913183868,0.0008649147348478436,0.0006265438860282302,0.0005347150727175176,0.0006244973046705127,0.0008515437366440892,0.0008827484562061727,0.0007801114697940648,0.0005046534352004528,0.00019862166664097458,0.0,0.0,0.0,0.0,0.0,0.00038376235170289874,0.001007363898679614,0.00140944286249578,0.0016639669192954898,0.0016813530819490552,0.001405413611792028,0.0008872308535501361,0.00027850401238538325,0.0,0.0,0.0,0.0,0.0,0.0,0.0,0.0003532833943609148,0.0007220561965368688,0.0007626934675499797,0.0006612010183744133,0.0005329087725840509,0.0003434039535932243,0.00011385134712327272,6.696130640193587e-06,0.0,0.0,0.0,0.0,0.0,0.0,0.0,0.00013375729031395167,0.0006479131407104433,0.001005504047498107,0.001155888312496245,0.001148706884123385,0.00075392029248178,0.00026085349963977933,0.0,0.0,0.0,0.0,0.0,0.0,0.0,0.0,0.0,0.0,0.0,0.00011886200081789866,0.000438313145423308,0.0007151221507228911,0.0009015860268846154,0.0009711710154078901,0.0009152839775197208,0.0007804721826687455,0.0006229110294952989,0.00046874189865775406,0.0003498768201097846,0.0002247673983220011,8.175849507097155e-05,0.0,0.0,0.0,0.0,0.0,0.0,0.0,0.0,0.0,0.0,0.0,2.5974422896979377e-05,4.591998367686756e-05,7.94803854660131e-05,0.00011259247548878193,0.00013482871872838587,0.00012618709297385067,0.00011590009671635926,0.00011180269211763516,9.859627607511356e-05,8.636706479592249e-05
2025-12-09T15:51:26.943145,1765295486.943145,0.0,0.0,0.0,0.00020852137822657824,0.0005441298708319664,0.0006237520137801766,0.0004236453678458929,7.439581531798467e-05,0.0,0.0,0.0,0.0,0.0,0.0,0.0,9.954996494343504e-05,0.0004355073906481266,0.0006283923285081983,0.0005808292771689594,0.0003705729031935334,0.00015420072304550558,7.392595580313355e-05,0.00016972303274087608,0.0003536130825523287,0.0004973208415322006,0.0006158009637147188,0.0007536141201853752,0.0009187672985717654,0.0010525257093831897,0.0010861059417948127,0.0009746280265972018,0.000819354725535959,0.0007594712660647929,0.0008782034274190664,0.001262229634448886,0.0019041462801396847,0.0023517480585724115,0.0025660227984189987,0.002547264564782381,0.002526959404349327,0.0022680796682834625,0.001811134279705584,0.0012475437251850963,0.0008040124084800482,0.0005186946364119649,0.0002934016229119152,8.567085023969412e-05,0.0,0.00013661349657922983,0.00030333868926391006,0.00031923892674967647,0.0002902062551584095,0.0003262633690610528,0.0003532585105858743,0.0003912197716999799,0.00038547537405975163,0.0003121574700344354,0.00024882599245756865,0.0003561250923667103,0.00046779235708527267,0.0005496616358868778,0.0005299346521496773,0.0004672420909628272,0.0004251430509611964,0.00039239125908352435,0.0004918611375615001,0.0006008990458212793,0.0006290077581070364,0.0004402817285154015,0.00015047438500914723,0.0,0.0,0.0,0.0,0.0,0.0,0.0,0.0003455020778346807,0.0007062373915687203,0.000964068400207907,0.0009707969729788601,0.000939956633374095,0.0004891250864602625,0.00010610936442390084,0.0,0.0,0.0,0.0,0.0,0.0,0.0,0.0,0.0,0.0,0.0,0.0,0.00016269170737359673,0.0004663298896048218,0.0007168191950768232,0.000866447517182678,0.0008985524182207882,0.0008121257997117937,0.0005873501650057733,0.00037351102218963206,0.00011152600927744061,0.0,0.0,0.0,0.0,0.0,0.0,0.0,0.0,0.0,0.0,0.0,0.0,0.0,0.0,0.0,0.0,0.00013209892495069653,0.000278215273283422,0.0003966662334278226,0.00048412816249765456,0.0005261264741420746,0.0004929382121190429,0.0004105220432393253,0.00026250569499097764,7.7786338806618e-05,0.0,0.0,0.0,0.0,0.0
2025-12-09T15:51:28.609241,1765295488.6092408,0.0,0.0,0.0,0.0,0.0,0.00016680413682479411,0.0003961481270380318,0.00046240913798101246,0.0003040854644495994,0.0,0.0,0.0,0.0,0.00013679752009920776,0.00015174590225797147,5.3311850933823735e-05,1.1205454939045012e-05,4.563598122331314e-05,2.5132634618785232e-05,0.0,0.0,0.00019100404460914433,0.0006589394179172814,0.0011003887047991157,0.0012149220565333962,0.0009648238192312419,0.0005594430840574205,0.0003546617226675153,0.0004770277882926166,0.0007296367548406124,0.0008949856273829937,0.0009980376344174147,0.001126184593886137,0.0014189541107043624,0.001834592199884355,0.002227501943707466,0.002467414829879999,0.0024745145346969366,0.0022084638476371765,0.001865060650743544,0.0013573854230344296,0.000991239445284009,0.0008436337229795754,0.0007612037588842213,0.0008063765708357096,0.0007776828133501112,0.0005169614451006055,0.0001560406235512346,0.0,0.0,0.0,9.744169801706448e-05,0.0002276701561640948,0.0004477891488932073,0.0006508345250040293,0.0009270377340726554,0.0011754531878978014,0.0012250348227098584,0.0010754155227914453,0.0007014952134341002,0.00022383466421160847,0.0,0.0,0.0,0.0,0.0,0.0,0.0,0.00020957377273589373,0.0007712492370046675,0.0011088226456195116,0.0010290255304425955,0.0007592728361487389,0.00041416831663809717,0.0,0.0,0.0,0.0,0.0,0.0,0.0,0.0,0.0002925836306530982,0.0003442573070060462,0.00024403088900726289,0.0001494215102866292,0.00016880444309208542,0.000493448693305254,0.0008173561654984951,0.0009048756910488009,0.0007628424209542572,0.0002446562866680324,0.0,0.0,0.0,0.0,0.0,0.0,0.0,0.0,0.0,0.0,0.00020357128232717514,0.0004100697406101972,0.0005411439924500883,0.0006672132876701653,0.0008021601242944598,0.0009136134758591652,0.0009344459977000952,0.0007816323777660728,0.00048660830361768603,0.00012804286961909384,0.0,0.0,0.0,0.0,0.0,0.0,0.0,0.0,0.0,0.0,0.0,0.0,2.296972343174275e-05,0.00010139980440726504,0.00020024254627060145,0.0002699107280932367,0.00026982816052623093,0.00019115152826998383,8.478020754409954e-05,0.0,0.0,0.0,0.0
2025-12-09T15:51:30.277458,1765295490.2774582,0.0,0.0,0.0,0.0,0.0,0.0,0.0,0.0,0.0,0.0,2.655137905094307e-05,0.0004144981212448329,0.0006478468421846628,0.0005116367829032242,0.00028304060106165707,9.466026676818728e-05,0.00010506626858841628,8.427702414337546e-05,0.0,0.0,0.0,0.00033272572909481823,0.0009376315865665674,0.001267090323381126,0.0010901105124503374,0.0005859317607246339,0.0001386923249810934,2.760242932708934e-05,0.00047247111797332764,0.0013152322499081492,0.0021059943828731775,0.0024590345565229654,0.0021795013453811407,0.0016402782639488578,0.0011821817606687546,0.0010478334734216332,0.0012713678879663348,0.0016891780542209744,0.0021135697606951,0.002195904031395912,0.001970664132386446,0.0016814467962831259,0.0012589636025950313,0.0007457529427483678,0.0004381658509373665,0.00023896335915196687,0.00022751413052901626,0.00024899374693632126,0.0002550947538111359,0.0003495345590636134,0.0004466063401196152,0.00048080499982461333,0.0004455297894310206,0.000326228910125792,0.00011260752216912806,0.0,0.0,0.0,0.0,0.00012506431085057557,0.00032968190498650074,0.0006122482009232044,0.0007698251865804195,0.0009158101165667176,0.0010234731016680598,0.0008342643268406391,0.00048597354907542467,7.325978367589414e-05,0.0,0.0,0.0,0.0,0.0,0.0,0.0001360634487355128,0.00039715005550533533,0.0003843338927254081,2.9609655030071735e-05,0.0,0.0,8.230135426856577e-05,0.0001840760523919016,0.0002889675961341709,0.0002302295615663752,0.0,0.0,0.0,0.0,0.0,0.0,8.443328988505527e-05,0.00048196499119512737,0.0006853402010165155,0.0006165498634800315,0.0005073484499007463,0.0002961136633530259,0.00015051434456836432,0.00011320429621264338,0.0001627474557608366,0.00019983158563263714,0.00026376434834674,0.00020111292542424053,0.0,0.0,0.0,0.0,0.0,0.0,0.0,0.0,5.518546822713688e-05,0.00035915739135816693,0.0005602712044492364,0.000685312959831208,0.0007381178438663483,0.0007410363177768886,0.0006491969106718898,0.00044439625344239175,0.00020226044580340385,0.0,0.0,0.0,0.0,0.0,0.0,0.0,0.0,0.00015621172497048974,0.0003085153002757579,0.0003470435622148216,0.00040259474189952016,0.0003813740913756192,0.0004178040544502437,0.00042168141226284206,0.0003954060666728765
2025-12-09T15:51:31.944051,1765295491.944051,0.0003673052997328341,0.00018883308803196996,7.94670486357063e-05,6.83073012623936e-05,0.0001334310945821926,0.0001278512499993667,0.0001262723235413432,0.00020036326895933598,0.0002472341584507376,0.0003917267022188753,0.0005428191507235169,0.00036807506694458425,1.7703132471069694e-05,0.0,0.0,0.0,3.6930814530933276e-05,3.377767279744148e-05,9.481980669079348e-05,0.0001809810783015564,0.00015533881378360093,6.0102189308963716e-05,1.5061829799378756e-05,0.00013053491420578212,0.00036252132849767804,0.0005766369285993278,0.0006985448417253792,0.0006772282067686319,0.0006756240618415177,0.0008654914563521743,0.0012285498669371009,0.0016809258377179503,0.0019648056477308273,0.002030262490734458,0.0019543508533388376,0.002120023127645254,0.0022006805520504713,0.0021201609633862972,0.001976968953385949,0.001824671751819551,0.0015217445325106382,0.0010690315393730998,0.0005973689258098602,0.00039816476055420935,0.0005228138761594892,0.000673459202516824,0.0005222856998443604,0.00039161613676697016,0.0002701112534850836,5.477844024426304e-05,0.0,0.0,0.0,0.0,0.0001588558661751449,0.00028661845135502517,0.0002070470800390467,0.00016134449106175452,0.00010673989163478836,0.00014646390627603978,0.00028932534041814506,0.0005217316211201251,0.000593592063523829,0.000579303887207061,0.0006769155734218657,0.0006080721504986286,0.00055603840155527,0.00041154652717523277,0.0003100369649473578,0.0,0.0,0.0,0.0,0.0,0.0,0.0,0.0005950016784481704,0.0008861787500791252,0.0008445428102277219,0.00077295076334849,9.485310147283599e-05,0.0,0.0,0.00018989085219800472,0.0005483118584379554,0.00068443245254457,0.0006267593125812709,9.124213102040812e-05,0.0,0.0,0.0,0.0,0.0,0.00046114399447105825,0.0007157463696785271,0.0006310218013823032,0.000443385390099138,0.00022771224030293524,6.811676576035097e-05,5.236452489043586e-05,8.247647929238155e-05,8.177253766916692e-05,3.491240568109788e-05,0.0,0.0,0.0,0.0,0.0,0.0,0.0,0.0,0.0,0.0,0.0,0.0,0.0001250419154530391,0.00018736239871941507,0.00018195321899838746,0.00016177537327166647,0.00019878688908647746,0.0002661286562215537,0.0003134076250717044,0.0002958949189633131,0.0002684346691239625,0.00021760108938906342,0.00015117089787963778,0.0001071160877472721,6.511468382086605e-05,6.502514588646591e-05,9.494059486314654e-05,0.0,0.00010463186481501907,8.067130693234503e-05,5.5210992286447436e-05,4.393810741021298e-06
2025-12-09T15:51:33.610912,1765295493.6109123,0.0,0.0,0.0,0.0,0.0,0.0,0.0003747034934349358,0.0006819760892540216,0.000742795062251389,0.0005470251198858023,0.0001719676802167669,0.0,0.0,0.0,0.0,7.873732829466462e-05,0.0003728747833520174,0.0003846451290883124,0.00021158710296731442,1.5183149116637651e-05,0.0,6.490522355306894e-05,0.00030064579914323986,0.0005796495825052261,0.0008070110343396664,0.0009803792927414179,0.0010543353855609894,0.0010315331164747477,0.0008808040875010192,0.0007583270780742168,0.0008094002259895205,0.0010897902538999915,0.0015343589475378394,0.0019010537071153522,0.0020786430686712265,0.0022108429111540318,0.0020853597670793533,0.0017752574058249593,0.0016424437053501606,0.0016477403696626425,0.0016900727059692144,0.001671590842306614,0.0016109640710055828,0.001391681144014001,0.0009770895121619105,0.0005128225311636925,0.0001452014548704028,0.0,0.0,0.00010053259029518813,0.00039225074579007924,0.0006617668550461531,0.0007510339492000639,0.0007514006574638188,0.0006461689481511712,0.0005213218973949552,0.00034056432195939124,8.913529018172994e-05,0.0,0.0,0.00015480275033041835,0.00041528703877702355,0.0004810789250768721,0.0005616084090434015,0.0004308382049202919,0.000299860694212839,0.00017648724315222353,9.526679059490561e-05,0.0001323857286479324,9.353937639389187e-05,5.402422630140791e-06,0.0,0.0,0.0,3.4267329738213448e-06,3.9348993595922366e-05,0.00014375647879205644,3.623781958594918e-05,0.0,0.0,0.0,0.0,0.0,0.0,0.0,0.0,3.39953439834062e-05,0.0002440010430291295,0.0004741728480439633,0.00040090869879350066,0.0001936837361427024,0.0,0.0,0.0,0.0,0.0,8.265180076705292e-05,0.0003837374097201973,0.0006277971551753581,0.0006587974494323134,0.0006735508795827627,0.0005287098465487361,0.00032402266515418887,7.322018791455775e-05,0.0,0.0,0.0,0.0,0.0,0.0,0.0,2.7983580366708338e-05,0.00011858934885822237,0.00020576939277816564,0.00026144497678615153,0.00021803962590638548,9.41445177886635e-05,5.6322231102967635e-05,3.4942181628139224e-06,0.0,0.0,0.0,0.0,0.0,0.0,0.0,0.0,0.0,0.0,0.0,0.0,0.0,0.0,0.0,0.0
2025-12-09T15:51:35.276876,1765295495.2768757,0.0015732221072539687,0.0011349106207489967,0.0007359416922554374,0.00032488140277564526,0.0,0.0,0.0,0.0,0.0,0.0003356806410010904,0.0008861658861860633,0.0009490445372648537,0.0006909635849297047,0.0002691481204237789,0.0,0.0,0.0,0.0,0.0,0.0,0.0002096388052450493,0.0003579904732760042,0.0003672001766972244,0.0003976823063567281,0.0005879467353224754,0.000851339427754283,0.0009336782968603075,0.0007162588881328702,0.0003260098455939442,0.00010878239845624194,0.0002269106771564111,0.0007183901616372168,0.0013895041774958372,0.001941974158398807,0.0022283566650003195,0.0023640356957912445,0.0023040890228003263,0.0021689569111913443,0.0020141659770160913,0.0018455918179824948,0.001773772994056344,0.0015894736861810088,0.0012129981769248843,0.0007254709489643574,0.0002455985813867301,0.0,0.0,0.0,0.0,0.0,0.00013083037629257888,0.0005427734577096999,0.000886910711415112,0.0009834698867052794,0.0009664688841439784,0.0007819757447578013,0.000500024005305022,6.456132541643456e-05,0.0,0.0,0.0,0.00013593280164059252,0.000540957145858556,0.0008338099578395486,0.0008643495384603739,0.0006451748195104301,0.0002997244009748101,0.0,0.0,0.0,0.0,0.0,0.0,0.0,0.00022037090093363076,0.0002632511605042964,0.00048313630395568907,0.00017317011952400208,0.0,0.0,0.0,0.0,0.0,0.0,0.0,3.7067320590722375e-06,0.0001235626987181604,0.0,0.0,0.0,0.0,0.0,0.0,0.00023956804943736643,0.0005488867755047977,0.0007026871317066252,0.0006782259442843497,0.0005127756157889962,0.0003041788295377046,0.00010765054321382195,6.0870283050462604e-05,0.00011755205923691392,0.00024679466150701046,0.00037379629793576896,0.00042905184091068804,0.00037890439853072166,0.00019690897897817194,0.0,0.0,0.0,0.0,0.0,0.0,0.0,0.0,8.27672629384324e-05,0.00014592478692065924,0.00014285721408668905,0.00012009820784442127,9.225052053807303e-05,8.480793621856719e-05,7.830882532289252e-05,8.888148295227438e-05,0.00016813658294267952,0.00029105969588272274,0.00042033210047520697,0.0005619339062832296,0.0006413860246539116,0.0006708774599246681,0.0006404688465408981,0.0005775266326963902,0.0005213939002715051,0.00043408700730651617,0.0003891133819706738,0.0003435714461375028
2025-12-09T15:51:36.943225,1765295496.9432251,0.0,0.0,0.0,0.0,0.0,1.130623058998026e-05,5.88328366575297e-05,0.0001585331337992102,0.0001957587228389457,0.00022040809562895447,0.00024097923596855253,0.00021759561786893755,0.0001821455080062151,0.0001004968216875568,0.0,0.0,0.0,0.0,0.00011640778393484652,0.0003239393117837608,0.00046922144247218966,0.0005315605667419732,0.0004723283345811069,0.0003483993641566485,0.0002959763805847615,0.000431711261626333,0.000652090588118881,0.0008290771511383355,0.000999597948975861,0.001190511742606759,0.0013391294050961733,0.0013847547816112638,0.001303881173953414,0.0013234383659437299,0.0016566861886531115,0.0019484725780785084,0.0022631168831139803,0.0023254428524523973,0.0020873418543487787,0.0016779062571004033,0.0010711103677749634,0.000739791605155915,0.0007971694576554,0.0008817884954623878,0.000996795017272234,0.0008409903384745121,0.0005537715624086559,0.00040830468060448766,0.00010736189142335206,0.0,0.0,0.0,0.0,0.00029904922121204436,0.0005356260808184743,0.000725816935300827,0.0008359680650755763,0.000847145332954824,0.0007806440116837621,0.0005813836469314992,0.0004447621467988938,0.0005356062902137637,0.0005199749721214175,0.000583177839871496,0.0006800828850828111,0.0006641913205385208,0.00040299425018019974,0.00016549850988667458,0.0,0.0,0.0,0.0,3.152381395921111e-05,0.00020943539857398719,0.0005451831384561956,0.0003124224895145744,0.0003292839974164963,0.0004197426314931363,0.0003864893806166947,0.0,0.0,0.0,0.0,0.0,0.0,0.0,0.0,0.0,0.0,0.00020071692415513098,0.00048727027024142444,0.0007108987192623317,0.0007449697586707771,0.000754957552999258,0.0005871108151040971,0.00039513790397904813,0.00034154520835727453,0.00026220272411592305,0.00019628230074886233,5.0503178499639034e-05,0.0,0.0,0.0,0.0,0.0,0.0,0.0,0.0,0.0,0.0,0.0,0.00015163968782871962,0.00031990298884920776,0.00045301049249246716,0.0005541999125853181,0.0006292862235568464,0.0006599990883842111,0.0006414652452804148,0.000561801774892956,0.00043973870924673975,0.0002920622646342963,0.00014821936201769859,0.0,0.0,0.0,0.0,0.0,0.0,0.0,0.0,0.0,0.0,0.0,1.2073350262653548e-05,0.00010890048724832013
2025-12-09T15:51:38.610656,1765295498.6106563,0.0,0.0,0.0,0.0,0.0,0.0001948727440321818,0.0004108507710043341,0.0005063074640929699,0.000408704683650285,0.00014453803305514157,0.0,0.0,0.0,0.0,0.0,0.00011960716801695526,0.00025552563602104783,0.00030989060178399086,0.00028030562680214643,0.00015345973952207714,0.0,4.865416849497706e-05,0.0003730391035787761,0.0008568726480007172,0.001189348753541708,0.0011784358648583293,0.0009774258360266685,0.0007829834357835352,0.0006519246380776167,0.0005798169295303524,0.0006363465799950063,0.0009423719020560384,0.0015477967681363225,0.0021890588104724884,0.0025465236976742744,0.0027312091551721096,0.0026889252476394176,0.0024025565944612026,0.0019827191717922688,0.001430859207175672,0.0009774602949619293,0.000721472199074924,0.0005534601514227688,0.0005197659484110773,0.0005515307420864701,0.0006695374031551182,0.0008016633801162243,0.0007352029206231236,0.0005487196613103151,0.0002703310747165233,2.5142028334812494e-06,0.0,0.0,7.75852968217805e-05,0.00034850105294026434,0.0006608914118260145,0.0008665306959301233,0.0009529722738079727,0.0007845179061405361,0.00048302928917109966,0.0002943330036941916,0.0002236596483271569,8.982625149656087e-05,0.00012669467832893133,0.00019806661293841898,0.00016800328739918768,0.00014964031288400292,0.00018327642465010285,0.0003148255927953869,0.00025264316354878247,0.00012800998229067773,0.0,0.0,0.0,0.0,9.955416317097843e-05,0.0,0.0,0.0,0.0,0.0,0.0,0.0,0.0,0.0,0.0002856539795175195,0.000581923930440098,0.0009225565008819103,0.0011802595108747482,0.0011765193194150925,0.0009669814608059824,0.0005496616940945387,5.6909317208919674e-05,0.0,0.0,0.0,0.0,0.0,0.0,0.0,0.0,0.0,3.026001650141552e-05,0.00014684131019748747,0.00030189729295670986,0.00040366139728575945,0.0004254166269674897,0.0003235460026189685,0.0002077950630337,5.719155160477385e-05,0.0,0.0,0.0,0.0,0.0,0.0,0.0,0.0,0.0,0.0,0.0,4.0053626435110345e-05,7.309522334253415e-05,7.9177254519891e-05,0.00010598158405628055,0.00014104305591899902,0.0001718307175906375,0.00012885587057098746,3.413535887375474e-05,0.0,0.0,0.0,0.0,0.0,0.0
2025-12-09T15:51:40.278430,1765295500.2784297,0.0,0.0,0.0,0.0,0.00019359588623046875,0.00034186450648121536,0.0002098812401527539,0.0,0.0,0.0,0.0,0.0,7.386751531157643e-05,0.00014493403432425112,0.00013226948794908822,3.932562322006561e-05,0.0,0.0,0.0,0.0,0.0,0.0002834977931343019,0.0007738390122540295,0.0011782958172261715,0.0013208751333877444,0.001093646395020187,0.000620201462879777,0.00017505769210401922,6.515470158774406e-05,0.00038358228630386293,0.0009652900043874979,0.0016110704746097326,0.0021141194738447666,0.002314691198989749,0.002309695817530155,0.002248281380161643,0.0021996255964040756,0.0021661960054188967,0.0021345242857933044,0.0019697777461260557,0.0016453672433272004,0.001309646526351571,0.0009357508388347924,0.0006250833976082504,0.0004084078536834568,0.00034463597694411874,0.0002906807931140065,9.218526975018904e-05,0.0,0.0,0.0,0.0,6.485854828497395e-05,0.0003487484937068075,0.0005486342124640942,0.0006733343470841646,0.000716986192855984,0.0007785499910824001,0.0007673390209674835,0.0005765677778981626,0.00035119481617584825,0.00018910795915871859,0.0001244660234078765,5.647760917781852e-05,0.0001081633017747663,0.00019535851606633514,0.00022314397210720927,0.00014024428674019873,0.00010003514762502164,4.901298962067813e-05,0.0,0.0,9.970345854526386e-05,0.00021037478290963918,0.00048656808212399483,0.0001587243750691414,0.0001347058278042823,1.6395115380873904e-05,0.0,0.0,0.0,0.0,0.0,0.0,0.0,0.0,0.0,0.0,0.00011798032210208476,0.00021116780408192426,0.00035743025364354253,0.00048146239714697003,0.0004937778576277196,0.0004788386286236346,0.0003051383828278631,8.809765131445602e-05,0.0,0.0,0.0,0.0,0.0,0.0,0.0,0.0,0.0,0.0,4.3428804019640666e-06,0.00012845562014263123,0.0001827067171689123,0.00020327068341430277,0.0001727495837258175,0.00012478641292545944,6.460492295445874e-05,0.0,0.0,0.0,0.0,0.0,0.0,8.77134607435437e-06,3.8041776861064136e-05,2.0661038433900103e-05,0.0,0.0,0.0,0.0,0.0,0.0,0.0,0.0,0.0,0.0,0.0,0.0,0.0
2025-12-09T15:51:41.945725,1765295501.9457247,0.00020277178555261344,0.0002466243167873472,0.00025222182739526033,0.00024092271632980555,0.00013755689724348485,0.0,0.0,0.0,0.0,0.00010550763545325026,0.000237167754676193,0.00018497020937502384,5.667608274961822e-05,0.0,0.0,0.0,0.0,0.0,0.0,0.0,0.0,0.0,0.00019528093980625272,0.0005423449329100549,0.0008483342244289815,0.0009961194591596723,0.0009871452348306775,0.0007511251023970544,0.0003969801473431289,0.00018302290118299425,0.00034673037589527667,0.0008687861845828593,0.0015446635661646724,0.0019869417883455753,0.002123650163412094,0.001996345119550824,0.0018002156866714358,0.001753241172991693,0.0017161440337076783,0.0017604819731786847,0.0019874509889632463,0.0020396432373672724,0.0018096723360940814,0.0013818156439810991,0.0007523918175138533,0.00015491887461394072,0.0,0.0,0.0,0.0,9.005189349409193e-05,0.0005067801685072482,0.0007874916191212833,0.000883826520293951,0.0007965373806655407,0.0006147555541247129,0.00033140808227472007,0.0,0.0,0.0,0.0,0.00023101046099327505,0.0004408612730912864,0.0007784166955389082,0.0009557360899634659,0.0009691818268038332,0.0008675758726894855,0.0005527694593183696,0.00011556962999748066,0.0,0.0,0.0,0.0,0.0,0.0,0.0,0.0,0.0,0.0,0.00023827348195482045,0.00040628694114275277,0.0007112554740160704,0.0007953305612318218,0.0007940647774375975,0.0007117161294445395,0.0006592379650101066,0.0003061857132706791,0.0,0.0,0.0,0.0,0.0,0.0,0.0,0.0,0.00013428143574856222,0.00022499688202515244,0.0002574975078459829,0.00021837407257407904,0.00013039012264925987,7.758064748486504e-05,2.174869405280333e-05,1.0975963959936053e-05,3.183826265740208e-05,0.0,0.0,0.0,0.0,0.0,0.0,2.5228928279830143e-05,0.00012518091534730047,0.00013233968638814986,0.00010409278911538422,0.00010564481635810807,0.0001267158513655886,0.00015101791359484196,4.187791273579933e-05,0.0,0.0,0.0,0.0,0.0,0.0,0.0,2.148336534446571e-05,8.744222577661276e-05,0.00013142831448931247,0.00014313952124211937,0.00019272668578196317,0.000206940429052338,0.0002007824368774891,0.00023412694281432778,0.00031478283926844597,0.0003489293740130961
2025-12-09T15:51:43.612014,1765295503.6120138,0.0003391396894585341,0.00032631083740852773,0.00028043476049788296,0.00022575934417545795,0.00021384951833169907,0.0001825085055315867,0.00020522593695204705,0.00019296989194117486,0.00013743966701440513,0.0,0.0,0.0,0.0,0.0,0.0,0.0,7.153521437430754e-05,0.0001986903662327677,0.0002129648783011362,0.00011127632023999467,0.0,0.0,0.0003949418314732611,0.0009684102842584252,0.0013196059735491872,0.001245734398253262,0.000828180811367929,0.00038293228135444224,0.00018511737289372832,0.0003074280684813857,0.0006363015854731202,0.0010448240209370852,0.0013130033621564507,0.0014105185400694609,0.0015362430131062865,0.0016539219068363309,0.0019245233852416277,0.00215224944986403,0.0022701916750520468,0.0022343769669532776,0.0018868070328608155,0.0015593479620292783,0.0011289836838841438,0.0006270917947404087,0.00042155032861046493,0.00029472974711097777,0.00022589425498154014,0.00024097220739349723,7.423891656799242e-05,0.0,0.0,0.0,2.041794687102083e-05,0.00021226216631475836,0.00044243867159821093,0.0007161949179135263,0.0009417157270945609,0.0010416358709335327,0.0009916002163663507,0.0008609985234215856,0.0006712036556564271,0.000500399328302592,0.0003530973626766354,0.0003188310074619949,0.00038108788430690765,0.0002345292450627312,0.0002254759456263855,0.0001279710268136114,0.00011922558769583702,0.0,0.0,0.0,0.0,0.0,0.0,0.00027028698241338134,0.0009732247563079,0.0013279550475999713,0.0012331571197137237,0.0009272026945836842,0.0005679232999682426,0.00011685249774018303,4.264734161552042e-05,0.0,0.0,0.0,0.0,0.0,0.0,0.0,0.0,0.0,0.0,0.0,0.0,4.984123370377347e-05,0.0001513409079052508,0.00026401501963846385,0.00037600882933475077,0.0003897793067153543,0.00036199227906763554,0.0002570146752987057,0.0001365929056191817,0.0,0.0,0.0,0.0,0.0,0.0,0.0,6.184690573718399e-05,0.00022765439643990248,0.00027014838997274637,0.00026294097187928855,0.00021132349502295256,0.00012359378160908818,3.2124810331879416e-06,0.0,0.0,0.0,4.6436485718004405e-05,0.0001260270510101691,0.00014922264381311834,0.0001647647877689451,0.00015290988085325807,0.0001272155495826155,7.792948599671945e-05,0.0,0.0,0.0,0.0,0.0,0.0,0.0,0.0
2025-12-09T15:51:45.278620,1765295505.27862,0.0,0.0,0.0,0.0,0.0,0.0,0.0,0.0,0.0,9.758317901287228e-05,0.00020811839203815907,0.00017564788868185133,2.0104844224988483e-05,0.0,0.0,0.0,0.00012169187539257109,0.00044263145537115633,0.0005757585749961436,0.0005588448839262128,0.0006171606364659965,0.0011087387101724744,0.0021226888056844473,0.0033570043742656708,0.004324273206293583,0.004671463277190924,0.004476836416870356,0.004052022006362677,0.0036859738174825907,0.0033363578841090202,0.002877294085919857,0.0022393257822841406,0.0013809424126520753,0.0005013373447582126,0.0,0.0,0.0,0.000328248948790133,0.000552888959646225,0.0007316467817872763,0.0007344576297327876,0.0004609277821145952,6.140102777862921e-05,0.0,0.00010416477016406134,0.00017021047824528068,0.00016545974358450621,0.0003062460455112159,0.0003924389893654734,0.0004578459484037012,0.0004253618244547397,0.0002639067533891648,8.726082887733355e-05,0.0,0.0,0.0,0.0,0.0,0.00012352957855910063,0.00042006486910395324,0.0005159464781172574,0.0003758511447813362,0.00022693740902468562,0.00014349441335070878,0.0001761340390658006,7.992807513801381e-05,0.0,0.0,0.0,0.0,0.0,2.881672844523564e-05,0.0004484279197640717,0.0006953317788429558,0.0007109899306669831,0.00056981120724231,0.0002091327914968133,0.0,0.0,0.0,0.0,0.0,0.0,0.0,0.0,0.0,0.0,0.0,0.0002625178312882781,0.00044477995834313333,0.0005725914379581809,0.000513326667714864,0.0003469220537226647,0.00014508965250570327,0.0,0.0,0.0,0.0,0.0,0.0,0.0,0.0,2.6858482669922523e-05,3.4526234230725095e-05,5.3969673899700865e-05,5.9946592955384403e-05,2.7181884433957748e-05,1.815773842395174e-08,2.5141373043879867e-05,5.452008554129861e-05,0.00011018339864676818,0.00021988339722156525,0.0003080430906265974,0.0003614953311625868,0.00033814727794378996,0.00025034844293259084,0.0002075544762192294,0.00015912795788608491,0.0001074325482477434,7.249360351124778e-05,2.49359891313361e-05,0.0,0.0,0.0,0.0,0.0,0.0,0.0,0.0,0.0,0.0,0.0,0.0,1.9745348254218698e-06,6.206591933732852e-05
2025-12-09T15:51:46.944879,1765295506.944879,0.0,0.0,0.0,3.225623004254885e-05,1.2060794688295573e-05,0.0,0.0,0.0,0.0,0.0,0.0,0.0,0.0,0.0,0.00012606293603312224,0.00023559830151498318,0.00028518636827357113,0.00034009350929409266,0.000505665666423738,0.0007693086517974734,0.0011998716508969665,0.00184656644705683,0.002803439274430275,0.0041068377904593945,0.005413213279098272,0.00625373562797904,0.0062538390047848225,0.005468105897307396,0.004322743508964777,0.0032507292926311493,0.0023783762007951736,0.0016736702527850866,0.0011002114042639732,0.0005574234528467059,0.0002498383109923452,6.660978397121653e-05,0.0,0.0,0.0,0.0,0.00017933789058588445,0.00033625142532400787,0.0005724112270399928,0.0008082942222245038,0.0007637422531843185,0.0004830239340662956,6.776079681003466e-05,0.0,0.0,0.0,0.0,0.0,0.0,0.0,0.0,0.0,0.0,0.0,4.505690230871551e-05,0.00018999906023964286,0.0004379181773401797,0.0008578978013247252,0.000757124915253371,0.0006934180273674428,0.0005387986311689019,0.00024542975006625056,0.0,0.0,0.0,0.0,0.0,0.0,1.1091085980297066e-05,1.1843202400996233e-06,2.2281985366134904e-05,9.070878877537325e-05,9.996791777666658e-05,0.0,0.0,0.0,0.0,3.847916377708316e-05,0.0005440407549031079,0.0007454975275322795,0.000758109032176435,0.0006926662754267454,0.0004610600881278515,9.698881331132725e-05,0.0,0.0,0.0,0.0,0.0,0.0,0.0,0.0,0.0,0.0,0.0,0.0,0.0,0.0,0.0,0.0,3.065061537199654e-05,8.455660281470045e-05,0.00012984850036446005,0.00013185132411308587,0.00011761084897443652,8.096702367765829e-05,7.76038632466225e-06,0.0,0.0,0.0,0.0,0.0,0.0,0.0,0.0,0.0,0.0,0.0,0.0,9.260870137950405e-05,0.00020339844923000783,0.00030165057978592813,0.00039092334918677807,0.0004717244300991297,0.0005474069039337337,0.0005597248091362417,0.0005342322401702404,0.0004583635600283742,0.0003905341727659106,0.00031301475246436894,0.00021733308676630259
2025-12-09T15:51:48.612278,1765295508.612278,0.000341837847372517,0.00027698196936398745,0.00022526485554408282,0.0001593285851413384,0.0,0.0,0.0,0.0,0.0,7.9554200056009e-05,0.0002230884274467826,0.00011936925147892907,7.115479547792347e-06,3.872396337101236e-05,7.129519508453086e-05,3.7080724723637104e-05,0.0,7.313892274396494e-05,0.0004396140284370631,0.0008758217445574701,0.001407614559866488,0.0020880738738924265,0.0030998457223176956,0.004359182436019182,0.005466068629175425,0.006022565998136997,0.005853336304426193,0.005206170957535505,0.0043168868869543076,0.0033754887990653515,0.0024714439641684294,0.0017333129653707147,0.0012258603237569332,0.000844782218337059,0.000491472368594259,0.00021543428010772914,7.535921758972108e-05,0.0,0.0,4.993706170353107e-05,8.354422607226297e-05,0.00016345501353498548,0.00019068527035415173,0.00022740248823538423,0.0004342429165262729,0.0005831927410326898,0.000726667232811451,0.0007674373919144273,0.0006876541301608086,0.00040799856651574373,0.0,0.0,0.0,0.0,0.0,0.00015727356367278844,0.0005058710812591016,0.0006136221927590668,0.0004732520319521427,0.00027084251632913947,0.0,0.0,0.0,0.0,0.0,0.0,0.00028586448752321303,0.0006564436480402946,0.000964408041909337,0.0010046157985925674,0.0007588097359985113,0.00039531398215331137,0.00011133163934573531,1.1928186722798273e-06,0.0,0.0,0.0,0.0,0.0,0.0,0.0,0.0,0.0,0.0,0.00021556889987550676,0.0004267158801667392,0.000624431180767715,0.0005526914028450847,0.00034961337223649025,0.00011206435010535643,0.0,0.0,5.195874564378755e-06,0.0001051568760885857,0.00015047557826619595,0.0001286433107452467,7.855566218495369e-05,4.834019273403101e-05,7.308622298296541e-05,7.777885184623301e-05,0.0001929523714352399,0.000244782364461571,0.0002581385779194534,0.00019790587248280644,0.00015017033729236573,6.830892380094156e-05,0.0,0.0,0.0,0.0,0.0,0.0,0.0,0.0,0.0,0.0,0.0,0.0,0.0,5.5942546168807894e-05,0.00023176363902166486,0.00033974286634474993,0.0004084859974682331,0.00045488434261642396,0.0004980835947208107,0.0004928624257445335,0.0004173619963694364,0.00026104674907401204,7.355862180702388e-05,0.0,0.0,0.0,0.0,0.0,0.0
2025-12-09T15:51:50.279282,1765295510.2792823,0.0005907354061491787,0.00039338896749541163,0.000203573566977866,1.1499916581669822e-05,0.0,0.0,0.0,0.0,0.0,0.0,0.0,0.0,0.0003567078383639455,0.0005321639473550022,0.0004279305867385119,0.00019665926811285317,4.648684989660978e-05,9.668267739471048e-05,0.0002792150480672717,0.0006333807250484824,0.0011932362103834748,0.002033889526501298,0.0031426430214196444,0.004303992725908756,0.005225253291428089,0.005724842194467783,0.005761951208114624,0.00526875164359808,0.004349526483565569,0.0032312676776200533,0.002182490425184369,0.0014467716682702303,0.0009996346198022366,0.0007195326033979654,0.0005833821487613022,0.00033464119769632816,8.807432459434494e-05,0.0,0.0,0.0,0.0,8.051938493736088e-05,0.00026834136224351823,0.0003202097141183913,0.000350662914570421,0.00026554788928478956,0.0001332196407020092,0.0,0.0,0.0,0.0,2.1045159883215092e-05,0.000173386768437922,0.0003570929984562099,0.0005550438072532415,0.00088457454694435,0.0011159220011904836,0.0010773291578516364,0.0008762499201111495,0.00048424728447571397,0.0,0.0,0.0,0.0,0.0,9.986700752051547e-05,0.00020994333317503333,0.00032258129795081913,0.0004733349778689444,0.00032622634898871183,0.0,0.0,0.0,0.0,0.0,0.0,0.00011596252443268895,0.0004186268197372556,0.0006106532528065145,0.0006416747346520424,0.0006421171128749847,0.0004893175791949034,0.00045441807014867663,0.00011602701124502346,0.0,0.0,0.0,0.0,4.6780434786342084e-05,0.00020903407130390406,0.000234049599384889,5.868228618055582e-05,0.0,0.0,0.0,0.0,0.00014503100828733295,0.00031665991991758347,0.00037826524931006134,0.00035959560773335397,0.00015982560580596328,0.0,0.0,0.0,0.0,0.0,0.0,4.353873919171747e-06,0.00021602449123747647,0.00032753587584011257,0.00031744243460707366,0.00020951044280081987,8.748342952458188e-05,0.0,0.0,0.0,0.0,0.0,0.0,0.0,0.0,0.0,1.6643722119624726e-05,5.999803033773787e-05,8.142291335389018e-05,8.55937905726023e-05,0.0001094961553462781,0.00012195607996545732,0.00013070361455902457,0.0001725419715512544,0.00016882958880160004,0.00014870925224386156,9.335236245533451e-05,0.0,0.0
2025-12-09T15:51:51.946903,1765295511.9469028,0.001588913961313665,0.0013209735043346882,0.0010709482012316585,0.0007882312638685107,0.00046670358278788626,0.00013269299233797938,0.0,0.0,0.0,0.0,0.0002021488471655175,0.0004910864518024027,0.0006608256953768432,0.0005017094663344324,0.00027185335056856275,0.00016095736646093428,0.00015078138676472008,0.000192937339306809,0.0001733670214889571,0.0003024137986358255,0.0008409564616158605,0.0018819666001945734,0.003212486393749714,0.0044680191203951836,0.00540516572073102,0.005943576339632273,0.005942031275480986,0.005378829315304756,0.004346334841102362,0.0031073878053575754,0.0019430030370131135,0.0010635113576427102,0.0005832529859617352,0.0004811694088857621,0.0007042597280815244,0.000946188229136169,0.000981342513114214,0.0007629016763530672,0.00036565979826264083,0.0,0.0,0.0,0.0,0.0,0.00019591669843066484,0.00028147586272098124,0.00016222262638621032,0.0,0.0,0.0,0.0,0.0,0.0,0.0,0.00036453193752095103,0.000791940139606595,0.0010973914759233594,0.0011118353577330709,0.0009598270989954472,0.0006354228244163096,0.00022064437507651746,0.0,0.0,0.0,0.0,0.0,0.0,9.976952242141124e-08,0.00028594565810635686,0.0005413393373601139,0.0007231805357150733,0.0005295438459143043,0.0002314749435754493,0.0,0.0,0.0,0.0,0.0,0.0,0.0,0.0,4.8127978516276926e-05,5.605544356512837e-05,0.00011966265446972102,0.00015557582082692534,0.0003340030089020729,0.00045723802759312093,0.0005846214480698109,0.0008988846675492823,0.0008053831406868994,0.0005994398379698396,0.00021823823044542223,0.0,0.0,0.0,0.0,0.0,0.0,0.0,0.0,3.040321280423086e-05,0.00018629152327775955,0.00036129774525761604,0.0004794468404725194,0.0005416183266788721,0.000579472747631371,0.000578099861741066,0.0005083642317913473,0.00044869465637020767,0.00038469696301035583,0.0003084275231231004,0.00023724656784906983,0.00018328124133404344,0.00017051977920345962,0.00012654910096898675,6.934865268704016e-07,0.0,0.0,0.0,0.0,0.0,0.0,0.0,1.7454349290346727e-05,0.00016364479961339384,0.0003091629478149116,0.000457139773061499,0.0005583674646914005,0.0005564925959333777,0.0005026116268709302,0.000474914675578475,0.00037604389945045114,0.00035521932295523584,0.0003162679204251617,0.00029804420773871243
2025-12-09T15:51:53.615117,1765295513.6151168,0.0,2.7263304218649864e-05,0.00011794815509347245,0.00018510893278289586,0.0002457525988575071,0.00017926207510754466,0.0,0.0,0.0,0.0,0.0,4.7844761866144836e-05,0.0002983363519888371,0.0002763087395578623,0.00017444985860493034,0.0001083411552826874,0.0001899671187857166,0.0003576294402591884,0.0006690000300295651,0.0010249465703964233,0.0014013684121891856,0.0019435662543401122,0.0028349810745567083,0.004043289925903082,0.005197432823479176,0.005753790494054556,0.005429698154330254,0.004349406808614731,0.0030935965478420258,0.002221153350546956,0.0019634428899735212,0.0021293743047863245,0.0023444273974746466,0.002138927113264799,0.0014893816551193595,0.000749904487747699,8.068028546404094e-05,0.0,0.0,0.0,0.00020813262381125242,0.0002268863026984036,0.00019816211715806276,2.1641752027790062e-05,0.0,0.0,0.0,0.0,0.0,0.00024685374228283763,0.0003704198752529919,0.00042140079312957823,0.0002585462643764913,0.0002885954163502902,0.00041725634946487844,0.0004700589634012431,0.0004257215477991849,0.0004195476940367371,0.000361221085768193,0.0003012165834661573,0.00036166177596896887,0.00026467101997695863,0.00019724790763575584,0.0,0.0,0.0,0.0,0.0,0.0,4.352499308879487e-05,0.0003303197445347905,0.0003191182913724333,0.0003333937784191221,0.00032184895826503634,0.0003503965272102505,0.00017778834444470704,0.00017014832701534033,3.1269690225599334e-05,0.0,0.0,0.0,0.0,0.0001417200401192531,0.000250744546065107,0.00038730399683117867,0.00045893638161942363,0.00042510568164289,0.00026191124925389886,0.00023049593437463045,0.00010003481293097138,3.5842142551700817e-06,0.0,0.0,0.0,3.2091193133965135e-06,0.0,0.0,0.0,0.0,0.0,0.0,1.5081336641742382e-05,0.00012553676788229495,0.0002000139793381095,0.00021399262186605483,0.00019849557429552078,0.00015921302838250995,9.249322465620935e-05,1.5463228919543326e-05,0.0,0.0,0.0,0.0,0.0,0.0,0.0,0.0,0.0,0.0,0.0,0.0,0.0,0.0,0.0,0.0,0.0,4.426312443683855e-05,0.00011455358617240563,0.00017947405285667628,0.000191255850950256,0.00011869982699863613,0.0,0.0,0.0,0.0
2025-12-09T15:51:55.283067,1765295515.2830675,0.0,0.0,0.0,6.909244984854013e-05,0.00029301707400009036,0.0005096688983030617,0.0006709846202284098,0.0007442721398547292,0.0005880395183339715,0.0003169648116454482,9.204875823343173e-05,0.0,0.0,0.0,0.0,0.0,7.896048373368103e-06,0.00016334910469595343,0.0004549856239464134,0.0009288847795687616,0.0016767130000516772,0.0026016919873654842,0.0035786910448223352,0.0044864206574857235,0.005180654115974903,0.0055106524378061295,0.005415024235844612,0.004906198009848595,0.004139868076890707,0.0032179486006498337,0.002320055617019534,0.0016311112558469176,0.0012736305361613631,0.0011328768450766802,0.0010829371167346835,0.0008817420457489789,0.0005333094159141183,0.0002405773411737755,0.0,0.0,0.0,0.0,0.0001365813222946599,0.00034088228130713105,0.00032230259967036545,0.00013245860463939607,0.0,0.0,0.0,0.0,0.0,0.0002926128508988768,0.0005908364546485245,0.0007591808098368347,0.0008238340960815549,0.0007782578468322754,0.0005367076955735683,0.000270138552878052,6.78081123623997e-05,0.0,0.0,0.0,0.0,8.41732689877972e-05,0.00021332522737793624,0.00023211463121697307,0.0002519864065106958,0.00013529045099858195,0.0001079371286323294,0.00015123556659091264,0.0,0.0,0.0,0.0,0.0,0.0,0.0,0.0,0.0,0.0,0.00033249231637455523,0.00046696659410372376,0.000769376230891794,0.0008605657494626939,0.0008275835425592959,0.0006848961347714067,0.0003106352814938873,5.011182656744495e-05,0.0,0.0,0.0,0.0,0.0,0.0,0.0,0.00015804500435478985,0.00044980261009186506,0.0006694722105748951,0.0007803461630828679,0.0007468325202353299,0.0007545428234152496,0.0006723942351527512,0.0005671170074492693,0.0003788523026742041,0.0001597472873982042,0.0,0.0,0.0,0.0,0.0,0.0,0.0,0.0,0.0,0.0,0.0,0.0001343554467894137,0.00029782942146994174,0.0004458047915250063,0.0005386388511396945,0.0005749919801019132,0.0005401907255873084,0.00047799802268855274,0.0003932076506316662,0.0002863018016796559,0.0002044668362941593,0.0001944221876328811,0.00019885470101144165,0.0001855177979450673,0.00010204892896581441,0.0,0.0,0.0,0.0,0.0
2025-12-09T15:51:56.949042,1765295516.9490416,0.0010033146245405078,0.0007713949889875948,0.0005705991643480957,0.0003585850354284048,0.00014897937944624573,0.0,0.0,0.0,3.06322326650843e-05,0.00019830658857244998,0.0003899001167155802,0.00045325671089813113,0.0004127593419980258,0.00031306955497711897,0.00015962535690050572,2.0895990019198507e-05,0.0,5.602280725724995e-05,0.0003534977731760591,0.0007972877356223762,0.001385904848575592,0.002167309634387493,0.003170686773955822,0.004317304119467735,0.005360567010939121,0.005927080754190683,0.0057707736268639565,0.0048919739201664925,0.003728672629222274,0.002753018168732524,0.00219013006426394,0.001936556538566947,0.0016212568152695894,0.0011197642888873816,0.0005981941358186305,0.00014303506759461015,2.5783518140087835e-05,1.7183263480546884e-05,8.159127901308239e-05,0.00012986281944904476,0.00014001288218423724,0.0,0.0,0.0,0.0,0.0,0.0,0.00033530290238559246,0.0006170584820210934,0.0007258066325448453,0.0007299022981896996,0.0005205514025874436,0.00019447602971922606,0.0,0.0,0.0,0.0,0.0,0.0,0.0,0.0,0.00029320004978217185,0.0005916107329539955,0.0007871054694987833,0.0008337236358784139,0.0007921509095467627,0.0008297470049001276,0.0007291986257769167,0.0004706926119979471,0.00011012422328349203,0.0,0.0,0.0,0.0,0.0,0.0,6.603544079553103e-06,0.00039329263381659985,0.00047460495261475444,0.0004578903317451477,0.00032215382088907063,0.000292705517495051,0.00026001897640526295,0.0003111321129836142,0.0002318090118933469,7.322126475628465e-05,0.0,0.0,0.0,0.0,0.0,0.0,0.00021471154468599707,0.0006555472500622272,0.0007600961835123599,0.0006318584200926125,0.0004277979605831206,0.0002698431781027466,0.00023028028954286128,0.000298470287816599,0.00040680283564142883,0.00038229828351177275,0.00020572803623508662,0.0,0.0,0.0,0.0,0.0,0.0,0.0,0.0,0.0,0.0002008951414609328,0.000450663996161893,0.000546049268450588,0.0004534339241217822,0.00017110450426116586,0.0,0.0,0.0,0.0,0.0,0.0,0.0,0.0,1.7329117326880805e-05,4.446123421075754e-05,5.4937347158556804e-05,2.9000300855841488e-05,0.0,0.0,0.0,0.0,0.0,0.0
2025-12-09T15:51:58.614769,1765295518.614769,0.0,0.0,0.0,0.0,0.0,0.0,0.0,4.7994231863413006e-05,0.0001360121532343328,8.669313683640212e-05,0.0,0.0,0.0,0.0,0.00022806666675023735,0.0005339531344361603,0.0006979872123338282,0.00069736986188218,0.0006659211358055472,0.0007698714616708457,0.00122587732039392,0.0021318295039236546,0.0033766727428883314,0.004659557249397039,0.005620391108095646,0.00608254736289382,0.005989987403154373,0.005493696313351393,0.004677840042859316,0.003563332837074995,0.0022688228636980057,0.0010232286294922233,0.0002045068540610373,1.0875758562178817e-05,0.00019769548089243472,0.000519010063726455,0.0008386482368223369,0.0008792227017693222,0.0007484021480195224,0.0005095779779367149,0.00033113063545897603,0.00038223990122787654,0.0005178881110623479,0.0006257279310375452,0.0007276266114786267,0.000712960900273174,0.00041512533789500594,0.0,0.0,0.0,0.0,0.0,0.0,5.2749608585145324e-05,0.0004947134875692427,0.0009115749271586537,0.0011819221545010805,0.0010744656901806593,0.0007801098399795592,0.00041184460860677063,2.2410947622120148e-06,0.0,0.0,0.0,0.00015242808149196208,0.00024415459483861923,0.0003347449528519064,0.00026429773424752057,0.0002530827187001705,0.00013646228762809187,3.166832902934402e-05,0.0,0.0,0.0,0.0,0.0,0.0,1.4965359696361702e-05,3.453051976975985e-05,0.00022015372815076262,0.0002494716318324208,0.00016096483159344643,0.0003780605038627982,0.0001625639561098069,0.0,0.0,0.0,1.572734981891699e-05,0.0003724255075212568,0.0005679751629941165,0.0006125268409959972,0.0004785369092132896,0.00018352680490352213,0.0,0.0,0.0,0.0,0.0,0.0,0.0,7.860844925744459e-05,0.00020826437685173005,0.0002599730796646327,0.00024289281282108277,0.00018197731697000563,0.00010455714073032141,8.24069938971661e-05,0.00012113860429963097,0.00022756111866328865,0.00029147398890927434,0.0003211594303138554,0.0002952305367216468,0.0002720135380513966,0.00028724665753543377,0.00030772978789173067,0.0002739078481681645,0.0001657403481658548,3.795769589487463e-05,0.0,0.0,0.0,0.0,0.0,0.0,0.0,0.0,0.0,0.0,0.0,0.0,0.0,0.0,0.0,0.0,0.0
2025-12-09T15:52:00.281187,1765295520.281187,0.00011847175483126193,0.00011153480591019616,8.169961074599996e-05,4.6808665501885116e-05,6.59860743326135e-05,3.748718154383823e-05,0.0,0.0,0.0,0.0,0.0,0.00011045041173929349,0.0004412633425090462,0.0005753298755735159,0.00047613002243451774,0.0001949924189830199,0.0,0.0,0.0001311623491346836,0.0005773821612820029,0.0011526212329044938,0.001900629373267293,0.0028036136645823717,0.0038585916627198458,0.004856042563915253,0.00557309202849865,0.005758238956332207,0.0053229439072310925,0.004430606495589018,0.0033926249016076326,0.0024582073092460632,0.001756342826411128,0.001177010009996593,0.0006357616512104869,0.00022535350581165403,3.84397862944752e-05,5.426469579106197e-05,0.00020922785915900022,0.00014578146510757506,2.4110251615638845e-05,0.0,0.0,0.0,5.873114787391387e-05,0.0004573820624500513,0.0006544369389303029,0.0005186651251278818,0.0001505896361777559,0.0,0.0,0.0,0.0,0.0,0.0003738630039151758,0.0006590035045519471,0.00075049715815112,0.0005901521653868258,0.00020574925292748958,0.0,0.0,0.0,0.0,0.00024409755133092403,0.00035311386454850435,0.0005175023106858134,0.0005680678295902908,0.0004300065047573298,0.00015331995382439345,0.0,0.0,0.0,0.0,0.0,0.00028536393074318767,0.0004658902180381119,0.0005886955768801272,0.0005414339830167592,0.00027464647428132594,0.0,0.0,0.0,0.0,0.0,0.0,4.0342372813029215e-05,0.00034695022623054683,0.0006121148471720517,0.0007415399886667728,0.0004584261041600257,0.00019124455866403878,0.0,0.0,0.0,0.0,0.0,0.0,0.0,0.0,0.0,0.0,0.0,0.0,0.0,0.0002252575650345534,0.0004480942734517157,0.0005573052912950516,0.000536991108674556,0.00042307344847358763,0.0002350148861296475,2.708028296183329e-05,0.0,0.0,0.0,0.0,0.0,0.0,0.0,0.0,0.0,0.0,0.0,0.0,0.0,0.0,0.0,0.0,2.5681089027784765e-05,7.265322346938774e-05,5.183954272069968e-05,3.6041812563780695e-05,0.0,0.0,0.0,0.0,0.0
2025-12-09T15:52:01.948117,1765295521.9481165,0.0,0.0,0.0,0.0,0.0,0.0,8.882040856406093e-05,0.00014815956819802523,0.00016921514179557562,6.214422319317237e-05,0.0,0.0,0.00016097231127787381,0.00028499748441390693,0.000215108462725766,7.324937178054824e-05,0.0,7.986841956153512e-05,0.00031295462395064533,0.0006490478990599513,0.001150217023678124,0.0019121412187814713,0.0030401437543332577,0.004400985781103373,0.005566567648202181,0.006074538920074701,0.005715067032724619,0.004834678955376148,0.0038822926580905914,0.0030674017034471035,0.0023922917898744345,0.0019101628568023443,0.001620970549993217,0.0014180332655087113,0.0011872524628415704,0.0009135839063674212,0.0006101048202253878,0.0002745227247942239,0.0,0.0,0.0,0.0,0.0,0.0,4.851282210438512e-05,0.00016226877050939947,0.00016919526387937367,0.00011278694728389382,0.00013206221046857536,0.00015490980877075344,0.00010034618026111275,5.030891043134034e-05,8.507780148647726e-05,0.00010068428673548624,0.00026607362087816,0.0004655145457945764,0.0006453528185375035,0.0008376913028769195,0.0009531700634397566,0.0009171632118523121,0.0006911205709911883,0.00032123044366016984,0.0,0.0,0.0,0.0,0.0,7.81814378569834e-05,0.0005121136200614274,0.0007709923665970564,0.0008993447409011424,0.0006953062256798148,0.00035562500124797225,0.0,0.0,0.0,0.0,0.0,0.0,0.0,0.0003225750115234405,0.0005863736150786281,0.0009705605916678905,0.0008010240853764117,0.0006196871981956065,0.000530400313436985,0.0004422400379553437,0.00032698502764105797,0.00038143954589031637,0.00034091659472323954,0.00021213338186498731,0.0,0.0,0.0,0.0,0.0,0.0,0.0,0.0,0.0,0.0,0.0,2.474301254551392e-05,0.0,0.0,0.0,0.0,1.229958229487238e-06,0.00017466410645283759,0.00031526453676633537,0.0003928998194169253,0.00036683265352621675,0.00027399579994380474,0.00022859663295093924,0.00018211563292425126,7.96509048086591e-05,0.0,0.0,0.0,0.0,0.0,0.0,3.657153865788132e-05,0.00020859893993474543,0.0003406366449780762,0.00042146712075918913,0.0004666502063628286,0.00043987357639707625,0.00031946043600328267,0.00013793044490739703,0.0,0.0,0.0,0.0,0.0
2025-12-09T15:52:03.615891,1765295523.6158912,0.0,0.0,0.0,0.0,0.0,0.00023182386939879507,0.00022354444081429392,8.334248559549451e-05,0.0,0.0,0.0,0.0,0.0001801009348127991,0.00019169776351191103,1.4256165741244331e-05,0.0,0.0,0.00026048411382362247,0.0006948602967895567,0.0010470394045114517,0.0014443144900724292,0.0021361946128308773,0.00314698345027864,0.004265414085239172,0.005199303384870291,0.005669472273439169,0.005592223722487688,0.004952393937855959,0.004049985203891993,0.00318826362490654,0.002511235885322094,0.002008821815252304,0.0015114378184080124,0.001019033370539546,0.0005305553786456585,0.00014372461009770632,0.0,3.112656486337073e-05,0.00016985172987915576,0.000454503926448524,0.0006400635465979576,0.0007612996851094067,0.0005915048532187939,0.00032950847526080906,0.00018323649419471622,7.3621217779873405e-06,0.0,0.0,0.0,0.0,0.00010477937757968903,8.960215200204402e-05,7.950859435368329e-05,8.728554530534893e-05,0.00011542397260200232,0.00015442656876984984,0.00023402344959322363,0.00022408401127904654,0.000185936049092561,0.00019550723663996905,0.0002934073272626847,0.000354166142642498,0.00045010476605966687,0.0004899560590274632,0.0006281511159613729,0.0005784075474366546,0.0006381182465702295,0.0005655103595927358,0.00039797069621272385,0.00021933448442723602,0.0001340798189630732,0.0,0.0,0.0,0.0,0.0,7.954275497468188e-05,0.0004805019998457283,0.0006658383645117283,0.0006003945600241423,0.0006286078132688999,0.00020681339083239436,0.0001351207756670192,0.0,0.0,0.0,0.0,0.0,0.0,0.0,0.0,0.0,3.3422504657210084e-06,0.00027518757269717753,0.0002940633276011795,0.0002639430749695748,0.00017644940817262977,0.0001294496760237962,0.00018670171266421676,0.00022099084162618965,0.0002623596228659153,0.00016108850832097232,5.9621808759402484e-05,0.0,0.0,0.0,0.0,0.0,3.8715064874850214e-05,9.132870764005929e-05,5.665584103553556e-05,0.0,0.0,0.0,0.0,0.0,0.0,0.0,0.0,0.0,0.000280626438325271,0.000501173606608063,0.000538941181730479,0.0005236404249444604,0.00041723225149326026,0.0002120325225405395,0.0,0.0,0.0,0.0,0.0,0.0,0.0,0.0,0.0
2025-12-09T15:52:05.283609,1765295525.2836087,0.00027374227647669613,0.0001334408880211413,0.0,0.0,0.0,0.0,2.0625186152756214e-05,0.0003879743453580886,0.0007099300855770707,0.0006992280250415206,0.00031130059505812824,0.0,0.0,0.0,0.0,0.0,0.0001352612889604643,0.0003613109001889825,0.0006721824174746871,0.0009563422063365579,0.0012451477814465761,0.001724582863971591,0.0025881261099129915,0.0038684778846800327,0.0052275341004133224,0.0061416770331561565,0.006142145954072475,0.005328193306922913,0.004190027713775635,0.0032013237942010164,0.002533396240323782,0.0020370837301015854,0.0015323928091675043,0.0009763888083398342,0.0003648288839031011,0.0,0.0,0.0,0.0,0.00018519643344916403,0.0004215194203425199,0.0005815541953779757,0.0005170466029085219,0.0003008293278981,5.1491500926204026e-05,0.0,0.0,0.00020068453159183264,0.00037039871676824987,0.0005179731524549425,0.0005788945709355175,0.0004184125573374331,0.0001650609920034185,0.0,0.0,0.0,0.0,0.0,0.0,0.00019582390086725354,0.00038985590799711645,0.000440894189523533,0.00042885306174866855,0.0004339099978096783,0.0005000049131922424,0.0003469963849056512,0.00023088158923201263,0.00013925862731412053,0.00014701845066156238,0.0001517577766207978,0.0002810054284054786,8.493813220411539e-05,0.0,0.0,0.0,0.0,2.839730768755544e-05,0.0,9.562432268239718e-08,0.00011076387454522774,0.00018464286404196173,0.0002852981851901859,0.00047263657324947417,0.00040032286779023707,0.00011822643136838451,0.0,0.0,0.0,0.0,0.0,0.00017692988330964,0.0005343047669157386,0.0007636202499270439,0.0008229934028349817,0.0006983780185692012,0.0005494251963682473,0.00028023053891956806,4.464947778615169e-05,0.0,0.0,0.0,0.0,0.0,0.0,0.0,0.0,0.0,0.0,0.0,0.0,0.0,0.0,0.0,0.0,0.0,0.0,6.0377653426257893e-05,0.00011444973642937839,0.00011971934873145074,5.4814958275528625e-05,0.0,0.0,0.0,0.0,0.0,0.0,0.0,0.0,9.153025166597217e-05,0.00013188332377467304,0.00016015939763747156,0.00019148187129758298,0.00011843683751067147,4.2921681597363204e-05,0.0
2025-12-09T15:52:06.949462,1765295526.9494622,0.00023942196276038885,9.451860387343913e-05,0.0,0.0,0.0,0.0,0.0,0.0,0.0,0.0,0.0,0.0001200609331135638,0.0004367611254565418,0.0006059498409740627,0.0006294167251326144,0.0004717636911664158,0.00014625993208028376,0.0,0.0,0.00016344556934200227,0.001140862237662077,0.002486582612618804,0.0038077945355325937,0.0048168497160077095,0.005360524635761976,0.005505816079676151,0.005345113575458527,0.004943232983350754,0.004322799388319254,0.0035364930517971516,0.0026608468033373356,0.0018146528163924813,0.0011235740967094898,0.0006377064273692667,0.00040603530942462385,0.0005341096548363566,0.0005559600540436804,0.00045422898256219923,0.00025238870875909925,0.0,0.0,0.0,0.0,0.00021469809871632606,0.0005135600222274661,0.0006133919232524931,0.0003345990553498268,0.0,0.0,0.0,0.0,0.0,0.0,2.3390994101646356e-06,0.0003022194723598659,0.0005535062518902123,0.0005372055456973612,0.0004489209968596697,0.0004490572027862072,0.00045607899664901197,0.00046658149221912026,0.0005142251611687243,0.00026283602346666157,0.0,0.0,0.0,0.0,0.0,0.0,0.0,0.000503870309330523,0.000855557038448751,0.0010488280095160007,0.0009395793313160539,0.0007677429239265621,0.00020401092479005456,0.0,0.0,0.0,0.0,0.0,0.0,0.0,7.298345008166507e-05,0.00016746945038903505,0.0002553827071096748,0.00021903221204411238,0.00024129961093422025,0.0005057945963926613,0.0007032136782072484,0.000799863482825458,0.0006634060991927981,0.0003267742577008903,6.417562417482259e-06,0.0,0.0,0.0,0.0,0.0,0.0,0.0,0.00016653561033308506,0.00044232342042960227,0.0006340645486488938,0.0007215183577500284,0.0007197788800112903,0.0006388391484506428,0.00047168839955702424,0.00026083237025886774,1.114150927605806e-05,0.0,0.0,0.0,0.0,0.0,0.0,6.730900349793956e-05,0.00016564058023504913,0.00019521823560353369,8.370792784262449e-05,0.0,0.0,0.0,0.0,0.0,0.0,0.0,0.0,0.00012764157145284116,0.0002059268590528518,0.0002547475160099566,0.0002823973773047328,0.000342136831022799,0.0003923298208974302,0.0004396705189719796
2025-12-09T15:52:08.617120,1765295528.6171196,0.0008123490260913968,0.0007043910445645452,0.0005949623300693929,0.00044718931894749403,0.00024680912611074746,9.848346235230565e-05,4.790540333488025e-05,7.107661076588556e-05,0.00013237942766863853,0.00021196359011810273,0.00019652897026389837,9.584557847119868e-05,0.0,0.0,0.0,0.0,0.0,0.00033927912591025233,0.001013798639178276,0.0014881090028211474,0.0018063306342810392,0.002145922277122736,0.0027503245510160923,0.003696389263495803,0.004773417022079229,0.005649232305586338,0.005959572736173868,0.005592919886112213,0.004614424891769886,0.003319289069622755,0.002088637324050069,0.001183362677693367,0.0008511886699125171,0.000904166023246944,0.0010790812084451318,0.0012637436157092452,0.0009858517441898584,8.69082723511383e-05,0.0,0.0,0.0,0.0,0.0,0.00035072918399237096,0.0005107074975967407,0.0003616365429479629,7.694281521253288e-05,0.0,0.0,0.00012012338265776634,0.00020668753131758422,0.00012997198791708797,0.0,1.1960984011238907e-05,0.00021135565475560725,0.0004616673104465008,0.000731057021766901,0.0009761363035067916,0.0010885627707466483,0.0009525268687866628,0.0005909794708713889,0.0,0.0,0.0,0.0,0.0,0.0,0.0,0.0006462096353061497,0.0013607862638309598,0.0018187647219747305,0.0016941191861405969,0.0012335632927715778,0.0004993542679585516,0.0,0.0,0.0,0.0,0.0,0.0,0.0,0.00024110791855491698,0.0008941598352976143,0.0011008376022800803,0.0009554994758218527,0.0008851430029608309,0.0006193877197802067,0.0004718456184491515,0.0006454905378632247,0.0007239371188916266,0.0006579380133189261,0.0003552586422301829,0.0,0.0,0.0,0.0,0.0,0.0,0.0,0.0,0.0001489257119828835,0.000253588572377339,0.0003918301372323185,0.00043755938531830907,0.00048262474592775106,0.0005308010731823742,0.0005812111194245517,0.0005959122790955007,0.0005951296770945191,0.0005372695159167051,0.0003841085417661816,0.00012984301429241896,0.0,0.0,0.0,0.0,0.0,0.0,0.0,0.0,0.0,0.0,0.0,0.0,0.0,0.00011545739107532427,0.0002588791830930859,0.00034872943069785833,0.00040367493056692183,0.0003778240061365068,0.00040791346691548824,0.00039804322295822203,0.0003547385276760906,0.0003242804959882051,0.0002895289217121899
2025-12-09T15:52:10.284998,1765295530.2849984,0.00027687495457939804,0.0002617043792270124,0.00023643451277166605,0.000199416812392883,0.00016575117479078472,8.773969602771103e-05,2.9379161787801422e-05,3.135236329399049e-05,0.0001228516921401024,0.00030586926732212305,0.0004683509760070592,0.00045627690269611776,0.0003093915292993188,0.00011972356878686696,0.0001141890897997655,0.0002873820485547185,0.0004659801197703928,0.0005292841815389693,0.0005445361020974815,0.0007108867284841835,0.0012121987529098988,0.002022951142862439,0.003051009261980653,0.004163393750786781,0.005143261048942804,0.005727231502532959,0.005716792773455381,0.005155628081411123,0.004166512284427881,0.003069748170673847,0.0021268227137625217,0.001523090759292245,0.0013130033621564507,0.0011229977244511247,0.0009016647818498313,0.0006313935155048966,0.00032296066638082266,0.0001644978765398264,0.0002659009478520602,0.0004182441043667495,0.0007507364498451352,0.0008372439770027995,0.00072579673724249,0.00045118347043171525,6.38159763184376e-05,0.0,0.0,0.0,0.0,0.0001734242687234655,0.0002181084273615852,1.5724555851193145e-05,0.0,0.0,0.00019043448264710605,0.000551489763893187,0.0006526378565467894,0.00043785833986476064,0.0001678717089816928,0.00013676485104952008,0.000405594939365983,0.0007184467976912856,0.0009849105263128877,0.0007943785167299211,0.0004888481926172972,0.00022981991060078144,5.170269650989212e-05,2.0320019757491536e-05,8.655057172290981e-05,0.00011041919788112864,0.0,0.0,0.0,0.0,0.0,0.0,0.0,0.0,4.717735919257393e-06,0.0,0.00020067505829501897,5.703428087144857e-06,0.0,0.0,0.0,0.00017587353067938238,0.0005616771522909403,0.0008274758001789451,0.0008761815261095762,0.000757376488763839,0.0004332928510848433,6.634226883761585e-05,0.0,0.0,0.0,0.0,0.0,8.036307553993538e-05,0.00028246769215911627,0.0002842352259904146,0.0002916099037975073,0.0002090547204716131,5.902009070268832e-05,0.0,0.0,0.0,0.0,0.0,0.0,0.00013946305261924863,0.00036267071845941246,0.0004912192816846073,0.0004174856876488775,0.00025484469369985163,0.00011792036093538627,0.0,0.0,0.0,0.0,0.0,0.00017222932365257293,0.0003528185479808599,0.0004993287730030715,0.0006244744872674346,0.0006773085915483534,0.0007122704409994185,0.0006513135740533471,0.0005628463113680482,0.000462373805930838,0.0003191696887370199,0.000225167372263968,7.974230538820848e-05,0.0001097439308068715,0.0001485386601416394,0.00018158426973968744
2025-12-09T15:52:11.952161,1765295531.9521613,0.0,0.0,0.0,0.0,0.0,0.0,0.00015955569688230753,0.0003958439629059285,0.00047568147419951856,0.00042394912452436984,0.0002261493937112391,0.0,0.0,0.0,0.0,0.0,0.00016940056229941547,0.00036038615508005023,0.0004932218580506742,0.0006672495510429144,0.0010254214284941554,0.0017550549237057567,0.002905393484979868,0.004308592062443495,0.005537256132811308,0.0061493744142353535,0.005888510961085558,0.004989639390259981,0.003945211414247751,0.003095977008342743,0.0024974809493869543,0.0019830530509352684,0.0014060637913644314,0.0008959137485362589,0.0005048213643021882,0.00025524123338982463,7.910204294603318e-05,0.0,0.0,6.1015249229967594e-05,0.00028622368699871004,0.0005526856402866542,0.0006345666479319334,0.0006936798454262316,0.0006153278518468142,0.00035945657873526216,1.6545200196560472e-05,0.0,0.0,0.0,0.0,0.00025053764693439007,0.0005590100772678852,0.0007375443819910288,0.0007609141757711768,0.0005235531716607511,0.0002247342054033652,0.0,0.0,0.0,0.0,0.0,0.0,0.0002971217327285558,0.0006271365564316511,0.0009712775936350226,0.0011143034789711237,0.0010451904963701963,0.0007203553686849773,0.00029948962037451565,0.0,0.0,0.0,0.0,0.0,0.0,0.0,0.0,0.0,9.816852252697572e-05,0.0004401002370286733,0.0007237857789732516,0.0007081160438247025,0.000611553608905524,0.00041207883623428643,0.00029119825921952724,7.227493915706873e-05,0.0,0.0,0.0,0.0,0.0,0.0,0.0,0.0,0.00016029980906751007,0.0002676585572771728,0.00032094615744426847,0.00034177405177615583,0.0003842212609015405,0.0004078674246557057,0.0004610452160704881,0.0005529211484827101,0.0005695211584679782,0.0005014619673602283,0.00034317898098379374,0.00011490882025100291,0.0,0.0,0.0,0.0,0.0,0.0,0.0,0.0,2.209258127550129e-05,0.0,0.0,0.0,0.0,0.0,0.0,0.0,0.0,0.0,0.00010920528438873589,0.0002206566568929702,0.0002997652627527714,0.0003344551951158792,0.00034710130421444774,0.00027434673393145204,0.00021747116988990456,0.00015092735702637583,8.683258056407794e-05,3.5677225241670385e-05
2025-12-09T15:52:13.618753,1765295533.618753,0.0007760524749755859,0.0006517673027701676,0.0005325592937879264,0.0004245503223501146,0.0003066652570851147,0.00013944550300948322,6.382057563314447e-06,0.0,0.0,0.0,0.0,0.0,0.0,0.0,0.0,3.0945361686463e-06,0.00031384261092171073,0.0005487247835844755,0.0007340952288359404,0.000957767479121685,0.0012670542346313596,0.001781493192538619,0.0025867160875350237,0.0037007692735642195,0.004920406267046928,0.00580693269148469,0.005997068248689175,0.005330986343324184,0.004181551281362772,0.0030490097124129534,0.0022341045551002026,0.001816809643059969,0.0015670856228098273,0.001378159737214446,0.001025438541546464,0.0006478236173279583,0.00015239739150274545,0.0,0.0,0.0,0.0,2.225538992206566e-05,0.00028661859687417746,0.0004781765164807439,0.0005482967244461179,0.0004465302627068013,0.00020390734425745904,6.629765721299918e-06,0.0,0.0,0.0,0.0,0.0,0.0,0.0,2.7557287467061542e-05,0.0,0.0,0.0,0.0,0.0,0.00029146875021979213,0.0005658420268446207,0.0007624159334227443,0.0010451957350596786,0.00101836200337857,0.0009414945379830897,0.0007188458694145083,0.0004556186613626778,0.00011088632891187444,0.0,0.0,0.0,0.0,0.0,0.0,0.0,4.014301157440059e-05,0.0,0.0,0.0,0.0,0.0,0.0,5.8755045756697655e-05,0.00021145999198779464,0.0005333148874342442,0.0005405853735283017,0.00033314706524834037,4.590966636897065e-05,0.0,1.8210783309768885e-05,0.00021897006081417203,0.00041677008266560733,0.0005198688595555723,0.000483162933960557,0.00037814839743077755,0.00024027610197663307,0.00010748275963123888,1.2649908057937864e-05,0.0,0.0,0.0,0.0,0.0,0.0,0.0,0.0,0.0,0.0,0.0,3.077013388974592e-05,0.0001785833010217175,0.0002442428085487336,0.0002825165865942836,0.00031095140730030835,0.00028759680571965873,0.0001695503742666915,9.406231401953846e-05,0.00010563612886471674,0.0001712463708827272,0.00020530328038148582,0.00021174593712203205,0.0002280642365803942,0.00022045419609639794,0.0002002648398047313,0.00014255504356697202,8.870771853253245e-05,5.141150904819369e-05,4.4037184125045314e-05,0.0,0.0,0.0,0.0,0.0
2025-12-09T15:52:15.284915,1765295535.2849147,0.0006399496924132109,0.0006264362600632012,0.0005754148005507886,0.00047553685726597905,0.0003110642428509891,0.0,0.0,0.0,0.0,0.0,0.0,0.0,0.00022083653311710805,0.0004975318443030119,0.0005562873557209969,0.00034266707370989025,8.444932609563693e-05,0.0,0.0001972894388018176,0.00069616042310372,0.0013834190322086215,0.0022639459930360317,0.0033409094903618097,0.004502892028540373,0.005479762330651283,0.005952660925686359,0.005798727739602327,0.005164852365851402,0.0043066516518592834,0.003339600283652544,0.002350641880184412,0.0014063507551327348,0.0006902486202307045,0.0002739549381658435,8.845588126860093e-06,0.0,0.0001514331524958834,0.00041069879080168903,0.0005812914459966123,0.0005811309674754739,0.0003686177951749414,0.00016311020590364933,0.00012484038597904146,0.00012331473408266902,0.0001687751355348155,0.00015776751388330013,0.0002228755911346525,0.0001648839534027502,0.0,0.0,0.0,0.0,0.0,0.0,0.0,0.0,0.0,0.0,8.748824620852247e-05,0.00030865921871736646,0.0004971001180820167,0.0007560093072243035,0.0009478850406594574,0.001039528870023787,0.0009293411276303232,0.0006156269810162485,0.00019321990839671344,0.0,0.0,0.0,0.0,0.0,2.0286972358007915e-05,0.0002317086182301864,0.0004855247098021209,0.00023725771461613476,3.73505026800558e-05,0.0,0.0,0.0,0.0,9.147489618044347e-05,0.000558949657715857,0.000891983974725008,0.0009397442336194217,0.0008241337491199374,0.0003556277079042047,0.0,0.0,0.0,0.0,0.0,0.00012530335516203195,0.00018592433480080217,0.00017072330228984356,0.0,0.0,0.0,0.0,0.0,0.0,0.0,0.00014548547915183008,0.00029975856887176633,0.000418447278207168,0.0004736236878670752,0.00044438731856644154,0.0003290417371317744,0.0002269663818879053,2.9962980988784693e-05,0.0,0.0,0.0,0.0,0.0,0.0,0.0,4.763170727528632e-05,0.00011106306192232296,9.68953245319426e-05,2.5388193535036407e-05,0.0,0.0,0.0,0.0,0.0,2.5272414859500714e-05,7.547140558017418e-05,0.00013077756739221513,0.0001941889349836856,0.00018298115173820406,0.00010318007844034582,9.322259575128555e-05,2.986445360875223e-05,0.0
2025-12-09T15:52:16.951335,1765295536.9513354,0.0003881273150909692,0.00013186097203288227,0.0,0.0,0.0,0.0,0.0,0.0,0.0,0.00017344890511594713,0.0004521758819464594,0.0006220702780410647,0.0006524180062115192,0.0004587882140185684,0.00014400645159184933,0.0,0.0,0.0,6.57110067550093e-05,0.0006144343060441315,0.0013597565703094006,0.002251806203275919,0.0032463143579661846,0.004284545313566923,0.005213793832808733,0.005820351652801037,0.005894667003303766,0.005333673674613237,0.004313955083489418,0.003187405876815319,0.0022125993855297565,0.001605928409844637,0.001356390304863453,0.0011102288262918591,0.0007666912861168385,0.0004534564504865557,0.0002920463739428669,8.373790478799492e-05,0.0,0.0,0.0,0.0,0.0,0.0,0.0,0.0,0.0,0.0,0.0002598049759399146,0.0005674430285580456,0.0006522689363919199,0.00043031241511926055,8.753110159887001e-05,0.0,0.0,0.0,8.751572750043124e-05,0.000114499605842866,1.0293051673215814e-05,0.0,2.5066656235139817e-05,0.0002067586756311357,0.00033721717773005366,0.0005013433401472867,0.0005646373610943556,0.0005629538791254163,0.0005923967692069709,0.0005319379852153361,0.00036175409331917763,0.00021124993509147316,0.0,0.0,0.0,0.0,0.0,0.0,0.00029683945467695594,0.00035707984352484345,0.00037288604653440416,0.0003148489922750741,0.0001302726595895365,0.0,0.0,0.0,0.0,0.0,0.0,1.088355293177301e-05,7.397024455713108e-05,8.807234553387389e-05,0.00011756449384847656,0.00017939887766260654,0.00022583814279641956,0.00024369941093027592,0.00014546531019732356,0.00011284727952443063,0.0,0.0,0.0,0.0,0.0,0.0,0.0,0.0,0.0,0.0,0.0,0.0,0.0,0.0,5.451483957585879e-05,0.00013831925753038377,0.00018160694162361324,0.00018087872012984008,0.00013564743858296424,8.4650244389195e-05,6.365476292558014e-05,2.0910392777295783e-05,0.0,0.0,5.251247785054147e-05,9.575142757967114e-05,0.0001432541903341189,0.00016914609295781702,0.00014082854613661766,9.738453081808984e-05,2.3798980691935867e-05,0.0,0.0,0.0,0.0,0.0,0.0,0.0,0.0
2025-12-09T15:52:18.616981,1765295538.6169806,0.0,0.0,0.0,0.0,0.0,0.0,0.0,0.0,0.0,7.548959547420964e-05,0.0001657295651966706,0.0002753432490862906,0.00034039761521853507,0.00019339729624334723,0.0,0.0,0.0,0.00022439945314545184,0.0005813732277601957,0.0008106366731226444,0.0010588217992335558,0.0015637323958799243,0.0025818804278969765,0.0040181102231144905,0.005458807572722435,0.006354436278343201,0.006347526330500841,0.005544188432395458,0.004262019880115986,0.0028611780144274235,0.0016367303906008601,0.0008064110297709703,0.0004115785122849047,0.000482062780065462,0.0008869788143783808,0.0012582705821841955,0.0012834215303882957,0.00110613030847162,0.0006986180087551475,0.0002273170102853328,8.307335519930348e-05,0.0,0.0,0.0,0.0,0.0,0.0,0.0,0.0,0.0001600082468939945,2.027098526014015e-05,0.0,0.0,0.0,0.0,0.00020608905469998717,0.0005174485850147903,0.0008198399445973337,0.0010571914026513696,0.0011487333104014397,0.000990730244666338,0.0006960694445297122,0.00037115198210813105,0.0,0.0,0.0,0.0,0.0,0.0,0.0,0.00036755637847818434,0.0007006187224760652,0.0009010133799165487,0.0009430526406504214,0.0006741717224940658,0.0002158410643460229,0.0,0.0,0.0,0.0,0.0,0.0,0.0,0.00012994668213650584,0.00027054178644903004,0.00045465698349289596,0.0003752125194296241,0.0002868593146558851,0.0002926742599811405,0.00010704208398237824,0.0,0.0,0.0,0.0,0.0,0.0,0.0,0.0,0.0,1.466767571400851e-05,9.538883750792593e-05,0.00018877068941947073,0.0002858116931747645,0.0003435862308833748,0.0003369937476236373,0.00030951591907069087,0.0003113662824034691,0.000349614885635674,0.00041513825999572873,0.0004681493737734854,0.000484764197608456,0.00045215364661999047,0.0003515106509439647,0.00021436392853502184,0.0,0.0,0.0,0.0,0.0,0.0,0.0,0.0,0.0,0.00028812303207814693,0.0005281944177113473,0.0007107887649908662,0.0008233499829657376,0.00084571389015764,0.0007959301583468914,0.000661385478451848,0.0004240524140186608,0.00013320053403731436,0.0,0.0,0.0
2025-12-09T15:52:20.283353,1765295540.2833529,0.0005772536969743669,0.0005458237137645483,0.0005243392079137266,0.000538214051630348,0.0004977064090780914,0.0004145848797634244,0.0003446604823693633,0.00018943491159006953,0.0,0.0,0.0,0.0,0.0,0.00043924213969148695,0.0008100168779492378,0.0008623984176665545,0.0006571689154952765,0.0005026598810218275,0.0006337041268125176,0.00091794622130692,0.0013867144007235765,0.001978794578462839,0.0028114558663219213,0.0038775838911533356,0.0049218605272471905,0.005609821993857622,0.0056584118865430355,0.00520852068439126,0.004421199671924114,0.0034197326749563217,0.0023578135296702385,0.0014135167002677917,0.0009127800003625453,0.000709377636667341,0.00081316550495103,0.0009623969090171158,0.0009516202262602746,0.0007952981977723539,0.00037574730231426656,0.0,0.0,0.0,0.0,0.0,9.736266292748041e-06,0.00032625184394419193,0.0004972535534761846,0.0005686613149009645,0.00042846761061809957,6.084898632252589e-05,0.0,0.0,0.0,0.0,0.0002633528783917427,0.000717409944627434,0.000978965312242508,0.0010594486957415938,0.0008464821730740368,0.0004004193760920316,0.00010790133819682524,0.0,0.0,0.0,0.0,0.0,0.0,3.1146413675742224e-05,0.000391887326259166,0.0006765022408217192,0.000874739489518106,0.0007191791664808989,0.0004620111139956862,0.00022305476886685938,0.0,0.0,0.0,0.0,0.0,0.0,0.0,0.0,0.0,0.0,0.00024031441716942936,0.0006462709279730916,0.0010575210908427835,0.0010888633551076055,0.0008236460271291435,0.000305433408357203,0.0,0.0,0.0,0.0,0.0,0.0,0.0,0.0,3.3483545848866925e-05,5.453236371977255e-05,0.0001143496556323953,0.00018477413686923683,0.00026866732514463365,0.00036350052687339485,0.00043265981366857886,0.0004738775605801493,0.00047402747441083193,0.0004333444230724126,0.0003503793850541115,0.0002212078688899055,6.506541831186041e-05,0.0,0.0,0.0,0.0,0.0,0.0,0.0,0.0,0.0,0.0,1.3535101288653095e-06,8.011103636818007e-05,0.00013161265815142542,0.00018157053273171186,0.00019943941151723266,0.00014740110782440752,4.6366472815861925e-05,0.0,0.0,0.0,0.0,0.0,0.0,0.0
2025-12-09T15:52:21.952363,1765295541.9523635,0.0006901773158460855,0.0006027441122569144,0.0005215617129579186,0.0004200616094749421,0.00031215479248203337,0.0003141252091154456,0.0003104021307080984,0.0003512260445859283,0.0003452056262176484,0.0002787224075291306,0.00021834504150319844,0.00020754494471475482,0.00018150005780626088,4.408613676787354e-05,0.0,0.0,0.0,0.0,0.0005540719139389694,0.0011743864743039012,0.001791623653843999,0.002498042769730091,0.0034492574632167816,0.0046317377127707005,0.005685221403837204,0.006206376478075981,0.0059519195929169655,0.005176100414246321,0.004276965744793415,0.0034693018533289433,0.0027283017989248037,0.0019786611665040255,0.0013271973002701998,0.0008454799535684288,0.00042011772166006267,0.00011226397327845916,0.0,0.0,0.0,0.00011658385483315215,0.0002394576440565288,0.0003850458888337016,0.00038492790190503,0.0001774290722096339,0.0,0.0,0.0001369613892165944,0.0003205682151019573,0.000554643280338496,0.0007709988276474178,0.0007376625435426831,0.0003903091128449887,0.0,0.0,0.0,0.0,0.0,0.0,0.0002643392654135823,0.0006522285984829068,0.0009239905048161745,0.0009265600820071995,0.0006802843417972326,0.00037333721411414444,0.00023913566838018596,7.5864780228585e-05,1.5780362446093932e-05,9.563185449223965e-05,0.00022551849542651325,0.00021238949557300657,0.00024605763610452414,0.0001441244239686057,1.57011909323046e-05,0.0,1.314647488470655e-05,0.0,0.00026532134506851435,0.0003599801566451788,0.00038301796303130686,0.000386107771191746,0.00033196815638802946,0.00020496724755503237,0.0002337424230063334,0.0,0.0,0.0,0.0,0.0,0.0,8.054097270360216e-05,0.0005255487048998475,0.0007949803257361054,0.0007811982650309801,0.00070568808587268,0.000455294968560338,0.000280788546660915,0.00011525378795340657,7.323522731894627e-05,0.00015385978622362018,0.0002462562988512218,0.000282587279798463,0.00022365993936546147,7.3471266659908e-05,0.0,0.0,0.0,0.0,0.0,0.0,0.0,4.94811320095323e-05,0.00010051469143945724,7.798823207849637e-05,6.61920421407558e-05,3.750785981537774e-05,0.0,0.0,0.0,0.0,0.0,0.0,0.0,0.0,0.0,9.774155842023902e-06,1.8900333316196338e-06,0.0,0.0,0.0,0.0,0.0,0.0,0.0,0.0,0.0
2025-12-09T15:52:23.618537,1765295543.6185374,0.00037117773899808526,0.00038491186569444835,0.00040591013384982944,0.0004288132768124342,0.00043392868246883154,0.0003534167481120676,0.0002932193165179342,0.0002214536361861974,9.261150989914313e-05,0.0,0.0,0.0,0.0,0.0,2.2275675291894004e-05,0.00018040747090708464,0.00032731928513385355,0.0005159568972885609,0.0007455187733285129,0.0009909268701449037,0.0013739399146288633,0.0020533569622784853,0.003084840252995491,0.004270485602319241,0.005249783396720886,0.005780746694654226,0.005803394131362438,0.00537869380787015,0.004490891005843878,0.0032587829045951366,0.0019641302060335875,0.0009355769725516438,0.0004432160931173712,0.00041565916035324335,0.0005703792558051646,0.0008429036824963987,0.0010783640900626779,0.0010057471226900816,0.000734273053240031,0.0004140955279581249,0.00023280881578102708,3.9115726394811645e-05,0.0,0.0,0.0,0.0,0.0,0.0,0.00027062042499892414,0.0005006606224924326,0.0005624595796689391,0.0003341537667438388,2.4817911253194325e-05,0.0,0.0,0.0,4.200098555884324e-05,0.0002216288266936317,0.00032621738500893116,0.0004336034180596471,0.0004965197877027094,0.0006288339500315487,0.00044495944166556,0.0003487048961687833,0.0002168886421713978,0.0,0.0,0.0,0.0,0.0,0.0002333402371732518,9.72057314356789e-05,0.0,0.0,0.0,0.0,0.0,0.0,0.0004955727490596473,0.0007807867950759828,0.0007793400436639786,0.0005438674706965685,0.0002588578499853611,0.0,0.0,0.0,0.0,0.0,0.0006014061509631574,0.0009419043199159205,0.0010069829877465963,0.0006603826768696308,0.00015853531658649445,0.0,0.0,0.0,5.876896466361359e-05,0.0003078593290410936,0.0004685535386670381,0.00048413980402983725,0.00031860070885159075,9.674968896433711e-05,0.0,0.0,0.0,0.0,0.0,0.0,0.00019547449483070523,0.0003521987237036228,0.0004047791298944503,0.00032653464586474,0.00014953849313315004,0.0,0.0,0.0,0.0,0.0,0.0,0.0,0.0,1.822319973143749e-05,9.837732795858756e-05,0.0001359882444376126,0.00014923015260137618,0.0001306554622715339,6.421117723220959e-05,0.0,0.0,0.0,0.0,0.0,0.0,0.0,0.0
2025-12-09T15:52:25.286484,1765295545.2864835,0.0,0.0,0.0,0.0,5.9957535995636135e-05,0.00020178889099042863,0.0003052705433219671,0.0003391746140550822,0.0002068692701868713,0.0,0.0,0.0,0.0,0.0,0.00010605235729599372,0.0003509904199745506,0.00033563622855581343,0.000232467325986363,0.000302069733152166,0.0007429527468048036,0.0015797504456713796,0.002614343538880348,0.0037049453239887953,0.004728281404823065,0.005462714470922947,0.0057615251280367374,0.005535868927836418,0.004966383334249258,0.004153512883931398,0.003174484707415104,0.0021113192196935415,0.0011904702987521887,0.000761473027523607,0.0006542112678289413,0.0007268258486874402,0.0008270109537988901,0.0006846390897408128,0.00052225636318326,0.00021509165526367724,0.0,0.0,0.0,0.0,0.00031075553852133453,0.00062159652588889,0.0008380771614611149,0.000880133593454957,0.0006085133645683527,0.00015518431609962136,0.0,0.0,0.0,0.0,0.000153197324834764,0.000337367644533515,0.0005041253170929849,0.0005092089413665235,0.00034740110277198255,0.0002608615322969854,0.00019325260655023158,0.00020387132826726884,0.00022503876243717968,0.0003292894398327917,0.0003150124684907496,0.0003599401970859617,0.0003307392180431634,0.0002645033528096974,0.00014048890443518758,6.314459460554644e-05,0.0,0.0,0.0,0.0,0.00020450973534025252,0.00027657413738779724,0.00039703361107967794,0.0006475314730778337,0.0007460277993232012,0.00039572513196617365,8.067864109762013e-05,0.0,0.0,0.0,0.0,0.0,0.0,3.9126720366766676e-05,0.00018207644461654127,0.00019364648323971778,0.00026621835422702134,0.00027047930052503943,0.0001938014611368999,5.2679508371511474e-05,0.0,1.6854396562848706e-06,3.341397678013891e-05,0.00011194789840374142,0.00017190529615618289,0.0002062636340269819,0.0002208163496106863,0.00015745627752039582,5.332526416168548e-05,0.0,0.0,0.0,0.0,0.0,0.0,0.0,0.0,1.4540607480739709e-05,4.8998332204064354e-05,7.709030614932999e-05,0.00015154341235756874,0.00022718979744240642,0.00027546746423467994,0.00024697615299373865,0.0002531815553084016,0.00028037308948114514,0.0003039823204744607,0.00025364317116327584,0.00013106747064739466,0.0,0.0,0.0,0.0,0.0,0.0,0.0,0.0,0.0,0.0,0.0,0.0,0.0
2025-12-09T15:52:26.954069,1765295546.9540687,0.0,0.0,0.0,0.0,0.0,0.0,0.00012031719961669296,0.00033594024716876447,0.00046142275095917284,0.0004071631992701441,9.951354149961844e-05,0.0,0.0,0.0,0.0,0.0,0.0,0.0001651521015446633,0.0005793338641524315,0.0010967521229758859,0.0017335722222924232,0.002540539251640439,0.0035518419463187456,0.004647023975849152,0.00551672512665391,0.005936119705438614,0.005811549257487059,0.005274737253785133,0.004398316144943237,0.0033106484916061163,0.0021812899503856897,0.0012483969330787659,0.0006699481746181846,0.00043266749707981944,0.0003596890310291201,0.000494050735142082,0.0006493210094049573,0.0005430925521068275,0.0003481938038021326,6.864989700261503e-05,0.0,0.0,0.0,9.29222151171416e-05,0.0003844791208393872,0.0005702075432054698,0.000599475170020014,0.0004330773954279721,0.0001920314389280975,4.7046010877238587e-05,0.0,0.0,0.0,0.0,0.0,0.0,3.415431274333969e-05,0.0001083987663150765,0.00015502487076446414,0.00030937956762500107,0.0004278706037439406,0.0005951980128884315,0.0006642427179031074,0.0006444370374083519,0.0005233017145656049,0.00022251781774684787,1.3828501323587261e-05,0.0,0.0,0.0,2.852221996363369e-06,0.0,0.0,0.0,0.0,8.098125545075163e-05,0.00010664436558727175,4.8336441977880895e-05,0.0,0.0,0.0,0.0,0.00018520031881053,0.0001802617043722421,5.097226312500425e-05,0.0,0.0,0.0,0.00015200863708741963,0.00041993273771367967,0.0006384601001627743,0.0007531986921094358,0.0007369982195086777,0.0006765772122889757,0.0005432516918517649,0.00043913122499361634,0.00026794662699103355,6.007737829349935e-05,0.0,0.0,0.0,0.0,0.0,0.0,0.0,0.0,0.0,0.0,0.0,0.0,0.0,2.4024145659495844e-06,0.00011291129339952022,0.00023840577341616154,0.0003473048855084926,0.00040881632594391704,0.0004061381914652884,0.0003442886518314481,0.00023222339223138988,9.976796718547121e-05,0.0,0.0,0.0,0.0,0.0,0.0,5.998778942739591e-05,0.00010665875015547499,0.0001326422207057476,0.00011267392983427271,0.0001027794205583632,3.420303255552426e-05,0.0,0.0,0.0
2025-12-09T15:52:28.621947,1765295548.6219468,0.0009461818262934685,0.0007742338348180056,0.0005954820080660284,0.0003934323030989617,0.0001933054008986801,0.0,0.0,0.0,0.0,0.0,0.00011059420648962259,0.00029309315141290426,0.0004642290878109634,0.0005131670041009784,0.0005143770831637084,0.0004708624037448317,0.00042922355351038277,0.000368681998224929,0.00033592700492590666,0.0004924032255075872,0.0009505811613053083,0.001803362276405096,0.0029547936283051968,0.0042036655358970165,0.0052324095740914345,0.005737061146646738,0.00566486781463027,0.00511774979531765,0.00437787314876914,0.0035444041714072227,0.0026460199151188135,0.0017552211647853255,0.0010113522876054049,0.0005401632515713573,0.00036243212525732815,0.0003763095592148602,0.00043518361053429544,0.0006560750189237297,0.0005607232451438904,0.0002283083158545196,0.0,0.0,0.0,0.0,6.496405694633722e-05,0.000423310324549675,0.0006357838865369558,0.0006986053776927292,0.0006200809730216861,0.00037084578070789576,2.4047281840466894e-05,0.0,0.0,0.0,0.0,0.0,0.0,0.00043276383075863123,0.0009787047747522593,0.0012974083656445146,0.0013060116907581687,0.0011544732842594385,0.0006577901658602059,0.0001782339095370844,0.0,0.0,0.0,0.0,0.0,0.0,5.715681254514493e-05,0.0006540662725456059,0.001245669787749648,0.0015412387438118458,0.0014882421819493175,0.0010296708205714822,0.0004776098649017513,0.0,0.0,0.0,0.0,0.0,0.0,0.0,0.0,8.87956703081727e-05,0.00016226024308707565,0.00031685992144048214,0.0006154978182166815,0.0007802316104061902,0.0008911433396860957,0.0008965341257862747,0.0007671653293073177,0.0005802511586807668,0.000286096561467275,0.0,0.0,0.0,0.0,0.0,0.0,0.0,0.0,0.0,0.0,0.0,0.0,0.0001218172037624754,0.0003339866525493562,0.0004901816137135029,0.0005782465450465679,0.0005976945394650102,0.0005546005559153855,0.00044813883141614497,0.00027486588805913925,8.936663653003052e-05,0.0,0.0,0.0,0.0,0.0,0.0,0.0,8.428036380792037e-05,0.00016882830823305994,0.00022742526198271662,0.00027346666320227087,0.0003056847781408578,0.00035659282002598047,0.00042998907156288624,0.00046125383232720196,0.0004983947146683931,0.00043838724377565086,0.0004234874213580042,0.0003621430660132319
2025-12-09T15:52:30.289276,1765295550.2892764,0.0014578691916540265,0.0011967458995059133,0.0010437883902341127,0.000979962875135243,0.000922905164770782,0.0008859717636369169,0.0009956619469448924,0.0011332848807796836,0.0011408490827307105,0.0009347254526801407,0.0004587976436596364,0.0,0.0,0.0,0.0,3.986998308391776e-06,0.00034814164973795414,0.00048345004324801266,0.0006610201671719551,0.0009920354932546616,0.0015669498825445771,0.0023724082857370377,0.0033671928104013205,0.00442409748211503,0.005274609662592411,0.005717130843549967,0.005566117819398642,0.004966639913618565,0.00404492998495698,0.0030115891713649035,0.0020202368032187223,0.0011703665368258953,0.0005954865482635796,0.0002847817086149007,0.00018050739890895784,0.0003305473946966231,0.0005730882985517383,0.0007953171152621508,0.0007600314565934241,0.00043554516742005944,5.353706001187675e-05,0.0,0.0,0.0,0.0,0.0,0.00017858739010989666,0.0003548536042217165,0.00045738063636235893,0.0003736029320862144,0.0002434919006191194,0.00013357520219869912,0.0,0.0,0.0,0.0,0.0,0.0,0.0,4.6064207708695903e-05,0.00020963296992704272,0.0004755173868034035,0.0004977267817594111,0.0004586655995808542,0.00033549690851941705,0.00020640356524381787,4.156961585977115e-05,0.0,4.947185152559541e-05,0.00011849122529383749,8.648225775687024e-05,0.00011688824451994151,7.648814789718017e-05,0.0,0.0,0.0,0.0,0.0,0.0,0.0,0.0,0.0,7.286408072104678e-05,0.00027488122577778995,0.00042161071905866265,0.0005639191949740052,0.000529401411768049,0.0004076756304129958,0.00020294601563364267,4.1162526031257585e-05,0.0,0.0,0.0,0.0,0.0001058151392498985,0.00031738783582113683,0.0004223907890263945,0.0004944627289660275,0.00047507157432846725,0.00036441022530198097,0.00027103369939140975,0.00015302754763979465,2.8198681320645846e-05,0.0,0.0,0.0,0.0,0.0,0.0,0.0,0.0,0.0,0.0,0.0,0.0,0.0,0.0,0.0,5.603315003099851e-05,8.638374856673181e-05,4.360971070127562e-05,0.0,0.0,0.0,0.0,0.0,0.0,0.0,0.0,9.13550247787498e-05,0.00024847916211001575,0.0002959450357593596,0.00037303459248505533,0.0004712217196356505,0.0005582310259342194
2025-12-09T15:52:31.955765,1765295551.9557648,0.00012235662143211812,9.368685277877375e-05,6.695119373034686e-05,7.193081728473771e-06,0.0,0.0,0.0,0.0,0.0,0.0,6.739146920153871e-05,5.8789271861314774e-05,5.2590654377127066e-05,4.063885717187077e-05,1.0921870853053406e-05,2.706451778067276e-05,0.00010203931014984846,0.000287149305222556,0.0004593689227476716,0.0006218121852725744,0.0009593596332706511,0.0016561003867536783,0.0027503271121531725,0.004018448758870363,0.005082367919385433,0.0055803158320486546,0.005429389420896769,0.004916775971651077,0.00436808867380023,0.0038300477899610996,0.003159154439345002,0.002373171504586935,0.0014273965498432517,0.0006467069033533335,0.00015448340855073184,7.202211236290168e-06,8.140479621943086e-05,0.00023512756160926074,0.00040001471643336117,0.0004403828934300691,0.0005396605120040476,0.0005040481337346137,0.00010188333544647321,0.0,0.0,0.0,0.0,0.0,0.00013506202958524227,0.0005717967287637293,0.0006865920149721205,0.0004883291549049318,0.00012342295667622238,0.0,0.0,0.0,1.3338531061890535e-05,0.0002158117713406682,0.00033117245766334236,0.0004296588886063546,0.0005009320448152721,0.0005456260405480862,0.0005860936944372952,0.0005147164920344949,0.00045339911594055593,0.0002611424133647233,0.00020301100448705256,9.333262278232723e-05,0.0,0.0,0.0,0.0,0.0,0.0,0.0,0.0,0.0,0.0,0.00011632181121967733,0.00038883357774466276,0.0006722394027747214,0.0007452394929714501,0.0006233828607946634,0.00027258560294285417,0.0,0.0,0.0,0.0,0.0,0.0,0.0004956065095029771,0.0008188640349544585,0.0008344697998836637,0.0006697180797345936,0.00042846263386309147,0.00021125223429407924,1.541347592137754e-05,0.0,0.00010652509809006006,0.0002594329707790166,0.00041834902367554605,0.000443440891103819,0.0003228365385439247,0.00011314601579215378,0.0,0.0,0.0,0.0,0.0,0.0,0.0,7.556263153674081e-05,0.00015259349311236292,0.00021940888836979866,0.00019877258455380797,4.310513395466842e-05,0.0,0.0,0.0,0.0,0.0,0.0,0.0,0.0,0.0,5.640976451104507e-05,0.0001733007957227528,0.0002586480404715985,0.00029519014060497284,0.00017529776960145682,0.00010749797365861014,0.0,0.0,0.0,0.0
2025-12-09T15:52:33.622555,1765295553.6225545,0.0,4.625269866664894e-06,0.0001586020807735622,0.00031006726203486323,0.0004413806600496173,0.0005451535107567906,0.00041249673813581467,0.00016498386685270816,0.0,0.0,0.0,0.0,0.00019208552839700133,0.000385239371098578,0.0003319191455375403,0.00017968961037695408,0.0001700567954685539,0.00045380883966572583,0.0009435129468329251,0.0014149313792586327,0.0019127362174913287,0.0025901515036821365,0.003551207482814789,0.00461246632039547,0.005358434747904539,0.005506045185029507,0.0051247552037239075,0.004562671761959791,0.00406850827857852,0.0036089394707232714,0.0030679311603307724,0.002449304796755314,0.0018011900829151273,0.0011949166655540466,0.0006331886979751289,0.0004253373481333256,0.0005296625313349068,0.0004691249050665647,0.0004352498217485845,0.0003350292390678078,3.938351073884405e-05,0.0,0.0,0.0,0.0,0.00018867845938075334,0.0005974238156341016,0.0008382652886211872,0.0009562335908412933,0.0007784279296174645,0.00023565437004435807,0.0,0.0,0.0,0.0,0.0,0.0,0.000633096438832581,0.001065709162503481,0.001195445191115141,0.0010824940400198102,0.0007388464291580021,7.697164983255789e-05,0.0,0.0,0.0,0.0,3.4298507671337575e-05,0.0004420570330694318,0.0008437004289589822,0.0010513535235077143,0.0007504922687076032,0.00026305110077373683,0.0,0.0,0.0,0.0,0.0,0.0,4.8474503273610026e-05,4.408817767398432e-05,0.00014922137779649347,0.0005132234655320644,0.0005077389650978148,0.00044740884914062917,0.00030197110027074814,0.0003463952452875674,0.00021162728080525994,0.000260886357864365,0.00016689994663465768,4.809546226169914e-05,0.0,0.0,0.0,0.0,0.0,0.0,0.0,0.0,0.0,0.0,0.00013906076492276043,0.0002995124668814242,0.00034816120751202106,0.0003736056387424469,0.00037981633795425296,0.0003781947598326951,0.00035658679553307593,0.00028985063545405865,0.00019417006114963442,0.00010656343511072919,5.779734783573076e-05,5.1819588406942785e-06,0.0,0.0,0.0,0.0,0.0,0.0,0.0,0.0,0.0,0.0,0.0,0.0,0.0,0.0,0.0,0.0,0.0,0.0,0.0,0.0,0.0,0.0
2025-12-09T15:52:35.289423,1765295555.2894228,0.0,0.0,0.0,0.0,0.0,7.070156425470486e-05,0.0001869785482995212,0.0002419551892671734,0.00017792025755625218,5.009504820918664e-05,0.0,0.0,5.706915908376686e-05,0.00010570349695626646,0.00010901322093559429,8.017113577807322e-05,9.234911703970283e-05,0.0001364178751828149,0.00029504159465432167,0.0006296421634033322,0.0012051898520439863,0.0020397354383021593,0.0031027814839035273,0.004272141959518194,0.0052648927085101604,0.005705326795578003,0.005446048453450203,0.004609566181898117,0.0036354367621243,0.002854718128219247,0.0023562477435916662,0.002058054320514202,0.0017590976785868406,0.0013592367758974433,0.0007850397960282862,0.00018184265354648232,0.0,0.0,0.0,0.0,0.00029670976800844073,0.0005902147968299687,0.0006408026674762368,0.0005314373411238194,0.00021851967903785408,0.0,0.0,0.0,0.0,9.74209833657369e-05,0.00038688129279762506,0.000527357857208699,0.00046309916069731116,0.00040880971937440336,0.0003950068785343319,0.0002952144423034042,9.3642964202445e-05,0.0,0.0,0.0,0.0,0.0,0.0,0.0,0.0001102297828765586,0.0003368818433955312,0.0007839166792109609,0.0009973805863410234,0.0009483615285716951,0.0007770539377816021,0.0005613759276457131,0.00020795439195353538,0.0,0.0,0.0,0.0,0.0,0.0,0.0,5.0221635319758207e-05,0.00012058496213285252,0.00032889112480916083,0.0004860610351897776,0.0004195059009362012,0.00019596057245507836,3.7115701161383186e-06,0.0,0.0,0.0,0.0,0.0,0.0003950847312808037,0.0007296832045540214,0.0009520266903564334,0.0009340858669020236,0.0007679219706915319,0.00046503133489750326,0.0002205533382948488,6.258513167267665e-05,0.0,3.8175630834302865e-06,1.5047759234221303e-06,0.0,0.0,0.0,0.0,0.0,0.0,0.0,0.0,0.0,0.0,0.0,0.0,0.0,0.0,0.0,0.0,0.0,7.167586591094732e-05,0.00013464402582030743,0.0001856754970503971,0.0002289383119205013,0.0002886221627704799,0.0003264896513428539,0.0003259185468778014,0.00034047625376842916,0.00037548659020103514,0.0004017117025796324,0.00041979143861681223,0.0004490737337619066,0.0005286859232001007,0.00047070931759662926,0.0004399594909045845,0.0003904507611878216
2025-12-09T15:52:36.956249,1765295556.9562488,0.0013888977700844407,0.0010172418551519513,0.0007364334887824953,0.0004737416747957468,0.00017573879449628294,5.48120224266313e-05,0.0001541976525913924,0.000366860069334507,0.0005510082119144499,0.0005769144045189023,0.00046071415999904275,0.0002416148199699819,3.2295451092068106e-05,5.8590590924723074e-05,0.00023199280258268118,0.00037219785735942423,0.00029347112285904586,0.00019563424575608224,0.00030298493220470846,0.0007302786107175052,0.0014084549620747566,0.0022325313184410334,0.0031933824066072702,0.004232345148921013,0.005108631681650877,0.005595626775175333,0.005623944103717804,0.005259967874735594,0.004554518032819033,0.0036098212003707886,0.0025676253717392683,0.0016881634946912527,0.000994970090687275,0.00041761453030630946,0.0,0.0,5.430356759461574e-05,0.0004300473374314606,0.0007328005158342421,0.000784553587436676,0.0005278234602883458,7.858220487833023e-05,0.0,0.0,0.0,0.0,8.444405102636665e-05,0.0006472380482591689,0.0009349664906039834,0.0009090469102375209,0.0006079121958464384,0.00012905379117000848,0.0,0.0,0.0,0.0,0.0,3.752453631022945e-05,0.0003676238702610135,0.0005938715767115355,0.0007862015627324581,0.0009126622462645173,0.000924648717045784,0.0009523926419205964,0.0009400397539138794,0.0007379860617220402,0.0004793351690750569,0.00010660482075763866,0.0,0.0,0.0,0.0,0.0,0.0,0.0,0.00048417862853966653,0.0011248313821852207,0.0014786266256123781,0.0013253837823867798,0.0011813839664682746,0.00021370139438658953,0.0,0.0,0.0,0.0,0.0,0.0,0.0,0.0,0.0,9.814709483180195e-05,0.00036466968595050275,0.0005978602566756308,0.0006643618689849973,0.0005676454748027027,0.0003428226918913424,7.651566556887701e-05,0.0,0.0,0.0,0.0,0.0,0.0,0.0,0.0,0.0,0.0,0.0,3.6513578379526734e-05,0.0002209362864959985,0.0004298714629840106,0.0006106960354372859,0.0006994290160946548,0.0007020107004791498,0.0006208535050973296,0.00046796805690973997,0.0002341710787732154,5.290794433676638e-05,0.0,0.0,6.075222336221486e-05,0.00016426514775957912,0.00021114893024787307,0.0002677214506547898,0.0003467043861746788,0.0003831051872111857,0.00041544504347257316,0.0003820516576524824,0.00030053750379011035,0.00021009733609389514,8.125151362037286e-05,4.981856181984767e-05,0.0,0.0,0.0
2025-12-09T15:52:38.623157,1765295558.6231568,0.001051593222655356,0.0008028182783164084,0.0005620600422844291,0.00031293751089833677,3.2891894079511985e-05,0.0,0.0,0.0,0.0,0.0,0.0,0.0,2.1637510144500993e-05,0.00030395423527807,0.0006376184173859656,0.000767773948609829,0.0005753341829404235,0.00019153833272866905,4.0350576455239207e-05,0.00034304839209653437,0.0010568143334239721,0.0020487753208726645,0.0031535690650343895,0.004212438128888607,0.005006162915378809,0.005350237712264061,0.005160241853445768,0.004542814567685127,0.003674233565106988,0.002793783787637949,0.0020791711285710335,0.0016394766280427575,0.0014182316372171044,0.0011534806108102202,0.0007264238083735108,0.00028564376407302916,0.0,0.0,0.0,0.0,0.0,0.00012894897372461855,0.0002713153953664005,0.00017184267926495522,2.4521550585632212e-05,0.0,0.0,0.0,0.0,0.0,0.00015474380052182823,0.0004011786950286478,0.0005128557677380741,0.0006330616306513548,0.0007530094007961452,0.0008620666922070086,0.0009134741267189384,0.0008989321650005877,0.0007517322665080428,0.0004510963917709887,0.00015324198466259986,0.0,0.0,0.0,0.0,0.0,0.0,0.0003624556993599981,0.0007919391500763595,0.0011030046734958887,0.0009658285998739302,0.0006614574231207371,0.0002064222062472254,0.0,0.0,0.0,0.0,0.0,0.0,0.0,0.0,0.0,0.0,1.1421455383242574e-05,0.00042669623508118093,0.0007954142638482153,0.0009664308745414019,0.0008462226833216846,0.000373939226847142,0.0,0.0,0.0,0.0,0.0,0.0,0.00018078580615110695,0.00029704716871492565,0.0003005132602993399,0.00025343598099425435,0.00012301387323532254,0.00020978422253392637,0.00032444720272906125,0.0005187029601074755,0.0007368420483544469,0.000857816485222429,0.0008443684782832861,0.0006772034685127437,0.00040443643229082227,3.452529927017167e-05,0.0,0.0,0.0,0.0,0.0,0.0,0.0,0.0,3.3593725675018504e-05,0.0002570986107457429,0.0004299888387322426,0.0005602638120763004,0.000598226091824472,0.0005625241319648921,0.0005249158712103963,0.00048143105232156813,0.00040240283124148846,0.0002779612550511956,0.00014745225780643523,3.761553671211004e-05,0.0,0.0,0.0,0.0,0.0,0.0
2025-12-09T15:52:40.290971,1765295560.2909708,0.001245893188752234,0.000985506339929998,0.0007762934546917677,0.0006343840504996479,0.0004914330784231424,0.0002698290627449751,3.491620009299368e-05,0.0,0.0,0.0,0.0,0.0,0.00015160978364292532,0.00027206254890188575,0.00039161660242825747,0.000386425614124164,0.00018410079064778984,0.0,0.0,0.0003166428941767663,0.0009331422043032944,0.0016041130293160677,0.0022406461648643017,0.00287626963108778,0.003521211678162217,0.004025082103908062,0.004185850732028484,0.003922209143638611,0.003290068358182907,0.00246778829023242,0.0016208143206313252,0.0009111544932238758,0.00044756935676559806,0.00031454721465706825,0.00031173299066722393,0.0003319200477562845,0.00039249370456673205,0.000338116311468184,0.00015912637172732502,0.0,0.0,0.00011888420704053715,0.0004666169988922775,0.0007956931367516518,0.0009578638710081577,0.0008661895408295095,0.0006942159961909056,0.00031799788121134043,0.0,0.0,0.0,0.0003887165221385658,0.0012327851727604866,0.002203197218477726,0.0031365370377898216,0.003794330172240734,0.004178750794380903,0.00417648209258914,0.003915699198842049,0.0034821229055523872,0.002888214075937867,0.002341032261028886,0.001977735199034214,0.001610650448128581,0.0012627444230020046,0.0008018320659175515,0.0004592512268573046,0.00023476153728552163,9.66848383541219e-05,3.063497933908366e-05,4.121527308598161e-05,0.0,0.0,0.0,0.0,0.0,0.0001320796727668494,0.00044727540807798505,0.0004333535907790065,0.00032622439903207123,0.00014789840497542173,0.0,0.0,0.0,0.0,6.823342118877918e-05,0.00020127702737227082,0.00015072898531798273,7.721467409282923e-05,0.0,0.0,0.0,0.00014899425150360912,0.00038292285171337426,0.00047362371697090566,0.0005131537327542901,0.0003729127056431025,0.00019824710034299642,1.6662765119690448e-05,0.0,0.0,0.0,0.0,0.0,0.0,0.0,0.0,0.0,0.0,0.0,0.0,7.885765080573037e-05,0.00013622795813716948,0.00010656842641765252,4.670763519243337e-05,0.0,0.0,0.0,0.0,0.0,0.0,0.0,7.320586155401543e-05,0.00015346430882345885,0.0001553109905216843,0.00013530772412195802,0.00014390720752999187,0.0001681469875620678,0.00016809521184768528,0.00018970078963320702,0.00019788516510743648,0.00017713358101900667,0.0001375931315124035,9.103537740884349e-05,4.6326280426001176e-05
2025-12-09T15:52:41.958800,1765295561.9588003,0.0006539789028465748,0.0004931123112328351,0.0003314212372060865,0.0001910375722218305,3.564623693819158e-05,0.0,0.0,0.0,0.0,0.000109347645775415,0.0003543304046615958,0.0005547796026803553,0.0006624486413784325,0.0006047521601431072,0.0005141550209373236,0.00036527629708871245,0.00020094451610930264,1.3886784472560976e-05,0.0,0.00022599930525757372,0.0006476143607869744,0.0012061652960255742,0.001953438390046358,0.002922293497249484,0.003911134321242571,0.004485709127038717,0.004334709141403437,0.0036393054760992527,0.002867786679416895,0.0023572766222059727,0.0021425122395157814,0.0021567658986896276,0.0021437148097902536,0.0018846921157091856,0.0013273453805595636,0.0005317810573615134,0.0,0.0,0.0,0.00025462330086156726,0.0003975164145231247,0.0006171417189761996,0.0005699378089047968,0.000249872769927606,0.0,0.0,0.0,0.0,0.0,0.00039454791112802923,0.0009612741996534169,0.0015753788175061345,0.0020359568297863007,0.0024097072891891003,0.002726137638092041,0.0029839160852134228,0.0033684694208204746,0.003719588043168187,0.003704666392877698,0.003290581749752164,0.002860844135284424,0.0026251007802784443,0.002285304479300976,0.0020082758273929358,0.0016700885025784373,0.0011361162178218365,0.0005852488102391362,6.593540092580952e-06,0.0,0.0,0.0,0.0,0.0,0.0,0.00015686498954892159,0.0007393507403321564,0.0013167430879548192,0.0014227391220629215,0.0011865416308864951,0.0005745832459069788,5.493946810020134e-05,0.0,0.0,0.0,8.61747030285187e-05,0.0,0.0,0.0,0.0,0.0,0.0,0.0,0.000321141560561955,0.0009073091787286103,0.0012385216541588306,0.0012226292164996266,0.0009743247646838427,0.0005732089630328119,0.00013783456233795732,0.0,0.0,0.0,0.0,0.0,0.0,0.0,0.0,0.0,0.0,0.0,0.0,3.273872789577581e-05,0.00012531440006569028,0.0001731676165945828,0.0001888991246232763,0.0002034194621955976,0.00013768959615845233,0.0,0.0,0.0,0.0,0.0,0.0,0.0,0.0,0.0,0.0,3.8064849832153413e-06,0.00011629330401774496,0.0002271774283144623,0.00027045939350500703,0.00025997727061621845,0.00019897581660188735,9.432029037270695e-05,0.0
2025-12-09T15:52:43.627861,1765295563.6278613,0.0,0.0,0.0,0.0,0.0,0.0,0.0,6.836554530309513e-05,0.000259717577137053,0.00034917783341370523,0.0002802408125717193,0.00016535894246771932,6.3977153331507e-05,0.0,0.0,0.0,0.0,2.0246523490641266e-05,0.00040473061380907893,0.0007573323673568666,0.0010883932700380683,0.0015022435691207647,0.0020968164317309856,0.0028563241939991713,0.0035982285626232624,0.004041615407913923,0.004085835535079241,0.003864662256091833,0.0035089445300400257,0.003007656428962946,0.002357552293688059,0.001582337194122374,0.0009225812391377985,0.0005063176504336298,0.00024101116287056357,0.0002275184087920934,0.0004463798541110009,0.0005172127275727689,0.00033677584724500775,0.00014100399857852608,1.3341569683689158e-05,9.914356633089483e-05,0.0002550481294747442,0.00040400621946901083,0.00045126077020540833,0.0004902099608443677,0.0005301570054143667,0.0004736904229503125,0.000314352655550465,0.0003124000213574618,0.000605646288022399,0.0011409897124394774,0.0018181833438575268,0.002442258410155773,0.0030222036875784397,0.0035863020457327366,0.004156585317105055,0.0045640128664672375,0.004559069871902466,0.004034268669784069,0.003126558382064104,0.0021018993575125933,0.0011895877541974187,0.0006015262915752828,0.00031653870246373117,0.0002191819658037275,0.00030550407245755196,0.0003974460414610803,0.0004673281218856573,0.00041388339013792574,0.00032553690834902227,0.00011929191532544792,0.0,0.0,0.0,0.0,0.0,0.0,0.0,0.00031592659070156515,0.0005380880320444703,0.0006926161586306989,0.0008407715358771384,0.0005196897545829415,0.00010429570829728618,0.0,0.0,0.0,0.0,0.0,0.0,8.35492173791863e-05,0.00012945783964823931,0.00014683981135021895,0.00010565989941824228,0.00010198234667768702,9.555654105497524e-05,0.0001293377863476053,0.00018564480706118047,0.00032437380286864936,0.0003091795078944415,0.00030671877902932465,0.00029753282433375716,0.00018542000907473266,3.0245086236391217e-05,0.0,0.0,0.0,0.0,0.0,7.490908319596201e-05,0.0002609656366985291,0.00038297378341667354,0.0004309298237785697,0.0004100168589502573,0.0002966162865050137,0.00016083016816992313,0.0,0.0,0.0,0.0,0.0,0.0,0.0,0.0,0.0,0.0,0.0,0.0,0.0,0.0,0.0,0.0,0.0,0.0
2025-12-09T15:52:45.295303,1765295565.2953033,0.0,0.0,0.0,0.0,0.0,0.0,0.0,0.0,0.0,0.0,0.0,0.00017698598094284534,0.0004932322190143168,0.0005698331515304744,0.000399997690692544,0.00015184555377345532,0.0,0.0,0.0,0.00027188294916413724,0.0008445336134172976,0.0016711704665794969,0.002655675634741783,0.0035977135412395,0.004272347781807184,0.004546008072793484,0.004347591660916805,0.0038265520706772804,0.0031141627114266157,0.0023785801604390144,0.0018016657559201121,0.0014653850812464952,0.0014211491215974092,0.0014121918939054012,0.0012364606373012066,0.0008629842195659876,0.00046477364958263934,4.307945346226916e-05,0.0,7.076867768773809e-05,7.508059206884354e-05,0.0002553265367168933,0.0004371654649730772,0.00032158123212866485,0.00010216714144917205,0.0,7.298996206372976e-05,0.00033808284206315875,0.0006807566969655454,0.0009375534136779606,0.0011965915327891707,0.0015346576692536473,0.0018987032817676663,0.002304683206602931,0.002742309356108308,0.0031390113290399313,0.003604189958423376,0.004009587690234184,0.004100101534277201,0.0038046441040933132,0.003224474610760808,0.002540552755817771,0.0018655216554179788,0.0014672058168798685,0.0011969315819442272,0.000978244235739112,0.0007969566504471004,0.0005586296902038157,0.00022710936900693923,0.0,0.0,0.0,0.0,0.0,0.0,0.0,0.00017631288210395724,0.000597893784288317,0.0008474788628518581,0.0008042171830311418,0.0008388351416215301,0.000756403838749975,0.00041231082286685705,8.660805906401947e-05,0.0,0.0,0.0,0.0,0.0,0.0,0.00015384166908916086,0.0003455366531852633,0.0003130711556877941,0.00031843147007748485,0.00021354688215069473,0.0002806806587614119,0.0002584716130513698,0.00022257730597630143,0.00014594793901778758,0.0,0.0,0.0,0.0,0.0,1.211139988299692e-05,7.3601909207354765e-06,0.0,0.0,0.0,0.0,0.0,0.0,0.0,0.0,0.0,3.578972246032208e-05,0.0001920096983667463,0.00026901959790848196,0.00025584810646250844,0.00015064215403981507,2.563096677477006e-05,0.0,0.0,0.0,0.0,0.0,0.0,0.0,0.0,0.0,0.0,0.0,0.0,0.0,0.0
2025-12-09T15:52:46.962770,1765295566.9627702,0.00018042024748865515,0.00019232854538131505,0.00020133779617026448,0.0001816544245230034,9.16898061404936e-05,6.490507075795904e-05,4.0181992517318577e-05,8.674359560245648e-05,0.0001974145125132054,0.0003117080486845225,0.00034387820051051676,0.0001887939142761752,0.0,0.0,0.0,0.00021869357442483306,0.00032291095703840256,0.00032626400934532285,0.00038723929901607335,0.0006780741969123483,0.001211454626172781,0.0018548596417531371,0.0024959563743323088,0.0031038851011544466,0.0036419290117919445,0.004106560721993446,0.0043285139836370945,0.004242495633661747,0.003707622643560171,0.002764648525044322,0.0016369781224057078,0.0006484008044935763,0.00014403220848180354,0.00015115312999114394,0.0004402562917675823,0.00089320755796507,0.001188843627460301,0.001313928165473044,0.0011925994185730815,0.0007722467416897416,0.00023054327175486833,0.0,0.0,0.0,0.0,0.0002798117639031261,0.0006101759499870241,0.0006605081725865602,0.0006598017062060535,0.0005446539144031703,0.0003962459450121969,0.0004304308968130499,0.0007335423724725842,0.0013307816116139293,0.0022060414776206017,0.0031350068747997284,0.0038969970773905516,0.004299141466617584,0.004237011075019836,0.0038545066490769386,0.0032161227427423,0.002599811414256692,0.0019359845900908113,0.001401990302838385,0.0009134154533967376,0.0005299054901115596,0.0002149218344129622,3.458336504991166e-05,0.0,0.0,0.0,0.0,0.0,0.0,0.0,0.00024714635219424963,0.000342649407684803,0.000570349395275116,0.000621034880168736,0.0003982858906965703,0.0,0.0,0.0,0.0,0.0,1.5883670130278915e-05,9.250421135220677e-05,8.988786430563778e-05,0.00015596333832945675,0.0001440443011233583,0.00015611651178915054,0.0001681570429354906,0.0001724374742479995,0.00028157082851976156,0.0002710720000322908,0.00023775166482664645,0.00021288925199769437,0.0001318669383181259,3.244561594328843e-05,0.0,0.0,0.0,0.0,0.0,0.0,0.0,9.643612429499626e-05,0.00020358857000246644,0.0002550956851337105,0.0002621800231281668,0.00017836978076957166,2.413580659776926e-05,0.0,0.0,0.0,0.0,6.342893175315112e-05,0.0002284690272063017,0.00040591388824395835,0.0004812723200302571,0.0004060652572661638,0.00017267325893044472,0.0,0.0,0.0,0.0,0.0,0.0,0.0,0.0,7.763157918816432e-05,0.0002704970247577876,0.0004295163380447775,0.0005803989479318261,0.0007298028795048594
2025-12-09T15:52:48.630951,1765295568.6309507,0.00023611685901414603,0.00026416045147925615,0.00032531816395930946,0.0004173328052274883,0.000572783756069839,0.0005938428803347051,0.0005276090232655406,0.000415518821682781,0.00020645302720367908,2.073374344035983e-05,0.0,1.6914225852815434e-05,5.288826287142001e-05,6.320692045846954e-05,8.559559501009062e-05,0.00016198113735299557,0.00029706553323194385,0.00044995956704951823,0.0005967357428744435,0.0007931680302135646,0.0011292345589026809,0.0016942324582487345,0.0024896978866308928,0.003409268567338586,0.004228835925459862,0.00470404839143157,0.0046061319299042225,0.003980597481131554,0.003085864707827568,0.0022598281502723694,0.0016951782163232565,0.001429949072189629,0.0013091574655845761,0.001116123516112566,0.0008080736733973026,0.00041854032315313816,0.000164744837093167,8.875023013388272e-06,4.403099592309445e-05,0.00011582799925236031,0.00017739285249263048,0.00025859003653749824,0.00031957009923644364,0.00028733600629493594,0.0003989675606135279,0.0004951347364112735,0.0004948084242641926,0.0006165555096231401,0.0006773962522856891,0.0007554932963103056,0.0009273966425098479,0.001205872860737145,0.001625479431822896,0.0021866480819880962,0.0027190044056624174,0.003165910020470619,0.0035604299046099186,0.003697098232805729,0.0035969093441963196,0.00334271602332592,0.0029364682268351316,0.0025091138668358326,0.0018832918722182512,0.0014643092872574925,0.001282118959352374,0.001047234982252121,0.0008679294842295349,0.0005760754575021565,0.000307273818179965,7.106524572009221e-05,0.0,0.0,2.1237285181996413e-05,0.00023191800573840737,0.00035042769741266966,0.0004443438374437392,0.00033271629945375025,0.0002977262483909726,0.0001287093764403835,0.0,0.0,0.0,0.0,0.0,0.0,0.0,0.0,0.0,0.0,1.6126723494380713e-05,0.000254114595009014,0.0005447331932373345,0.000764225609600544,0.0007185867289081216,0.0005480130785144866,0.0002944796869996935,0.0,0.0,0.0,0.0,0.0,0.0,0.0,0.0,0.0,0.0,0.0,9.7984193416778e-05,0.00041896026232279837,0.0007519366918131709,0.0010418961755931377,0.001155210891738534,0.0010250040795654058,0.0007192434277385473,0.0003328318416606635,0.0,0.0,0.0,0.0,0.0,0.0,0.0,0.0,0.0,0.000183339390787296,0.0003854183596558869,0.0005163134192116559,0.0005415221094153821,0.0004743817262351513,0.0003742827975656837,0.00022228773741517216,7.81353228376247e-05,0.0,0.0,0.0
2025-12-09T15:52:50.297687,1765295570.297687,0.001142099848948419,0.0012283239047974348,0.0012419848935678601,0.0011775253806263208,0.0009633624576963484,0.0006693363538943231,0.00023923547996673733,0.0,0.0,0.0,0.0,0.0,0.0,1.0108954484167043e-05,0.0,0.0,0.0003195088356733322,0.0007896137540228665,0.0012561995536088943,0.0015037939883768559,0.001563736703246832,0.001528476714156568,0.0016493047587573528,0.0021418496035039425,0.0029994298238307238,0.0038741801399737597,0.004291740246117115,0.00395370414480567,0.0029692037496715784,0.0017784559167921543,0.0008211287204176188,0.00037884892662987113,0.0005066322046332061,0.0009488422656431794,0.0014128745533525944,0.0015685143880546093,0.0013882284983992577,0.0008492149645462632,0.000145941594382748,0.0,0.0,0.0,0.0,0.0001937605848070234,0.00045190719538368285,0.0005938183749094605,0.0006054580444470048,0.0004993667243979871,0.00046386464964598417,0.0004905631067231297,0.0005818906356580555,0.0006679113721475005,0.0009248569840565324,0.0015114103443920612,0.002266730647534132,0.0031867639627307653,0.003992921207100153,0.004590054973959923,0.004906039219349623,0.004747379571199417,0.004093804396688938,0.0031959947664290667,0.0019340019207447767,0.0008546413737349212,0.0,0.0,0.0,0.0,0.0,0.00035245410981588066,0.000708333624061197,0.0009381317649967968,0.0010490936692804098,0.0010638139210641384,0.00065459287725389,0.00027930355281569064,0.0,0.0,0.0,0.0,0.0,0.0,0.00015134786372072995,0.0005309542757458985,0.0007501967484131455,0.0008301485795527697,0.0006721314857713878,0.0006965700886212289,0.00060299999313429,0.00047760611050762236,0.0003970092802774161,0.00021130456298124045,0.0,0.0,0.0,0.0,0.0,0.0,0.0,0.0,0.0,0.0,5.624196637654677e-05,0.00018141376494895667,0.0003127057570964098,0.0003857064584735781,0.00041137394146062434,0.00036916727549396455,0.0002726522507146001,0.00018923204333987087,0.00011342688230797648,6.121759361121804e-05,5.837672506459057e-05,9.723460243549198e-05,0.00013635563664138317,0.00017563025176059455,0.00022479388280771673,0.0002514796215109527,0.00025212016771547496,0.0001712600642349571,1.2034339306410402e-05,0.0,0.0,0.0,0.0,5.141681685927324e-05,9.777845843927935e-05,0.0001433261641068384,0.00022969469137024134,0.0003044582554139197,0.00036110010114498436,0.0003416241961531341,0.0002790028811432421,0.00019567123672459275,0.0001365356583846733
2025-12-09T15:52:51.963983,1765295571.963983,0.0,0.0,0.0,0.0,0.00011251175601501018,0.000311584968585521,0.0002056463126791641,0.0,0.0,0.0,0.0,0.0,0.0,0.0,0.0,0.0,0.0,0.0,0.0004125364648643881,0.0008707055822014809,0.0013105039251968265,0.0017002744134515524,0.0021799535024911165,0.0029035345651209354,0.0037937751039862633,0.004521380178630352,0.004698081407696009,0.004231179598718882,0.0033325590193271637,0.002340295584872365,0.00149973900988698,0.0009423905285075307,0.0008481596014462411,0.0009046883787959814,0.0008007687283679843,0.0007877297466620803,0.0007194402860477567,0.0005124715971760452,0.0004522597591858357,0.0004775481065735221,0.00043124257354065776,0.00030243684886954725,0.00019127721316181123,4.1631126805441454e-05,0.0,6.555057916557416e-05,0.00032958612428046763,0.000491358689032495,0.0007028297404758632,0.0010228129103779793,0.0011324303923174739,0.0011822732631117105,0.001399400644004345,0.0016998130595311522,0.0021833679638803005,0.0028801453299820423,0.0036357890348881483,0.004133627284318209,0.004259263630956411,0.003896968439221382,0.0031681274995207787,0.002308863215148449,0.0017164323944598436,0.001293414505198598,0.0009467802592553198,0.0006485069170594215,0.0005323172081261873,0.00039673977880738676,0.00035464976099319756,0.0003590245614759624,0.00028502263012342155,1.5046112821437418e-05,0.0,0.0,0.0,0.0,0.0,0.0,0.0,0.0,0.0,0.0,3.977153392042965e-05,3.5980062875751173e-06,0.0,0.0,5.1526614697650075e-05,0.0003119528410024941,0.0005843495018780231,0.0006199016352184117,0.0005776914185844362,0.00045781972585245967,0.0002565986360423267,9.763082198332995e-05,0.0,0.0,0.0,0.0,0.0,0.0,0.0,0.0,0.0,0.0,0.0001930812286445871,0.0004051828873343766,0.0005910444306209683,0.0007078427588567138,0.0007091803709045053,0.0005622488097287714,0.000338081328663975,0.0001064687457983382,0.0,0.0,0.0,0.0,0.0,0.0,0.0,0.0,0.0,0.0,0.0,4.11367291235365e-05,0.00010120544175151736,0.00016016879817470908,0.00025545363314449787,0.00031191567541100085,0.00030149376834742725,0.00023638801940251142,0.00021743289835285395,0.0002401369420113042,0.00017977796960622072,0.0001659224071772769,0.00017475073400419205
2025-12-09T15:52:53.630656,1765295573.630656,0.0,0.0,0.0,0.0,0.0,0.0,5.3826934163225815e-05,0.0002691610134206712,0.00023076024081092328,1.8718157662078738e-05,0.0,0.0,6.379515980370343e-05,0.00018066485063172877,0.00018596347945276648,0.00018094743427354842,0.00027968856738880277,0.0004697389667853713,0.0005942450952716172,0.0005952808423899114,0.0006951543618924916,0.0011967960745096207,0.0022283499129116535,0.003601973643526435,0.004768415354192257,0.005238048732280731,0.004842516500502825,0.003867226652801037,0.0028425215277820826,0.002106808125972748,0.0017233459511771798,0.0016286057652905583,0.0016803710022941232,0.0015743715921416879,0.0011850354494526982,0.000619308149907738,2.1455842215800658e-05,0.0,0.0,0.0,0.00010037466563517228,0.00045395171036943793,0.0007121425005607307,0.0006820303970016539,0.0005924119614064693,0.0005322152865119278,0.00038116975338198245,0.00026396685279905796,0.00029143525171093643,0.0003735912614502013,0.00047877899487502873,0.0007977888453751802,0.0013026786036789417,0.0019874651916325092,0.002589718671515584,0.0031654038466513157,0.0036282557994127274,0.003945731092244387,0.004023108631372452,0.003796374425292015,0.003313724882900715,0.0027615963481366634,0.0021145069040358067,0.0016707562608644366,0.0013508842093870044,0.0009585702791810036,0.0006298170774243772,0.0002474400098435581,0.0,0.0,0.0,0.0,0.0,0.0,0.0,0.0001601497788215056,0.00033627438824623823,0.000333623553160578,0.00010455284063937142,0.0,0.0,0.0,6.359278631862253e-05,0.00024824016145430505,0.0003082389885094017,0.0002540659043006599,0.00017199163266923279,1.1416815368647804e-06,0.0,0.0,0.00014606032345909625,0.0003443945024628192,0.00048453666386194527,0.0005659116432070732,0.0005260159377939999,0.00041498677455820143,0.00024126678181346506,5.05771349708084e-05,0.0,0.0,0.0,0.0,0.0,0.0,5.774112287326716e-05,9.965721983462572e-05,6.050882439012639e-05,0.0,0.0,0.0,0.0,0.0,0.0,0.0,0.0,0.0,0.00019882524793501943,0.00032865279354155064,0.0003820577694568783,0.00034137722104787827,0.00025411913520656526,0.00015239686763379723,6.496485002571717e-05,0.0,0.0,0.0,0.0,0.0,0.0,0.0,0.0,0.0,0.0,0.0,0.0
2025-12-09T15:52:55.296914,1765295575.2969143,0.0,0.0,0.0,0.0,0.0,0.0,0.0,0.0,0.0,0.0,0.00013986622798256576,0.00034472986590117216,0.00041132033220492303,0.00030636574956588447,0.00022025889484211802,0.0002219723246525973,0.0003317823284305632,0.0005591310909949243,0.0008079114486463368,0.0009977648733183742,0.0011867699213325977,0.0014802407240495086,0.0019134379690513015,0.0025230315513908863,0.003210458904504776,0.00374899641610682,0.004001655615866184,0.003792781848460436,0.0032273437827825546,0.002494268352165818,0.0018810401670634747,0.0016062194481492043,0.0016645994037389755,0.0017398670315742493,0.0015851727221161127,0.0010767346248030663,0.0006179010379128158,0.00010356793063692749,0.0,0.0,0.0,0.00023480152594856918,0.0004239567497279495,0.00048720528138801455,0.0003953218401875347,0.00013144806143827736,0.0,0.0,0.0,0.00029822310898452997,0.0009485987247899175,0.0016465578228235245,0.002332668751478195,0.003076571738347411,0.0036877701058983803,0.004017829895019531,0.004169133957475424,0.004136053379625082,0.0038250454235821962,0.0031090942211449146,0.0023664238397032022,0.0015857556136325002,0.0011977370595559478,0.0009305131970904768,0.0010403817286714911,0.0011799826752394438,0.0012665960239246488,0.0011932889465242624,0.0009957571746781468,0.0005862079560756683,0.0,0.0,0.0,0.0,0.0,0.0,0.0,0.00015912104572635144,0.0002883755078073591,0.0004339612787589431,0.0008101330022327602,0.0006188962724991143,0.0005067085148766637,0.0002665542415343225,0.0001526287232991308,8.521392737748101e-05,0.00010038202162832022,4.4225733290659264e-05,0.0,0.0,0.0,0.0,0.0,0.0,0.0,0.0,0.00010268729965901002,0.00032563743297941983,0.0005001837271265686,0.000574797042645514,0.000651962123811245,0.0006370917544700205,0.0006053622928448021,0.0005314350128173828,0.00048327731201425195,0.0004005240916740149,0.0003030015795957297,0.00018956880376208574,2.173594657506328e-05,0.0,0.0,0.0,0.0,0.0,0.0,0.0,0.0,0.0,0.0,0.0,0.0,2.5877252483041957e-05,0.00012194193550385535,0.00017330814443994313,0.0002068560861516744,0.00022960518253967166,0.0002072771021630615,0.00012466746557038277,5.1079630793537945e-05,0.00010784450569190085,9.580388723406941e-05,0.00016924054943956435,0.00019312603399157524,0.00025042687775567174,0.0003020733129233122
2025-12-09T15:52:56.964979,1765295576.9649787,0.0006066737696528435,0.0005937342648394406,0.0005737667670473456,0.0005608639912679791,0.0005068373866379261,0.0004392581759020686,0.0003038450377061963,0.0001439908955944702,3.252100577810779e-05,0.0,1.504375904914923e-05,5.449365562526509e-05,9.380392293678597e-05,0.000162685799296014,0.00032965585705824196,0.0005362793453969061,0.0007024843944236636,0.0007311891531571746,0.0007030146080069244,0.0007141866371966898,0.0009443583549000323,0.0014848234131932259,0.0023379267659038305,0.003371369792148471,0.004230876918882132,0.004551418125629425,0.004236557986587286,0.003496723948046565,0.0027631153352558613,0.0022603480610996485,0.001932492945343256,0.001661966205574572,0.0012994454009458423,0.0008089218754321337,0.0003564032376743853,0.00017553719226270914,0.00026402564253658056,0.0005659402813762426,0.0008954289369285107,0.0011633009416982532,0.001251302077434957,0.0010247399332001805,0.0004461659991648048,0.0,0.0,0.0,0.0,6.528978701680899e-05,0.0006714790943078697,0.0012950982199981809,0.0017268831143155694,0.0018424394074827433,0.0018666005926206708,0.001965345349162817,0.00214214576408267,0.0025806971825659275,0.003094051731750369,0.003507531713694334,0.003835597075521946,0.003886490361765027,0.0035947132855653763,0.003062703413888812,0.002471810905262828,0.0018876832909882069,0.0013129039434716105,0.0008588730706833303,0.0003644901735242456,5.9339192375773564e-05,0.0,0.0,0.0,0.0,2.3909949959488586e-05,0.0,0.00015619168698322028,0.0,0.0,5.003304249839857e-05,0.00010590265446808189,5.762719229096547e-05,0.00016316086112055928,0.00024473192752338946,0.0,0.0,0.0,0.0,0.0,0.0,0.0,0.0005101716960780323,0.0009947740472853184,0.001265165046788752,0.0012945818016305566,0.0011609940556809306,0.0008345962851308286,0.0005788782727904618,0.00026979672838933766,2.6030895696749212e-06,0.0,0.0,0.0,0.0,0.0,0.0,0.0,0.0,1.8484689690012601e-06,0.00023957194935064763,0.00039230825495906174,0.0004891453427262604,0.0004927004920318723,0.0004313046229071915,0.0003280927485320717,0.00016074338054750115,1.2346139556029812e-05,0.0,9.097239512811939e-07,0.00010113356256624684,0.0002127928746631369,0.00028640482923947275,0.0003110230900347233,0.0002707035164348781,0.00024135109561029822,0.00024322028912138194,0.0002261774061480537,0.0001796712022041902,0.0001365803909720853,0.00010365308844484389,8.240475290222093e-05,0.00019024591892957687,0.00025892446865327656,0.00040529348189011216,0.0005032820627093315,0.0005842165555804968,0.0006463986355811357
2025-12-09T15:52:58.633966,1765295578.6339657,0.0,8.976690878625959e-05,0.00021622654458042234,0.000292511802399531,0.0003611033025663346,0.0003467942005954683,0.00019205189892090857,0.0,0.0,0.0,0.0,0.0,0.0,0.00020221990416757762,0.00034386178595013916,0.00036368827568367124,0.0002778336056508124,0.00022497194004245102,0.00033676784369163215,0.0006801990675739944,0.00119910784997046,0.0018390050390735269,0.0025328239426016808,0.0032112952321767807,0.0037403269670903683,0.003944057505577803,0.0037968598771840334,0.0034521196503192186,0.0031265774741768837,0.0028319803532212973,0.002448826329782605,0.001917095622047782,0.0013396431459113955,0.0008399911457672715,0.0005311892600730062,0.00047068289131857455,0.0006363886641338468,0.0006778677343390882,0.000629046990070492,0.0005016698851250112,0.00014547890168614686,0.0,7.915711466921493e-05,0.0002067397435894236,0.000257848238106817,0.0003807301982305944,0.0004976903437636793,0.0006615073652938008,0.0006286851712502539,0.0005770548013970256,0.0007405225187540054,0.0011066356673836708,0.0016815735725685954,0.00216466560959816,0.0025388472713530064,0.0029233729001134634,0.0034474795684218407,0.003961367532610893,0.004291941411793232,0.004177273716777563,0.0036647352389991283,0.002859368221834302,0.0018496447009965777,0.0009871326619759202,0.0003387027245480567,0.0,0.0,0.0,0.0,0.00028485816437751055,0.000566342263482511,0.0005161004373803735,0.0005000453093089163,0.0004690267669502646,0.0006958157173357904,0.0004722567100543529,0.0002709706895984709,1.1588706001930404e-05,0.0,0.0,0.0,0.0,0.0,0.0,0.0,0.0,0.0,0.00014860162627883255,0.00045422851690091193,0.0006342636188492179,0.0007268295739777386,0.0006782113923691213,0.0004473919980227947,0.00014179480785969645,0.0,0.0,0.0,0.0,0.0,0.0,0.0,0.00025437207659706473,0.0004374814161565155,0.0005550746573135257,0.0005579175194725394,0.0004902432556264102,0.00035384861985221505,0.00017731246771290898,2.8514776204247028e-05,0.0,0.0,2.0653407773352228e-05,4.022139546577819e-05,4.36943446402438e-05,5.0239963456988335e-05,5.881660763407126e-05,7.640647527296096e-05,4.818225352209993e-05,7.756945706205443e-06,0.0,4.623245695256628e-05,0.00011658581206575036,0.00020076430519111454,0.00025811060913838446,0.0003033328684978187,0.0003189191047567874,0.00028893054695799947,0.00019592810713220388,3.5444409149931744e-05,0.0,0.0,0.0,0.0,0.0,0.0
2025-12-09T15:53:00.300865,1765295580.3008647,0.00014219623699318618,0.0001121374880312942,7.726058538537472e-05,2.2767737391404808e-05,1.428525683877524e-05,0.0,0.0001951515005202964,0.00032623272272758186,0.00035561321419663727,0.00018641649512574077,0.0,0.0,0.0,0.0,0.0,0.0,0.0,5.5894535762490705e-05,0.00029777453164570034,0.0005364007083699107,0.0009108320809900761,0.0016161366365849972,0.002679439028725028,0.0038019558414816856,0.00457482784986496,0.0047233435325324535,0.00429870281368494,0.0036261107306927443,0.002967734355479479,0.002326332964003086,0.001553957350552082,0.0007063148077577353,0.00016048400721047074,2.108131957356818e-05,0.00025731316418386996,0.0008082883432507515,0.0011394228786230087,0.0011607537744566798,0.000806942698545754,0.00046767291496507823,8.669904491398484e-05,0.0,0.0,0.0,0.0001248199405381456,0.0004946957342326641,0.0007284731836989522,0.0007794966804794967,0.0009578996105119586,0.0010434023570269346,0.0008731613634154201,0.0006751153850927949,0.0007049177656881511,0.001167659997008741,0.0020720981992781162,0.003220498561859131,0.004265674389898777,0.004916633479297161,0.005149086471647024,0.004912574775516987,0.004148183390498161,0.00314757926389575,0.001962947426363826,0.0008469749591313303,0.0,0.0,0.0,0.0,0.0,0.0,0.0007765747723169625,0.001060844981111586,0.001094886101782322,0.0009178612963296473,0.0010042018257081509,0.0005421629757620394,0.0004803573538083583,0.0002556642284616828,0.00016887673700693995,0.0,0.0,0.0,0.0,0.0,0.0,0.0,0.0,0.0,0.000620009726844728,0.0010971430456265807,0.001347063109278679,0.0012553271371871233,0.0008356818580068648,0.0005729045951738954,7.089639984769747e-05,0.0,0.0,0.0,0.0,0.0,0.0,0.0,0.0,0.00013587834837380797,0.0002588228671811521,0.00029422034276649356,0.00027340484666638076,0.0002143910969607532,0.000174306143890135,0.00017668333020992577,0.0002725869417190552,0.0004646223096642643,0.0006080045131966472,0.0006726554129272699,0.0006691357120871544,0.00054356170585379,0.00045763974776491523,0.0003813323855865747,0.00016186287393793464,0.0,0.0,0.0,0.0,0.0,0.0,0.0,0.0,0.0,0.0,0.0,0.0,0.0,0.0,0.0,0.0
2025-12-09T15:53:01.966955,1765295581.9669552,0.0008378875791095197,0.0007347989594563842,0.0006150008412078023,0.0005122543661855161,0.00035812603891827166,7.960286893649027e-05,0.0,0.0,0.0,0.0,3.7128094845684245e-05,0.00028874236159026623,0.0005257546436041594,0.0007108094287104905,0.0007727238698862493,0.0006534283165819943,0.00044613523641601205,0.0002423243277007714,0.00021172063134144992,0.0003750204050447792,0.0007437608437612653,0.0013607096625491977,0.0022283026482909918,0.0032543314155191183,0.004130951128900051,0.004526426084339619,0.004371151328086853,0.0036904660519212484,0.00280735339038074,0.002045711502432823,0.0015399185940623283,0.0013237413950264454,0.0011982209980487823,0.0010233520297333598,0.0007510185823775828,0.0005599770229309797,0.0005475013749673963,0.0005225221975706518,0.00039450600161217153,0.0003238802601117641,0.00037703223642893136,0.000287627219222486,0.00012193709699204192,0.0001727345515973866,0.00035622817813418806,0.0005608106148429215,0.0006050074007362127,0.0005850037559866905,0.0006191144930198789,0.0007003927021287382,0.0008540058042854071,0.0010339345317333937,0.0013186116702854633,0.001831347239203751,0.002487525111064315,0.00328788417391479,0.003932683728635311,0.0042845262214541435,0.004357291851192713,0.004044312052428722,0.0033752780873328447,0.0026599476113915443,0.0018211428541690111,0.001050280872732401,0.0005109616904519498,1.854143920354545e-05,0.0,0.0,0.0,0.0,0.0,0.00011321603960823268,0.0002971791254822165,0.0003583201323635876,0.0004090435686521232,0.00042007584124803543,0.00030184839852154255,0.00012298402725718915,0.0,0.0,0.0,0.0,4.1262272134190425e-05,2.115406095981598e-05,8.762048310018145e-06,0.0,0.0001450931595172733,0.0003777919337153435,0.0004787962243426591,0.0005570869543589652,0.00047854508738964796,0.0003029863873962313,0.00014706459478475153,0.0,0.0,0.0,0.0,0.0,0.0,0.0,0.0,0.0,0.0,0.0,0.00024167538504116237,0.0004802435578312725,0.0006413284572772682,0.0007190585602074862,0.0006252239691093564,0.00038025446701794863,0.00010266280878568068,0.0,0.0,0.0,0.0,0.0,0.0,0.0,6.545272481162101e-05,6.232993473531678e-05,1.3188875527703203e-05,0.0,0.0,0.0,0.0,0.0,0.0,0.0,0.0,0.0,0.0,0.00013231989578343928,0.000123851204989478,0.00010874219879042357,8.081043779384345e-05
2025-12-09T15:53:03.633073,1765295583.6330726,0.00010806610225699842,0.00014979415573179722,0.0001281940349144861,5.348939885152504e-05,0.0,0.0,0.0,0.0,0.0,0.0,0.0,0.0,7.316118171729613e-06,0.00020553280774038285,0.0002427180588711053,0.00019686753512360156,0.00020326222875155509,0.00045077342656441033,0.0008519676048308611,0.0012058846186846495,0.0014193473616614938,0.0016260043485090137,0.0021076234988868237,0.0029434545431286097,0.0038918359205126762,0.004510718863457441,0.004444303922355175,0.0037063551135361195,0.0026503917761147022,0.0017575133824720979,0.0012556032743304968,0.0012078442377969623,0.001385513343848288,0.0014328985707834363,0.0012758317170664668,0.000917496916372329,0.0005699431640096009,0.0001548081054352224,0.0,0.0,1.4392979892363655e-06,0.000266800110694021,0.0006048684590496123,0.0008648656075820327,0.001059207716025412,0.0010520025389268994,0.0008580368594266474,0.0006267665885388851,0.00032740188180468976,0.00010210299660684541,0.0002572355733718723,0.0006592189893126488,0.001291124615818262,0.002046094974502921,0.0027200253680348396,0.0034363805316388607,0.00398782454431057,0.004187768790870905,0.004075390752404928,0.0035785026848316193,0.0029714505653828382,0.0023959148675203323,0.0016614100895822048,0.0012041667941957712,0.0009232318843714893,0.0005300859338603914,0.0005151410005055368,0.00046690437011420727,0.0005098258843645453,0.00041345221688970923,0.00029638552223332226,0.0,0.0,0.0,0.0,0.0,0.0,0.0,0.0,2.1047499103588052e-05,0.0,0.0,0.0,0.0,3.6902707506669685e-05,0.0002806518750730902,0.000746851903386414,0.0008721633348613977,0.0008812234154902399,0.0005620891461148858,0.0001879192714113742,0.0,0.0,0.0,0.0,0.0,2.7835423679789528e-05,0.0,0.0,0.0,0.0,0.0,0.0,0.0,0.0,9.857887198450044e-05,0.00026038920623250306,0.0004126359708607197,0.000536343373823911,0.0005436288192868233,0.00046812251093797386,0.0002984123711939901,0.00011168960918439552,0.0,0.0,0.0,0.0,0.0,0.0,0.0,7.815571007085964e-05,0.00020693501573987305,0.0003162669891025871,0.0003486847272142768,0.0003166495298501104,0.00024133654369506985,8.132674702210352e-05,0.0,0.0,0.0,0.0,2.360238977416884e-05,8.479776442982256e-05,0.00012870377395302057,0.00018403836293146014
2025-12-09T15:53:05.301245,1765295585.301245,0.0,0.00012974314449820668,0.00026394700398668647,0.0003796424134634435,0.0004844319773837924,0.0004861325433012098,0.00038860610220581293,0.00015131114923860878,0.0,0.0,0.0,0.0,0.0,0.00033052274375222623,0.00048412970500066876,0.0004145290295127779,0.0002624697226565331,0.0001705351023701951,0.0002703196951188147,0.0006134719005785882,0.001261978060938418,0.002106104278936982,0.002959797391667962,0.0036021675914525986,0.003943060524761677,0.004062844440340996,0.003981499932706356,0.0037694615311920643,0.003395488951355219,0.002821760019287467,0.0020179771818220615,0.0011356438044458628,0.000488720485009253,0.00020943472918588668,0.0004037522303406149,0.0007548908470198512,0.0010983645915985107,0.001110418583266437,0.0008218205766752362,0.0005211687530390918,9.306760330218822e-05,0.0,0.0,0.0,0.0001968834549188614,0.0004973536124452949,0.0006333514465950429,0.000631712086033076,0.000682580575812608,0.0005763844819739461,0.000491302227601409,0.0005583620513789356,0.0008510311017744243,0.0014102024724707007,0.0022986745461821556,0.003348859492689371,0.004337715916335583,0.0048757982440292835,0.005073735490441322,0.0047969878651201725,0.00404379703104496,0.0030720315407961607,0.001765578519552946,0.0007592194015160203,0.0,0.0,0.0,0.0,0.00011841032392112538,0.00038862082874402404,0.0005417884676717222,0.00038332256372086704,0.00029038148932158947,0.00020266513456590474,0.0002983788144774735,0.00016747340850997716,0.0,0.0,0.0,0.0,0.0,0.00013951143773738295,0.00014616957923863083,0.0,0.0,0.0,0.0,0.00041203005821444094,0.0011226964415982366,0.0014215606497600675,0.00141357840038836,0.0009923528414219618,0.0003483482578303665,0.0,0.0,0.0,0.0,0.0,0.0,0.0,0.0,0.0,0.0,0.0,3.237446799175814e-05,0.0001387216179864481,0.0002405770355835557,0.00031497853342443705,0.0003591211570892483,0.00033854731009341776,0.00024046155158430338,0.00012942112516611814,3.7326852179830894e-05,7.439343335136073e-06,6.652397860307246e-05,0.00015608831017743796,0.00027323627728037536,0.00043407760676927865,0.0005311316344887018,0.00049409712664783,0.00038155942456796765,0.00021380058024078608,6.705226405756548e-05,0.0,0.0,0.0,0.0,0.0,0.0,0.0,7.204417488537729e-05,1.7253141777473502e-05,0.0,0.0,0.0
2025-12-09T15:53:06.969352,1765295586.9693525,0.000567413866519928,0.0004313882964197546,0.0002952601935248822,0.00015757180517539382,0.0,0.0,0.0,0.0,4.90326747240033e-05,0.00024774938356131315,0.0004036020836792886,0.00045829254668205976,0.0004254592931829393,0.0002541681460570544,6.6396314650774e-05,0.0,1.0098644452227745e-05,0.0002600491570774466,0.0005961016286164522,0.0009089949307963252,0.0012488588690757751,0.001702283276244998,0.002375788753852248,0.00325783621519804,0.0041216653771698475,0.004642770159989595,0.004524490796029568,0.0038826765958219767,0.0030220183543860912,0.002206486649811268,0.001570650958456099,0.0012406782479956746,0.0011824530083686113,0.0011578549165278673,0.001093242783099413,0.0008396765333600342,0.0005988955963402987,0.0003806309832725674,0.00034411257365718484,0.0004954197211191058,0.000500093272421509,0.00047193726641125977,0.0002385006082477048,0.0,0.0,0.0,0.0,2.5129649657174014e-05,0.00037192946183495224,0.0006883703172206879,0.0010091291042044759,0.001296769711188972,0.001726489863358438,0.0021791763138026,0.002656811149790883,0.0032776733860373497,0.003850483801215887,0.0041603646241128445,0.004161665216088295,0.0036568292416632175,0.0027725733816623688,0.0018957821885123849,0.0012877286644652486,0.0009621098288334906,0.0007947962731122971,0.0006826887838542461,0.0006829550839029253,0.0007553132018074393,0.0008191748638637364,0.0005921533447690308,0.0002400751254754141,0.0,0.0,0.0,0.0,0.0,3.754306089831516e-05,0.00022850539244245738,0.0003325341094750911,0.0003186899411957711,0.00016619656526017934,0.00016186571156140417,0.00011286302469670773,0.00015211048594210297,0.0001917634072015062,0.00015524818445555866,3.686053605633788e-05,0.0,0.0,0.0,0.0,0.0,0.0,0.00020778499310836196,0.000465498014818877,0.0006106883520260453,0.0006337692611850798,0.0005654973210766912,0.00046770379412919283,0.0003586477832868695,0.0003061387105844915,0.00024744722759351134,0.00014958481187932193,0.00013890296395402402,0.00013628692249767482,0.00010468325490364805,4.215880835545249e-05,0.0,0.0,0.0,0.0,0.0,0.0,0.0,7.527744310209528e-05,0.00012322867405600846,0.00011163437739014626,9.156126907328144e-05,5.920148396398872e-05,3.541446403687587e-06,0.0,0.0,0.0,0.0,0.0,0.0,6.1245141296240035e-06,6.270910671446472e-05,7.297886622836813e-05,6.147244857857004e-05,5.472007251228206e-05,6.705833220621571e-05,0.0,0.0,0.0
2025-12-09T15:53:08.637128,1765295588.6371276,0.0012780629331246018,0.0008623229805380106,0.0005627435748465359,0.000305974914226681,0.00010672487405827269,3.8387788663385436e-05,0.00025141172227449715,0.0004796190478373319,0.0005971157806925476,0.00046483823098242283,0.00012978719314560294,0.0,0.0,0.0,0.0,0.00014527945313602686,0.0002382997772656381,0.00025844521587714553,0.0003606259706430137,0.0005970716010779142,0.0009348477469757199,0.001394017250277102,0.0021184084471315145,0.003127223113551736,0.004124793224036694,0.004676820710301399,0.004519293084740639,0.0037227580323815346,0.0026590670458972454,0.0017520771361887455,0.0011399436043575406,0.0008881782414391637,0.0008443574770353734,0.0007954055326990783,0.0007602880941703916,0.0007539471844211221,0.0008409162401221693,0.000762632698751986,0.0006378981051966548,0.00047366874059662223,0.00014041808026377112,0.0,0.0,0.0,0.0,0.0,0.00025480263866484165,0.000792690203525126,0.0012402115389704704,0.001459283521398902,0.001411830191500485,0.0012541727628558874,0.0012501056771725416,0.0014675143174827099,0.002024815883487463,0.0026816874742507935,0.003358241869136691,0.00386131857521832,0.004126319196075201,0.004019850865006447,0.003562169848009944,0.002926549641415477,0.002232914324849844,0.0017644810723140836,0.001311486936174333,0.000856211525388062,0.0003037809510715306,0.0,0.0,0.0,0.0,0.0,0.0,0.0,0.0003210121940355748,0.0007205166039057076,0.0007866945816203952,0.0008862453978508711,0.0006794235669076443,0.00046623501111753285,0.0,0.0,0.0,0.0,0.0,0.0,0.0,0.0001086577249225229,0.00019086140673607588,0.00024768695584498346,0.00025025205104611814,0.0002707862004172057,0.00027566769858822227,0.0002514721709303558,0.00023378872720059007,0.00021763439872302115,0.00014130870113149285,5.531016086024465e-06,0.0,0.0,0.0,0.0,0.0,0.0,0.0,3.2957905204966664e-05,7.76627566665411e-05,9.256268822355196e-05,4.994064147467725e-05,1.971911615328281e-06,0.0,0.0,0.0,0.0,0.0,0.0,3.0512404919136316e-05,8.564627933083102e-05,0.00013634454808197916,0.00016364555631298572,0.00016468991816509515,0.00010042817302746698,1.3102766388328746e-05,0.0,0.0,0.0,0.0,0.0,0.0,0.0,0.0,7.868336979299784e-05,0.00017275754362344742,0.0002769962011370808,0.0003433810779824853
2025-12-09T15:53:10.304971,1765295590.3049712,0.0005123780574649572,0.00028095467132516205,0.0001288368075620383,2.851169483619742e-05,0.0,0.0,0.0,0.0,0.00013607060827780515,0.0004329833318479359,0.000626340217422694,0.0005083836731500924,0.00026991014601662755,9.973008127417415e-05,0.0,0.0,0.0,0.0,0.00020071084145456553,0.0008235021377913654,0.001519949990324676,0.0021113911643624306,0.002546200528740883,0.0028669198509305716,0.0031351023353636265,0.0034061132464557886,0.003684260882437229,0.003849217901006341,0.0036839647218585014,0.0030991609673947096,0.0022578767966479063,0.0014110952615737915,0.0007211448391899467,0.00024717621272429824,3.4158718335675076e-05,0.00016016082372516394,0.0005049087922088802,0.0006660792860202491,0.0006879703141748905,0.0005043991259299219,0.00017014690092764795,0.0,0.0,0.0,0.0,0.00015307695139199495,0.0006973848212510347,0.0012504691258072853,0.0015104715712368488,0.0016011717962101102,0.0013277821708470583,0.0010612484766170382,0.001136691658757627,0.001530408626422286,0.002091779839247465,0.0028198857326060534,0.0036883829161524773,0.004366992507129908,0.004540806636214256,0.004156532697379589,0.0032824426889419556,0.002309877658262849,0.0015345371793955564,0.0010493132285773754,0.00073873286601156,0.00044558904482983053,0.00020513775234576315,6.679708167212084e-05,4.971552698407322e-05,8.20354835013859e-05,0.00012851960491389036,3.700396337080747e-05,0.0,0.0,0.0,0.00010212622146354988,0.00018118243315257132,0.0003898385039065033,0.0004322781751397997,0.00036063004517927766,8.257442823378369e-05,0.0,0.0,0.0,0.0,0.0,0.0,0.0,0.0,0.0,0.0,0.0,0.0002925643348135054,0.0005083929281681776,0.0005158555577509105,0.0003819619014393538,0.00015333792543970048,0.0,0.0,0.0,0.0,0.0,0.0,3.022320379386656e-05,0.00016274578229058534,0.00024035565729718655,0.00024740936351008713,0.00021417393872980028,0.00013775136903859675,8.214818080887198e-05,6.8139452196192e-05,6.387667235685512e-05,5.543349470826797e-05,3.338566966704093e-05,0.0,0.0,0.0,0.0,0.0,0.0,0.0,0.0,0.0,0.0,0.0,0.0,0.0,0.0,0.0,0.0,0.0,0.0,0.0,0.0,0.0
2025-12-09T15:53:11.973544,1765295591.9735444,0.0,1.7644924810156226e-05,0.00016048375982791185,0.00030246275127865374,0.0004848322132602334,0.0006763277342543006,0.0006686049164272845,0.0004562359245028347,0.00015314096526708454,0.0,0.0,0.0,0.0,0.0,0.0,0.0,0.0002586431510280818,0.0005932734347879887,0.0006868994096294045,0.000660813704598695,0.000878708902746439,0.0015747868455946445,0.0026124874129891396,0.003581611905246973,0.004072102718055248,0.00400041788816452,0.00357098039239645,0.0031896026339381933,0.003007815219461918,0.0028098970651626587,0.0023750695399940014,0.0016302292933687568,0.000810653786174953,0.0002901652769651264,0.0001112838726839982,0.00023657410929445177,0.00048509627231396735,0.0006681412924081087,0.0005289585096761584,0.0003052693500649184,0.0,0.0,0.0,1.5908962041066843e-06,0.00031607624259777367,0.0006978122401051223,0.0010130738373845816,0.0010150998132303357,0.0009005843894556165,0.0006359896506182849,0.00035210567875765264,0.0002550570061430335,0.0005090974154882133,0.0010631930781528354,0.001801172154955566,0.0027512896340340376,0.0037863512989133596,0.004622771870344877,0.004961834289133549,0.00472721504047513,0.0038614298682659864,0.0027304370887577534,0.0015053716488182545,0.0006194962770678103,0.0,0.0,0.0,0.0,0.0001101347224903293,0.0004680881684180349,0.0007610013126395643,0.0007979426882229745,0.0006650797440670431,0.00032943295082077384,0.00024443623260594904,3.9060436392901465e-05,0.0,0.0,0.0,0.0,0.0,0.0,0.0,0.0,0.0,0.0,0.0,0.0,0.0002683659258764237,0.0004563089460134506,0.0005189444054849446,0.00045020304969511926,0.00028575045871548355,0.00016509565466549248,1.3616474461741745e-05,0.0,0.0,0.0,0.0,0.0,0.0,0.0,1.3113248314766679e-05,0.0,5.5572378187207505e-05,0.00012881352449767292,0.00019630207680165768,0.0002446144353598356,0.0002606445050332695,0.000284697103779763,0.00028647578437812626,0.00026453606551513076,0.0002208138903370127,0.00019116581825073808,0.0001349455997115001,6.971808761591092e-05,0.0,0.0,0.0,0.0,0.0,0.0,0.0,0.0,0.0,0.0,0.0,0.0,0.0,3.96517771150684e-06,0.00014764386287424713,0.00021632698189932853,0.00035665513132698834,0.0004559196822810918,0.0005494418437592685
2025-12-09T15:53:13.640527,1765295593.640527,3.942609328078106e-05,1.8038947018794715e-05,0.0,1.0807572834892198e-05,6.652514275629073e-05,0.0001078577188309282,0.00015839240222703665,0.0001623052085051313,8.630894444650039e-05,0.0,0.0,0.00010373025725129992,0.00041248498018831015,0.0004455670132301748,0.00021324981935322285,0.0,0.0,0.0,0.00012762998812831938,0.0005693986895494163,0.0012181515339761972,0.0019801370799541473,0.0027809033636003733,0.0035113964695483446,0.004144720267504454,0.00457655917853117,0.004600309766829014,0.00416599540039897,0.003372481092810631,0.0024268648121505976,0.0015066354535520077,0.0008792892331257463,0.0007084452081471682,0.0008559193229302764,0.0010769326472654939,0.001134428195655346,0.0010935475584119558,0.0009205175447277725,0.0005930297775194049,0.00022816854470875114,0.0,8.493867062497884e-05,0.00028486171504482627,5.2780418627662584e-05,0.0,1.756453639245592e-05,4.926405017613433e-05,7.057563198031858e-05,0.00018805655417963862,0.0004996968782506883,0.000918922305572778,0.0013673041248694062,0.0017837983323261142,0.002293820260092616,0.0029466303531080484,0.003673189552500844,0.004236356820911169,0.004371253307908773,0.004088378977030516,0.0035631011705845594,0.0030189466197043657,0.002493173349648714,0.00208528945222497,0.0016311994986608624,0.0012964368797838688,0.0009313588379882276,0.0005730396951548755,0.000315969402436167,0.00022657403314951807,0.0,0.0,0.0,0.0,0.0,0.0,0.00015420475392602384,0.0006623867084272206,0.001002397038973868,0.0010810947278514504,0.0010207383893430233,0.0009326174622401595,0.0006130594410933554,0.0002916617668233812,0.0,0.0,0.0,0.0,0.0,0.0,0.0,0.0,0.0,1.3469182704284322e-05,5.332199725671671e-05,0.00012976508878637105,0.0003517612349241972,0.0005340130883269012,0.0007212692871689796,0.0008918549283407629,0.0009370452025905252,0.0008614491671323776,0.000663535320200026,0.0003567713429220021,8.838687062961981e-05,0.0,0.0,0.0,0.0,0.0,0.0,0.0,0.0,0.0,5.656473513226956e-05,0.00010252676293021068,7.314686081372201e-05,3.6822726542595774e-05,5.594747926807031e-05,0.0001284279569517821,0.00025835467386059463,0.0003919392474927008,0.0004585846036206931,0.00044415047159418464,0.00039748114068061113,0.00029258534777909517,0.0001556004717713222,6.161834608064964e-05,0.0,0.0,0.0,0.0,8.136000360536855e-06,0.00019344850443303585,0.0003451094380579889,0.0004931814619340003
2025-12-09T15:53:15.306814,1765295595.3068144,0.0002531577192712575,0.00038351156399585307,0.0004435092268977314,0.000440386647824198,0.00047723803436383605,0.00041614522342570126,0.00031618549837730825,0.0001298098504776135,0.0,0.0,0.0,0.0,6.405788008123636e-05,0.00038073185714893043,0.0004226966411806643,0.00011999517300864682,0.0,0.0,0.0,0.0003415072278585285,0.001126765855588019,0.0018604396609589458,0.002466860692948103,0.0030507161282002926,0.0036557766143232584,0.004209177568554878,0.004406025633215904,0.004152247682213783,0.003482190426439047,0.002652250463142991,0.0019273024518042803,0.0014371215365827084,0.0012341856490820646,0.0010108421556651592,0.0006910800584591925,0.00030561370658688247,0.0,0.0,0.0,0.0,4.52415224572178e-05,0.0004175912472419441,0.0007199750398285687,0.0007657211972400546,0.0007521547959186137,0.0006219099159352481,0.000333768199197948,0.0001049391576088965,0.0,0.0,0.0002652957336977124,0.0009543869527988136,0.0017377642216160893,0.0026705716736614704,0.003267615335062146,0.003581785364076495,0.003773045726120472,0.003800764214247465,0.00342843821272254,0.0027910342905670404,0.0020959004759788513,0.0016613710904493928,0.0012766658328473568,0.0011481832480058074,0.0012016275431960821,0.001156039535999298,0.0009710017475299537,0.0006543970084749162,0.00022238331439439207,0.0,0.0,0.0,0.00021733374160248786,0.00040808753692544997,0.00036940601421520114,0.0005219723097980022,0.0005182886379770935,0.0,0.0,0.0,0.0,0.0,0.0,0.0002908823371399194,0.00025503404322080314,2.0301526092225686e-05,0.0,0.0,0.0,0.0,0.0002284346555825323,0.0003620032512117177,0.0003854718816000968,0.00019211038306821138,0.00013097318878863007,0.00010229734471067786,0.0001113484613597393,0.0001841352932387963,0.0002656713768374175,0.0002951009082607925,0.00026126945158466697,8.107304893201217e-05,0.0,0.0,0.0,0.0,0.0,4.815188731299713e-05,0.00021671770082321018,0.00023783727374393493,7.77296518208459e-05,0.0,0.0,0.0,0.0,0.0,0.0,0.0,0.0,0.0,0.0001926189725054428,0.0003098478773608804,0.000369962421245873,0.0003828017506748438,0.00033924393937923014,0.0002369885623920709,0.0001833154819905758,0.00011627111962297931,0.0,0.0,0.0,0.0,0.0,0.0,0.0
2025-12-09T15:53:16.972551,1765295596.9725509,0.00031249941093847156,0.00023527885787189007,0.00015902482846286148,4.2175819544354454e-05,0.0,0.0,0.0,0.0,0.00016786169726401567,0.00023699694429524243,0.00012085500202374533,0.0,0.0,0.0,0.0,0.0,0.0,0.00010276176908519119,0.0004541669914033264,0.0008365960675291717,0.0012177396565675735,0.0017545695882290602,0.0026450862642377615,0.003819363424554467,0.004749538842588663,0.004882196895778179,0.004127304069697857,0.0030666012316942215,0.002285852562636137,0.001947166514582932,0.0018109978409484029,0.0016407439252361655,0.001358272391371429,0.0009643214871175587,0.0004937489866279066,0.00021789844322483987,3.1293719075620174e-05,0.00011166289186803624,0.00039435390499420464,0.0006524024065583944,0.0007021111669018865,0.0005603921599686146,0.00032106065191328526,6.158604082884267e-05,0.0,0.00011223919864278287,0.0002969595661852509,0.0004971200251020491,0.0008308180840685964,0.0010561950039118528,0.000975325470790267,0.0008363715605810285,0.0007950227591209114,0.0010049142874777317,0.0016081191133707762,0.00252847489900887,0.0036189944949001074,0.0044938684441149235,0.004890264943242073,0.004725433886051178,0.004002808593213558,0.0030389069579541683,0.002154180547222495,0.0013985340483486652,0.0007355371490120888,0.00020548260363284498,0.0,0.0,0.0,0.0,0.00030446163145825267,0.00011540036939550191,0.0,0.0,0.0,0.0,0.0,0.0,0.0,4.8004952986957505e-05,0.00020419938664417714,0.0005880074459128082,0.0006471211090683937,0.0006802367861382663,0.00053554424084723,0.00027342894463799894,0.0,0.0,0.0,0.0,0.0,0.0,0.0001500430516898632,0.0004061866784468293,0.0003803115396294743,0.0002903691492974758,0.0001763413310982287,7.136701606214046e-05,1.8497867131372914e-05,0.0,6.253587343962863e-06,5.374076135922223e-05,0.0,0.0,0.0,0.0,0.0,0.0,0.0,0.0,0.0,0.0,0.0,5.805308683193289e-05,0.00022855123097542673,0.0003588661493267864,0.0004230752238072455,0.0003888996143359691,0.0002844650880433619,0.0001134658741648309,0.0,0.0,0.0,0.0,0.0,0.0,0.0,0.0,3.0520386644639075e-05,8.47047776915133e-05,0.00013910687994211912,0.0001162862972705625,7.679069676669315e-05,2.0810815840377472e-05,0.0
2025-12-09T15:53:18.639754,1765295598.6397536,0.0005706860683858395,0.0005294429720379412,0.0005234432173892856,0.0005282775964587927,0.0004690207715611905,0.0004870935808867216,0.0003616795293055475,9.659848728915676e-05,0.0,0.0,0.0,0.0,0.0,0.00025271016056649387,0.0004675575182773173,0.0004961229278706014,0.00045473218779079616,0.0004781777097377926,0.0006605045055039227,0.0008935718215070665,0.0012323202099651098,0.0016567455604672432,0.0022571731824427843,0.0031251576729118824,0.004075600299984217,0.004687851760536432,0.004589260555803776,0.0036993895191699266,0.002415464026853442,0.001307411352172494,0.0007165320566855371,0.0006794115179218352,0.0009956026915460825,0.0012747556902468204,0.001208186848089099,0.0008703907951712608,0.0004565194249153137,5.418902946985327e-05,0.0,0.0,0.00017931289039552212,0.000339611986419186,0.00044030172284692526,0.0005647584330290556,0.0005360627546906471,0.0004705128667410463,0.00037592594162561,0.00027510474319569767,0.0003271634050179273,0.0005330754793249071,0.000920817896258086,0.0013209619792178273,0.0016847432125359774,0.002123412676155567,0.002523112343624234,0.0029477644711732864,0.0033578837756067514,0.0036589952651411295,0.003875998081639409,0.0038826828822493553,0.003508525900542736,0.00305052287876606,0.0021790028549730778,0.0014366061659529805,0.0007235045777633786,0.00014370016288012266,0.0,0.0,0.0,0.0,0.00016371604579035193,0.0003738118102774024,0.0005648594815284014,0.0005896449438296258,0.00041721895104274154,0.0002559655986260623,0.0,0.0,0.0,0.0,0.0,0.0,0.00018196860037278384,0.0005208881921134889,0.0006047559436410666,0.0004898515180684626,0.0002676383883226663,0.0001600179384695366,0.00013532827142626047,0.00018835368973668665,0.0003285264829173684,0.0004343835753388703,0.0004389417008496821,0.0003514435375109315,0.0002923111605923623,0.00011680450552375987,9.132781269727275e-05,6.188259430928156e-05,2.681298428797163e-05,0.0,0.0,0.0,0.0,0.0,0.0,0.0,0.0,0.0,0.0,0.0,0.0,0.0,0.0,0.0,0.0,0.0,0.0,0.0,8.6034502601251e-05,0.00016103277448564768,0.00015924904437270015,0.0001271750224987045,9.887184569379315e-05,4.803506817552261e-05,2.857808067346923e-05,0.0,0.0,0.0,0.0,0.0,0.0,0.0,0.0,0.0,0.0
2025-12-09T15:53:20.307196,1765295600.3071957,7.943795208120719e-05,8.883764530764893e-05,5.761738430010155e-05,3.399499473744072e-05,4.245471427566372e-05,6.839006528025493e-05,8.784687815932557e-05,3.557465606718324e-05,0.0,0.0,0.0,0.0,0.0,5.419031003839336e-05,8.283281204057857e-05,0.0,0.0,0.0,0.00011489561438793316,0.0004413630231283605,0.0009027097257785499,0.0015919632278382778,0.0025070214178413153,0.0034802474547177553,0.004217211622744799,0.004493545740842819,0.0042493389919400215,0.0036136575508862734,0.0028874536510556936,0.0023040773812681437,0.001845026039518416,0.001440288731828332,0.0010029030963778496,0.0006045227637514472,0.00044848016113974154,0.000508725643157959,0.0006559385219588876,0.0007497721235267818,0.0008038408122956753,0.0006716540083289146,0.0002418220101390034,0.0,0.0,0.0,0.00016611332830507308,0.0004429151304066181,0.000689831969793886,0.0008172891684807837,0.0008676049183122814,0.000853589503094554,0.0007666526944376528,0.0007830270915292203,0.0010578413493931293,0.0015011128270998597,0.0020227183122187853,0.002732708118855953,0.0034944801591336727,0.004117909818887711,0.004493905697017908,0.004451686050742865,0.0038891250733286142,0.0030434769578278065,0.0021122689358890057,0.001216110191307962,0.00047859206097200513,0.0,0.0,0.0,0.0,0.0,0.0,0.0003311695181764662,0.000601007544901222,0.0006946719950065017,0.0006492746761068702,0.0005381132941693068,0.0002937554381787777,3.612106593209319e-05,0.0,0.0,0.0,0.0,0.0,0.0,0.0,0.0,0.0,0.0,0.0,0.0002976055257022381,0.0006221685907803476,0.0008018953376449645,0.0008502911659888923,0.0006881306762807071,0.00046905005001462996,0.00017391156870871782,0.0,0.0,0.0,0.0,0.0,0.0,0.0,0.0,0.0,0.0,0.0,4.448677282198332e-05,0.00022750067000743002,0.0003134027065243572,0.00034167474950663745,0.00032835398451425135,0.0003312276385258883,0.00032023576204665005,0.00029282941250130534,0.0002382342063356191,2.909794420702383e-05,0.0,0.0,0.0,0.0,0.0,0.0,0.0,0.0,1.1012886716343928e-05,8.83491593413055e-05,0.0002084045554511249,0.00030752859311178327,0.0003245206899009645,0.0003242699895054102,0.0004069374699611217,0.00035739148734137416,0.0003151056298520416,0.0002843944530468434
2025-12-09T15:53:21.975476,1765295601.9754763,0.0,0.0,0.0,0.0,1.1026730135199614e-05,9.223526285495609e-05,0.00011109151819255203,9.654825407778844e-05,6.596757157240063e-05,4.2844836571021006e-05,0.00013765199400950223,0.0004080223443452269,0.0006636956240981817,0.0006193978479132056,0.0003365928423590958,3.18717175105121e-05,0.0,0.0,0.0,0.00032090573222376406,0.000890268653165549,0.0016874703578650951,0.0026046251878142357,0.0034907860681414604,0.0041084373369812965,0.00433972617611289,0.00420346949249506,0.003983542788773775,0.0037678496446460485,0.0034158481284976006,0.002745078643783927,0.0017783860675990582,0.0008426011190749705,0.00015502401220146567,0.0,0.0,0.0004026989627163857,0.0007441171328537166,0.0009769387543201447,0.0008293327991850674,0.0005424818373285234,0.00035615393426269293,0.000264964735833928,0.00015873252414166927,0.00016681085980962962,0.0002121326542692259,0.00035151594784110785,0.0004127103020437062,0.0004051960713695735,0.0005398690700531006,0.0006287560681812465,0.0007647984311915934,0.0011558843543753028,0.00168716034386307,0.002338081831112504,0.0030873524956405163,0.003907083533704281,0.004583397880196571,0.004869612865149975,0.004670203663408756,0.00401140796020627,0.0030401626136153936,0.0019489902770146728,0.0010441259946674109,0.0003920341550838202,3.514428317430429e-05,0.0,0.0,0.0,0.00010979750368278474,0.0005020232638344169,0.000681587029248476,0.0007844333886168897,0.0006637193728238344,0.000620465143583715,0.0002909297472797334,0.0,0.0,0.0,0.0,0.0,0.0,0.0,0.0,0.0,0.0,0.0,0.00010277523688273504,0.0004977303324267268,0.0006666116532869637,0.0006872655358165503,0.0004321835294831544,0.0001385093928547576,0.0,0.0,0.0,0.0,0.0,0.0,0.0,0.0,0.0,6.867544288979843e-05,6.937060243217275e-05,0.00017272421973757446,0.00030365848215296865,0.0004657669924199581,0.0006263313698582351,0.000717409944627434,0.0007061905926093459,0.0006144620710983872,0.0004891681601293385,0.0003542593913152814,0.00019578577484935522,1.591861291672103e-05,0.0,0.0,0.0,0.0,0.0,0.0,0.00013464459334500134,0.0002586578484624624,0.00032749935053288937,0.0003400550631340593,0.0003930928069166839,0.00043405781616456807,0.00044501686352305114,0.00045686005614697933,0.0004008101823274046,0.0003124397189822048,0.00023195584071800113,0.00017235256382264197,0.0001411007542628795,0.00014503962302114815
2025-12-09T15:53:23.643385,1765295603.643385,0.000553988735191524,0.0004042508371639997,0.0002537569380365312,0.00011020920646842569,0.0,0.0,0.0,0.0,0.0,0.0,0.0,0.0001341306051472202,0.0003255924384575337,0.0004276202816981822,0.0004862018395215273,0.00043550069676712155,0.00027375255012884736,0.0001531564921606332,0.00022189201263245195,0.0006229420541785657,0.0012249213177710772,0.0019065049709752202,0.0025862576439976692,0.0032302583567798138,0.0037596402689814568,0.004022273235023022,0.0039051903877407312,0.003422586480155587,0.002773519605398178,0.0021777390502393246,0.001758557977154851,0.0016022573690861464,0.0015504505718126893,0.001570199616253376,0.0015246424591168761,0.001234763185493648,0.0008612439269199967,0.0004646474262699485,0.0,0.0,0.0,9.87781004369026e-06,0.00030063139274716377,0.0005642683827318251,0.000739674607757479,0.0007380547467619181,0.0004907517577521503,0.00027674189186654985,0.00020401854999363422,0.000365052605047822,0.0008342781220562756,0.0014069128083065152,0.0018982118926942348,0.0024877050891518593,0.003109044162556529,0.003683770541101694,0.00410874979570508,0.0042396243661642075,0.003998033702373505,0.003409612225368619,0.0026808276306837797,0.002058673184365034,0.0013839897001162171,0.0009446707554161549,0.0007759091095067561,0.0006229202263057232,0.0006719866651110351,0.0007501006475649774,0.0008492881897836924,0.0008523624273948371,0.0006081027677282691,0.0003114243154413998,0.0,0.0,0.0,0.0,0.0,0.0,0.0,0.0,0.0,8.113844523904845e-05,0.0005391978193074465,0.0006291675963439047,0.0005371994338929653,0.0002832963364198804,1.834970316849649e-05,0.0,0.0,0.0,0.0,0.0,0.00012903565948363394,0.00023663828324060887,0.00019080465426668525,0.0,0.0,0.0,0.0,6.890446093166247e-05,0.00021987220679875463,0.0003099141176789999,0.0003950860700570047,0.0003471988602541387,0.0002895199868362397,0.00021862590801902115,0.0001709944335743785,0.00017486150318291038,0.00017581474094185978,0.00016193947521969676,0.00015055907715577632,9.581072663422674e-05,0.0,0.0,0.0,0.0,0.0,0.0,0.0,0.0,0.0,0.0001262545702047646,0.00024165793729480356,0.00029384708614088595,0.00027716654585674405,0.00017312720592599362,0.0,0.0,0.0,0.0,0.0,0.0,0.0,0.0,0.0
2025-12-09T15:53:25.310803,1765295605.3108027,0.0,0.0,0.0,0.0,0.0,0.0,0.00012208266707602888,0.00020179238345008343,0.00019434827845543623,0.0001934271422214806,0.00022761357831768692,0.00011718102905433625,0.0,0.0,0.0,0.0,0.0,2.1781615942018107e-05,0.00010004059004131705,0.0003780726983677596,0.000900704471860081,0.0016427318332716823,0.0024736758787184954,0.0033182671759277582,0.004095784388482571,0.0046712434850633144,0.0048140170983970165,0.004358325153589249,0.003480668878182769,0.002551361219957471,0.0017689063679426908,0.001161537249572575,0.0007278090924955904,0.00045181126915849745,0.0003677360073197633,0.0004813005798496306,0.0006125324289314449,0.0007301372243091464,0.0006802483112551272,0.0005935250665061176,0.00054116768296808,0.0003699265653267503,0.00043952817213721573,0.0005293384310789406,0.00046630657743662596,0.0005320085911080241,0.0004400632460601628,0.00024300935911014676,0.00015835347585380077,0.0002700367185752839,0.0005707913660444319,0.0010712266666814685,0.0015461937291547656,0.0020047728903591633,0.002522059017792344,0.0031252603512257338,0.0036786100827157497,0.003980256617069244,0.004130316898226738,0.0039050611667335033,0.0033610102254897356,0.002776186913251877,0.00226632971316576,0.0016360479639843106,0.0010314102983102202,0.0004257409309502691,0.0,0.0,0.0,0.0,0.0,0.0003518874873407185,0.0006739949458278716,0.0008673251140862703,0.0007462484645657241,0.0003505428903736174,8.422855171374977e-05,0.0,0.0,0.0,0.0,0.0,0.0,0.0,0.0,0.0,0.00027772795874625444,0.0006951424875296652,0.0009644254459999502,0.0009140285546891391,0.0007223041029646993,0.0003452677628956735,0.0,0.0,0.0,0.0,0.0,0.0,0.0,0.0,0.0,0.0,0.0,7.524947432102636e-05,0.0002362139493925497,0.00038403968210332096,0.0004555672639980912,0.00043370542698539793,0.00030699261697009206,0.00014939623360987753,2.7387038699089317e-06,0.0,0.0,0.0,0.0,0.0,0.00010474908776814118,0.0002410246233921498,0.0003207876579836011,0.00029234326211735606,0.00017081588157452643,9.204654816130642e-06,0.0,0.0,0.0,0.0,0.0,0.0,0.0,0.0,0.0,0.0,0.0,0.0,0.0
2025-12-09T15:53:26.977290,1765295606.9772904,0.001279221149161458,0.001194109208881855,0.0010617992375046015,0.0009170898119919002,0.0006572691490873694,0.0001774935080902651,0.0,0.0,0.0,0.0,7.360766176134348e-05,0.0003890158550348133,0.0005459390813484788,0.00042797831702046096,0.00025009820819832385,9.967525693355128e-05,7.944073877297342e-05,7.582776015624404e-05,0.00022432547120843083,0.0005576303228735924,0.0010481489589437842,0.0016146055422723293,0.0022127581760287285,0.002813537372276187,0.0033635536674410105,0.003770439652726054,0.0038618415128439665,0.00365375354886055,0.003146894508972764,0.0024427652824670076,0.001725252135656774,0.0011178780114278197,0.0007659652619622648,0.0006642484804615378,0.0008136552642099559,0.0009139007306657732,0.000824177754111588,0.0005762116052210331,0.0004712785594165325,0.0004213732318021357,0.0003304321435280144,0.00034841359592974186,0.0005205584457144141,0.0006486925412900746,0.0004379299934953451,0.0,0.0,0.0,0.0,0.0,0.0002043701970251277,0.0009693434694781899,0.001896323636174202,0.0028053068090230227,0.0035556484945118427,0.004032894968986511,0.004317853134125471,0.004458000883460045,0.004326131660491228,0.003825123654678464,0.0031539956107735634,0.0024153655394911766,0.0016329501522704959,0.0009959025774151087,0.00045967893674969673,5.358052021620097e-06,0.0,0.0,0.0,0.0,3.982025009463541e-05,0.00011381859076209366,0.00015921395970508456,0.00010570979793556035,0.00012152517592767254,0.0,0.0,0.0,0.0,0.0,4.64104741695337e-05,0.0001904630771605298,0.00022414946579374373,0.0001444157969672233,0.00020674086408689618,0.00044536785571835935,0.0005369583377614617,0.00044842608622275293,0.0004986384301446378,0.0001713178207864985,0.0,0.0,0.0,0.0,0.0,0.0,1.1967150385316927e-05,0.0,0.0,0.0,0.0,0.0,3.399203342269175e-05,0.00042608604417182505,0.0007916554459370673,0.0010561393573880196,0.0011557447724044323,0.0010474389418959618,0.0007655650260858238,0.00040160471689887345,7.37199152354151e-05,0.0,0.0,0.0,8.262304618256167e-05,0.00023766148660797626,0.00035272628883831203,0.0004234735097270459,0.0003824257873930037,0.0001772979012457654,0.0,0.0,0.0,0.0,0.0,0.0,0.0,0.00014728656969964504,0.0003079324378632009,0.0003344069409649819,0.00030536059057340026,0.00036382541293278337,0.0002761485520750284,0.00019119602802675217,0.00012808371684513986
2025-12-09T15:53:28.646836,1765295608.6468358,0.0,0.0,0.0,0.0,4.273568629287183e-05,0.00012360884284134954,0.00011809071293100715,0.00017016037600114942,0.00019315681129228324,0.00022376049309968948,0.00028518520412035286,0.00010172174370381981,0.0,0.0,0.0,0.00020235910778865218,0.00039993986138142645,0.0004320366133470088,0.00041955182678066194,0.0004915005411021411,0.0006252650637179613,0.0008365002577193081,0.0010733698727563024,0.0012547208461910486,0.0012837696122005582,0.0010915030725300312,0.0008488079183734953,0.0007250072085298598,0.000861103821080178,0.0011373631423339248,0.0013542796950787306,0.0014087149174883962,0.001370536512695253,0.0013162613613530993,0.0013286269968375564,0.001531355082988739,0.0019079761113971472,0.002143251709640026,0.002240449655801058,0.002031759824603796,0.0014893037732690573,0.000847443996462971,0.0004390892863739282,0.00018727620772551745,9.00352097232826e-05,0.00015479023568332195,0.0002911109186243266,0.0004770542436745018,0.0005750312120653689,0.0005766722606495023,0.0005523546715267003,0.0006197550683282316,0.0007749710930511355,0.0008347477996721864,0.0009265996050089598,0.001068962854333222,0.0012212267611175776,0.0013822217006236315,0.0014224695041775703,0.0012355813523754478,0.0009894227841868997,0.0007314716931432486,0.0005292982677929103,0.0004731873341370374,0.0005449576419778168,0.0004827353695873171,0.0003774921933654696,0.0002512838691473007,0.00012429872003849596,2.541849789849948e-05,0.0,0.0,0.0,0.0,0.0,0.0,0.0,0.0001260202843695879,0.0002644378109835088,0.00032988018938340247,0.0003988135722465813,0.0002977609110530466,0.0002427647850709036,4.109591827727854e-05,0.0,0.0,0.0,0.0,0.0,0.00012083861656719819,0.0003609292325563729,0.0005333947483450174,0.0006317825173027813,0.0006288488511927426,0.0005477846134454012,0.00044998363591730595,0.0003304086276330054,0.0001822971971705556,3.127299714833498e-05,0.0,0.0,0.0,0.0,0.0,0.0,0.0,0.0,0.0,0.0,0.0,0.0,8.646214701002464e-05,0.00011234684643568471,9.497712744632736e-05,6.146766827441752e-05,3.713625483214855e-05,3.430019933148287e-05,0.0,0.0,0.0,0.0,0.0,0.0,9.368748578708619e-05,0.0002046672161668539,0.00022819302103016526,0.00023538617824669927,0.0002454267523717135,0.00027370642055757344,0.0003566806553862989,0.0004613756900653243,0.00043759544496424496,0.0004421962075866759,0.0004079938225913793,0.00034511025296524167
2025-12-09T15:53:30.313389,1765295610.313389,0.0005051449406892061,0.00044664909364655614,0.0004029266128782183,0.0003527420340105891,0.00022176996571943164,5.49463220522739e-05,0.00020606812904588878,0.00035515555646270514,0.0005438701482489705,0.0005840559606440365,0.00022756269027013332,0.0,0.0,0.0,3.818109234998701e-06,0.0,0.0,0.0,0.0,0.0,0.0,0.0,3.91737739846576e-06,0.00021387069136835635,0.0005200514569878578,0.0007187957526184618,0.0005854724440723658,0.00035098454100079834,0.0002150023792637512,0.00019621150568127632,0.00017100045806728303,0.00018099094450008124,0.00033969312789849937,0.0008012644830159843,0.0015551376855000854,0.0022524648811668158,0.0027205338701605797,0.003030642168596387,0.0029752699192613363,0.0024086302146315575,0.001680890447460115,0.0010736433323472738,0.0006179913179948926,0.0001986849820241332,0.0,0.0,0.0,0.00012520929158199579,0.00027006908203475177,0.00030239461921155453,0.00040005409391596913,0.0005393277388066053,0.0006773328641429543,0.0007835478172637522,0.0008926137234084308,0.001115349237807095,0.0013951546279713511,0.0016718192491680384,0.0018416139064356685,0.0019496661843732,0.0017723089549690485,0.0016291459323838353,0.0010240782285109162,0.0005117957480251789,0.0,0.0,0.0,0.0,0.0,0.0,5.4603791795670986e-05,0.0006614855374209583,0.0010425166692584753,0.00111349206417799,0.0008595041581429541,0.0005719208857044578,0.00010735436080722138,0.0,0.0,0.0,0.0,0.0,0.0,0.0,0.00020529564062599093,0.00041743009933270514,0.00047938054194673896,0.00024660726194269955,4.0502811316400766e-05,0.0,0.0,0.00014051812468096614,0.0003738529921974987,0.00048514961963519454,0.00035730149829760194,0.0,0.0,0.0,0.0,0.0,0.0,0.0,0.0,9.15835626074113e-05,0.00023330800468102098,0.0002927464374806732,0.00025299188564531505,0.00016020525072235614,4.1408340621273965e-05,0.0,5.868929747521179e-06,0.00010310049401596189,0.00017214503895957023,0.00016323862655553967,6.29376809229143e-05,0.0,0.0,0.0,0.0,0.0,0.0,0.0,0.0,0.0,6.796675734221935e-05,0.00028522757929749787,0.0004889444098807871,0.0006269927253015339,0.0007129356381483376,0.0007536329212598503,0.0006605144590139389,0.0005987600889056921,0.0004774150438606739,0.00035057758213952184,0.000186701217899099
2025-12-09T15:53:31.980297,1765295611.9802966,0.0013155759079381824,0.0012175957672297955,0.0011026785941794515,0.0009554114658385515,0.0006792770000174642,0.00028582714730873704,0.0,0.0,0.0,0.0,0.0,0.00017678103176876903,0.0004898463957943022,0.0006285180570557714,0.0005752291181124747,0.00043978908797726035,0.00026862689992412925,0.0002614290569908917,0.0003293739282526076,0.00037636791239492595,0.0002895084908232093,2.2624970370088704e-05,0.0,0.0,0.0,0.0,0.0,1.110650282498682e-05,0.00010293653031112626,0.00032983478740788996,0.0006368726026266813,0.0009436901309527457,0.0011886334978044033,0.0015042034210637212,0.0019006591755896807,0.0021455534733831882,0.002400121418759227,0.0026308810338377953,0.002475043758749962,0.0020400143694132566,0.0014855613699182868,0.0009851898066699505,0.0005029910826124251,0.00021549312805291265,0.00014783808728680015,0.00027429332840256393,0.00041095184860751033,0.00057213194668293,0.0007220585248433053,0.0006590676493942738,0.0006471264059655368,0.0006732150795869529,0.0006833248771727085,0.0007731786463409662,0.0009204011294059455,0.0011190049117431045,0.0012533090775832534,0.0013951435685157776,0.0015587391098961234,0.0015828292816877365,0.001463714987039566,0.0012833739165216684,0.0011185184121131897,0.0007985843694768846,0.00046553253196179867,0.00021314444893505424,0.0,0.0,0.0,0.0,0.0,0.0,0.00016191504255402833,0.0004761186137329787,0.0005253987619653344,0.0007611775654368103,0.0007838385063223541,0.0010073878802359104,0.0007533166790381074,0.00010039892367785797,0.0,0.0,0.0,0.0,0.0,0.0,0.0,2.7323145332047716e-05,0.00019797020650003105,0.0003526671207509935,0.0005282025667838752,0.000635406409855932,0.0005853059119544923,0.0004324705805629492,0.00013537520135287195,0.0,0.0,0.0,0.0,0.0,0.0,6.691800081171095e-05,0.00011546984751475975,6.941747415112332e-05,5.517642057384364e-05,0.0,0.0,0.0,0.0,0.0,0.0,0.0,0.0,0.0,0.0,0.00013225180737208575,0.00029046167037449777,0.00046738036326132715,0.0006527344230562449,0.0007844870560802519,0.000778277637436986,0.0006614357698708773,0.00048146620974875987,0.00030600038007833064,0.00014982417633291334,4.9786008275987115e-06,0.0,0.0,0.0,0.0,0.0,0.00013141198724042624,0.0002800881920848042,0.00039600420859642327,0.0004916120087727904
2025-12-09T15:53:33.647444,1765295613.6474435,0.0006400999845936894,0.00030616577714681625,8.535613596905023e-05,0.0,0.0,0.0,0.0,0.0,0.0,0.00014718726743012667,0.00038282384048216045,0.0005069369217380881,0.0005173518438823521,0.00037072168197482824,0.0001448849798180163,0.0,0.0,0.0,0.0,0.0,0.0,0.0,0.0,0.0,0.0002833885373547673,0.0006158911273814738,0.00064691505394876,0.00025196373462677,0.0,0.0,0.0,0.0005018759984523058,0.0014668416697531939,0.002187297912314534,0.0023962599225342274,0.0021861798595637083,0.001742813503369689,0.0013325860491022468,0.0013151454040780663,0.0015709868166595697,0.001978687709197402,0.00202891044318676,0.0017932906048372388,0.0013286357279866934,0.0007874288130551577,0.00010227767052128911,0.0,0.0,0.0,0.0,0.0005135355168022215,0.0010543807875365019,0.001469890819862485,0.0017063426785171032,0.0017650099471211433,0.0015648698899894953,0.001212401781231165,0.0007404821226373315,0.0002858342486433685,6.321124237729236e-05,0.00010716501128626987,0.000353108043782413,0.000725946796592325,0.0011141735594719648,0.0013290928909555078,0.0013797162100672722,0.001372826169244945,0.0010559860384091735,0.0005020734970457852,0.0,0.0,0.0,0.0,0.0,0.0,0.0,0.0,0.00041256440454162657,0.000603015476372093,0.0005807821871712804,0.0006025637267157435,0.0006194695015437901,0.0006749291787855327,0.0007917222683317959,0.0007344502955675125,0.0005442642723210156,0.0001095793122658506,0.0,0.0,0.0,0.0,0.0,0.0,0.0002095645322697237,0.0007980117225088179,0.0012047990458086133,0.0013573970645666122,0.0013039984041824937,0.0010439833858981729,0.0006534276180900633,0.00031269429018720984,0.0,0.0,0.0,0.0,0.0,0.0,0.0,0.0,0.0,0.0,0.0,0.0,0.0,5.2981460612500086e-05,0.00031663026311434805,0.000600562896579504,0.0007276067044585943,0.0007636210648342967,0.0007039488409645855,0.000609637179877609,0.000502046023029834,0.00040062094922177494,0.00026535813231021166,0.00012375132064335048,1.0564116564637516e-05,0.0,0.0,0.0,0.0,0.0,3.142574132652953e-05,4.389378227642737e-05,7.727704360149801e-05,9.381432028021663e-05
2025-12-09T15:53:35.313416,1765295615.313416,0.000309702823869884,0.00027118963771499693,0.00018569055828265846,7.02715406077914e-05,0.0,0.0,0.0,0.0,0.0,2.6994670406566e-05,0.00024330115411430597,0.00044514823821373284,0.0005802387604489923,0.00045882287668064237,0.00022244661522563547,6.360516181302955e-06,0.0,0.0,0.0,0.0,0.0,0.0,0.00019455468282103539,0.00020556886738631874,8.300196350319311e-05,0.0,0.0,0.0001619636605028063,0.0004397321317810565,0.00077577936463058,0.001081608235836029,0.001322244293987751,0.0014782834332436323,0.0016221287660300732,0.0017460446106269956,0.0019032465061172843,0.001962373498827219,0.0017295253928750753,0.0015686010010540485,0.0014201743761077523,0.0013251027557998896,0.001311987522058189,0.0012685585534200072,0.0012769971508532763,0.0012426055036485195,0.0008373146411031485,0.0004932273295708001,0.0003144078073091805,0.0001365762436762452,0.0001406222872901708,0.0002300335472682491,0.0003166668757330626,0.000606409041211009,0.0009650694555602968,0.001191510702483356,0.001382377347908914,0.0016441319603472948,0.001730642979964614,0.0016756313852965832,0.0015137206064537168,0.0012760973768308759,0.0009879100834950805,0.00042712711729109287,0.00020498201774898916,1.1370860192982946e-05,0.0,0.0,0.0,0.0,0.0,0.00012392659846227616,0.0003217776829842478,0.0005657105939462781,0.0006164137739688158,0.0006131286500021815,0.0002818242064677179,0.0,0.0,0.0,0.0,0.0,0.0,0.00014988298062235117,0.00024673485313542187,0.00020831040455959737,0.0003104821080341935,0.00022417030413635075,0.0002946211607195437,0.000527077354490757,0.0005380230722948909,0.00037925061769783497,4.639622784452513e-05,0.0,0.0,0.0,0.0,0.0,0.0,0.00013130092702340335,0.00016887437959667295,0.00016226682055275887,0.00011373320739949122,0.00010014342842623591,6.456977280322462e-05,5.275357034406625e-05,3.572824425646104e-05,2.476738518453203e-05,0.0,0.0,0.0,0.0,0.0,0.0,5.550212154048495e-05,0.00021627257228828967,0.00041427937685512006,0.0006738951778970659,0.0007610233733430505,0.0007824251079000533,0.0006866717012599111,0.0005158468848094344,0.0003147117095068097,0.00011635414557531476,0.0,0.0,0.0,0.0,0.0,0.0,0.0,0.0,0.0,0.0,0.0,0.0
2025-12-09T15:53:36.980774,1765295616.9807742,0.0,0.0,0.0,0.0,0.0,0.0,0.0,0.0,0.0,0.0,0.0,0.0,0.0,0.0,0.0,0.0,5.5667907872702926e-05,0.00015480208094231784,0.0001979973167181015,0.00024273914459627122,0.00030129661899991333,0.00035807883250527084,0.0003360944683663547,0.0001750468072714284,0.0,0.0,0.0,0.0,0.0002614491677377373,0.0005367241101339459,0.0007407001103274524,0.0009427807526662946,0.0012984653003513813,0.0016636756481602788,0.0018310180166736245,0.001962940441444516,0.0020981980487704277,0.002036178717389703,0.0019397131400182843,0.001872010761871934,0.0017297484446316957,0.0015824693255126476,0.0014786790125072002,0.0012418604455888271,0.0009167936514131725,0.0005938896792940795,0.0003123378846794367,4.749954314320348e-05,0.0,0.0,3.915578417945653e-05,0.00044550286838784814,0.0009065420599654317,0.001390295336022973,0.001791551592759788,0.002096146112307906,0.002188173122704029,0.0020355996675789356,0.00165750237647444,0.0011228822404518723,0.0006094356067478657,0.00026493772747926414,0.0004135495109949261,0.00046886850032024086,0.0005505906883627176,0.0005992286023683846,0.0005724038346670568,0.0004993349430151284,0.0003908952930942178,0.0004988193977624178,0.0005303697544150054,0.0004412209673319012,0.0002541274589020759,0.0,0.0,0.0,0.0,0.0,0.0,0.0,9.423422307008877e-05,0.0003436467086430639,0.000300441199215129,0.00019958782650064677,0.0001540790544822812,0.0002434847701806575,0.0002643539337441325,0.00038272482925094664,0.0003349679464008659,6.975225551286712e-05,0.0,0.0,0.0,0.0,0.0,0.0,0.0003018213319592178,0.0004709717759396881,0.0004686384927481413,0.00029154602088965476,0.00015877776604611427,9.615997259970754e-05,0.0001806883083190769,0.0003351893974468112,0.00045429676538333297,0.00047854770673438907,0.0004085618129465729,0.00027378485538065434,9.249136928701773e-05,0.0,0.0,0.0,0.0,0.0,0.0,0.0,0.0,0.00018563398043625057,0.000319290702464059,0.00029536391957663,0.0001744976034387946,5.9163652622373775e-05,9.345651960757095e-06,2.6141281068703393e-06,6.842049515398685e-06,8.9623990788823e-06,0.0,2.3274051272892393e-05,7.519544305978343e-05,0.00010706266039051116,0.00012342541594989598,0.00019608807633630931,0.00024667198886163533,0.0002503041469026357,0.0002697214367799461
2025-12-09T15:53:38.649064,1765295618.6490636,9.92425557342358e-05,0.00015313115727622062,0.0001951187732629478,0.000237437488976866,0.0002929293259512633,0.0002784747921396047,0.00019691948546096683,7.042366632958874e-05,0.0,0.0,2.0838231648667715e-05,4.2791136365849525e-05,0.0,0.0,0.0,3.9461639971705154e-05,0.00015262783563230187,0.00014751870185136795,0.00011604716564761475,0.0001697269472060725,0.0002488339669071138,0.0002471792104188353,0.00014191142690833658,7.601097604492679e-05,0.00015898840501904488,0.0003289511369075626,0.0004942216910421848,0.0005627305363304913,0.0005240914179012179,0.00046972488053143024,0.0004479677591007203,0.0005827033310197294,0.0009550261893309653,0.001437464146874845,0.0017671718960627913,0.0018785257125273347,0.0017892940668389201,0.0015097648138180375,0.0013246360467746854,0.0013126606354489923,0.00157420604955405,0.0018738851649686694,0.002076334785670042,0.0019752057269215584,0.001453762874007225,0.000791186757851392,9.52534464886412e-05,0.0,0.0,0.0,0.00016233108181040734,0.0007132146856747568,0.0010486224200576544,0.0012046287301927805,0.0012657928746193647,0.0013319735880941153,0.0013596282806247473,0.0012975368881598115,0.0012618666514754295,0.001296122674830258,0.001319744042120874,0.0013065453385934234,0.001075258944183588,0.0007531779701821506,0.00047304361942224205,0.0002718622563406825,0.0002630270319059491,0.00034115262678824365,0.00031123223016038537,0.0004557745123747736,0.00045308363041840494,0.0002805336262099445,0.00014118774561211467,0.0,0.0,0.0,0.0,0.0,0.0,0.0,0.0,1.2140977560193278e-05,8.836493361741304e-05,0.00023965506989043206,0.00031553019653074443,0.00035637078690342605,0.0003722931433003396,0.0005235492717474699,0.0005792129668407142,0.00042460483382456005,0.00017300149193033576,0.0,0.0,0.0,0.0,0.0,0.0,0.0,0.0,5.48265888937749e-05,0.0001672556682024151,0.00022618949878960848,0.00027123314794152975,0.00029377039754763246,0.0003017342241946608,0.00026773413992486894,0.00021395078510977328,0.00014894470223225653,9.526655048830435e-05,3.4254277125000954e-05,0.0,0.0,0.0,0.0,0.0,0.0,0.0,0.0,0.0,0.0,0.0,0.0,0.0,0.0,0.0,0.0,0.0,0.0,0.0,0.0,0.0,0.0,0.0,0.0,0.0
2025-12-09T15:53:40.316757,1765295620.316757,0.0004258830158505589,0.00029254492255859077,0.00019163411343470216,7.295462273759767e-05,0.0,0.0,0.0,0.0,0.0,0.0,0.0,0.00017444974218960851,0.0005178198916837573,0.0006210847641341388,0.0004848977841902524,0.00027844193391501904,9.671336010796949e-05,6.859692075522617e-05,0.00016818533185869455,0.00031256338115781546,0.0003387223114259541,0.00029090908356010914,0.00029525026911869645,0.0004146076098550111,0.0005183743196539581,0.0004376406723167747,8.286791853606701e-05,0.0,0.0,0.00017418198694940656,0.0007659319089725614,0.001391530386172235,0.0018180111655965447,0.002053018193691969,0.0020807432010769844,0.0019886887166649103,0.0018862152937799692,0.001776339951902628,0.0018119246233254671,0.0018550087697803974,0.0016957807820290327,0.001434563659131527,0.0009916104609146714,0.00041945892735384405,0.00012420880375429988,3.989234028267674e-05,0.0,0.00012318030348978937,0.00033463031286373734,0.0006019965512678027,0.0007615060894750059,0.0007671352359466255,0.0007411586120724678,0.0007622992852702737,0.0009709311998449266,0.0013418971793726087,0.0016458830796182156,0.0017989486223086715,0.0017278434243053198,0.0013501117937266827,0.0008606155170127749,0.0003424711467232555,0.0001764616317814216,9.562900959281251e-05,0.00014991873467806727,0.00033430015901103616,0.00034892745316028595,0.0003868903440888971,0.00041503203101456165,0.0001634941145312041,0.0,0.0,0.0,0.0,0.0,0.0,0.0002307774848304689,0.0005868782754987478,0.0007262806175276637,0.0007527075940743089,0.0009492742246948183,0.0008271108963526785,0.0004087214474566281,0.0,0.0,0.0,0.0,0.0,0.0,0.0,0.00010903336806222796,0.00029026041738688946,0.00032736556022427976,0.0002664236235432327,0.0002159441210096702,0.0003444133617449552,0.00039514104719273746,0.00048505060840398073,0.000610893708653748,0.0005670763785019517,0.0004862438072450459,0.0002959608973469585,5.511511972144945e-06,0.0,0.0,0.0,0.0,0.0,0.0,0.0,3.2578579975961475e-06,0.00016542781668249518,0.00025561818620190024,0.00026098289526998997,0.00021331734023988247,8.699802856426686e-05,0.0,0.0,0.0,0.0,0.0,0.0,0.0,0.0,0.0,0.0,0.0,0.0,0.0,0.0,0.0,0.0,0.0,0.0,0.0
2025-12-09T15:53:41.983045,1765295621.9830446,0.0,0.0,0.0,0.0001464435044908896,0.0004303701571188867,0.0006333533092401922,0.000621001934632659,0.0003860869037453085,1.787174551282078e-05,0.0,0.0,0.0,0.0,0.0,0.0,0.00010942784865619615,0.00029916336643509567,0.00046695160563103855,0.0005779996863566339,0.0005435580387711525,0.00041288253851234913,0.0002840499219018966,0.00025889655807986856,0.00031556334579363465,0.00034204841358587146,0.0003118786553386599,0.000158161943545565,0.0,0.0,0.0,0.00017938020755536854,0.0006163241341710091,0.0011726785451173782,0.0016470476984977722,0.002022676169872284,0.002329298760741949,0.0024609535466879606,0.002324432134628296,0.002187564270570874,0.0020185373723506927,0.0015029301866889,0.0010283979354426265,0.0008277469896711409,0.0006157114985398948,0.0004446236416697502,0.0003629060520324856,0.00034635921474546194,0.0003175502351950854,0.000283714645775035,0.00019269160111434758,0.00010740169818745926,0.00011845288099721074,0.000327025365550071,0.0006259026122279465,0.0010500584030523896,0.0015151401748880744,0.0019395574927330017,0.002224166877567768,0.0022567003034055233,0.0020318629685789347,0.001551284920424223,0.001017859554849565,0.0005156797124072909,0.00010030867997556925,0.0,0.0,0.0,0.0,0.00011437799548730254,0.00046108217793516815,0.0007401667535305023,0.0007488628034479916,0.0005506022716872394,0.00019662085105665028,0.0,0.0,0.0,0.0,0.0,0.0,0.0,0.0,0.0,0.0,1.3536856386053842e-05,0.00014923459093552083,0.0004031500720884651,0.0006399244302883744,0.0007855985895730555,0.0006450001383200288,0.0003972059639636427,9.723308903630823e-05,0.0,0.0,0.0,0.0,0.0,0.0,0.0,0.0,0.0,0.0,8.428098954027519e-05,0.00031088065588846803,0.0004888600669801235,0.0005804345128126442,0.0005678000161424279,0.00045720688649453223,0.00025817251298576593,8.16668980405666e-05,0.0,0.0,0.0,0.0,0.0,0.0,0.0,1.0009172001446132e-05,7.958449714351445e-06,0.0,0.0,0.0,8.497384988004342e-05,0.00020436882914509624,0.0003344774304423481,0.00048764824168756604,0.0006503293407149613,0.0007520312210544944,0.0007252339855767787,0.0006957049481570721,0.0006054655532352626,0.0005048729944974184,0.0003812082577496767,0.0002861219400074333,0.00018239837663713843
2025-12-09T15:53:43.650015,1765295623.6500146,5.350498395273462e-05,0.00012480774603318423,0.0001848281390266493,0.00023805540695320815,0.000277434621239081,0.0001878559123724699,3.338226451887749e-05,0.0,0.0,0.00014398316852748394,0.0002969193155877292,0.00024597637820988894,7.129207369871438e-05,0.0,0.0,0.0,0.0002218270383309573,0.0003435398102737963,0.0003083880874328315,0.00017878379730973393,5.733036596211605e-05,1.5123667253647e-05,3.757690137717873e-05,8.890618482837453e-05,0.00017187312187161297,0.0002282944624312222,0.00019253793288953602,5.580907964031212e-05,0.0,0.0,0.00016232165216933936,0.0005031650653108954,0.0010308286873623729,0.0017237222054973245,0.0024138260632753372,0.0028514235746115446,0.003008861793205142,0.0026544276624917984,0.002035421086475253,0.0014595621032640338,0.0011526562739163637,0.0010817131260409951,0.0010900830384343863,0.0011177952401340008,0.000986795756034553,0.0008482561097480357,0.0006347236922010779,0.0003318185335956514,0.00016641961701679975,0.0,0.0,0.000184609045390971,0.00044918368803337216,0.0007806943613104522,0.0013236358063295484,0.001849814085289836,0.002291865646839142,0.00259874458424747,0.0025534320157021284,0.002194262808188796,0.0015441953437402844,0.0007580918609164655,5.412424434325658e-05,0.0,0.0,0.0,0.0,0.0,0.0003412089718040079,0.0008192576933652163,0.0011367377592250705,0.0008969723712652922,0.0005472932243719697,0.00012127817899454385,0.0,0.0,0.0,0.0,0.0,0.0,0.0,0.0002352258306927979,0.00046998937614262104,0.0007150108576752245,0.000736203626729548,0.0006328920717351139,0.0005492932396009564,0.0003609171835705638,0.0003467263304628432,0.00012804687139578164,0.0,0.0,0.0,0.0,0.0,0.0,0.0,0.0,0.0,0.0002618593571241945,0.0005430429009720683,0.0007284764433279634,0.0007728220662102103,0.0007953423191793263,0.0006618463085033,0.0004581935063470155,0.00020253381808288395,0.0,0.0,0.0,0.0,0.0,0.0,0.0,0.0,0.0,6.810138529544929e-06,0.0001320430455962196,0.00019582478853408247,0.00019723699369933456,0.0001824806531658396,0.00015628182154614478,0.00012695278564933687,6.039885920472443e-05,0.0,0.0,0.0,0.0,0.0,0.0,0.0,0.0,0.0,0.0,0.0
2025-12-09T15:53:45.317239,1765295625.3172386,0.0016659876564517617,0.0013083535013720393,0.0010079500498250127,0.0007294515962712467,0.000399274897063151,0.00023014684848021716,0.0002452337939757854,0.0002626698696985841,0.0002594124816823751,3.3472599170636386e-05,0.0,0.0,0.0,0.00013192422920837998,0.0005337018519639969,0.0006125060026533902,0.0003452672972343862,3.4809349017450586e-05,0.0,7.931404979899526e-05,0.00016396353021264076,8.73516546562314e-05,0.0,8.539677946828306e-05,0.0004238795954734087,0.0007721861475147307,0.0008147083572112024,0.00042243473581038415,0.0,0.0,0.0,0.0007296504336409271,0.001622145064175129,0.0022037355229258537,0.0024018653202801943,0.002354550641030073,0.002147692022845149,0.0019394890405237675,0.0018008995102718472,0.0016936436295509338,0.001373182749375701,0.0011941882548853755,0.0010090816067531705,0.0006880188011564314,0.0005580919096246362,0.0005490698385983706,0.0004979796358384192,0.00044892102596350014,0.0004178526869509369,0.00026934765628539026,0.0002830364101100713,0.00043207648559473455,0.0006091233226470649,0.0007830029353499413,0.0010534579632803798,0.001211361144669354,0.0012616942403838038,0.001262929174117744,0.0012738348450511694,0.0013870050897821784,0.0015274343313649297,0.0016140585066750646,0.0014014823827892542,0.001097270636819303,0.0008742839563637972,0.000632509880233556,0.00033586734207347035,0.00012473393871914595,0.0,0.0,0.0,0.0,0.0,0.0,0.00010566382115939632,0.00035814198781736195,0.0008015334024094045,0.0008544909069314599,0.000635782431345433,0.00017001116066239774,0.0,0.0,0.0,0.0,0.0,0.0002801063528750092,0.0003137362946290523,0.00035224261227995157,0.00027056026738137007,0.00027860768022947013,0.00023891091404948384,0.00011997742694802582,0.0,0.0,0.0,0.0,0.0,0.0,0.0,0.0,0.0,9.741065878188238e-05,0.00028085324447602034,0.00047526598791591823,0.0006154252332635224,0.0006652424926869571,0.0006112054688856006,0.0004727110790554434,0.000259831256698817,5.737966148444684e-06,0.0,0.0,0.0,0.0,0.0,0.0,0.0,0.00018688406271394342,0.0004390457470435649,0.0006212730659171939,0.0007219054969027638,0.0006650948780588806,0.0005410602898336947,0.00039429974276572466,0.00022946183162275702,6.0313432186376303e-05,0.0,0.0,0.0,0.0,0.0,0.0,0.0,0.0,0.0
2025-12-09T15:53:46.986866,1765295626.9868655,0.000934538955334574,0.0005806033150292933,0.00026673293905332685,0.0,0.0,0.0,0.0,0.0,0.0,0.0,0.0,0.0,3.7776822864543647e-05,8.819621143629774e-05,8.063860877882689e-05,7.108664431143552e-05,3.0442806746577844e-05,0.0,0.0,0.0,0.0,0.0,0.0,8.538499241694808e-05,0.0002487569581717253,0.00031094960286282003,0.00033560890005901456,0.0004190871841274202,0.0005343450466170907,0.0005533269722945988,0.00042448454769328237,0.0003366355085745454,0.0005272773560136557,0.0010188547894358635,0.0015521289315074682,0.001985511975362897,0.0023018172942101955,0.002272247103974223,0.001960373716428876,0.0015974205452948809,0.0011094458168372512,0.0007670117192901671,0.0007045858656056225,0.000711876607965678,0.0008743730722926557,0.0009130200487561524,0.0009828642942011356,0.0008540817070752382,0.00044633811921812594,9.14241809368832e-06,0.0,0.0,0.0,0.00015840285050217062,0.0007925432873889804,0.0014317319728434086,0.0019616561476141214,0.0022820511367172003,0.002283215057104826,0.0020819802302867174,0.0017069572350010276,0.0012642262736335397,0.0009412931394763291,0.0008437740616500378,0.000634333526249975,0.00040742766577750444,0.00016594152839388698,0.0,0.0,0.0,0.0,0.0,0.0,0.0,0.0,0.00024248399131465703,0.0005018376396037638,0.0008017715881578624,0.0006377362878993154,0.00046999711776152253,0.0,0.0,0.0,0.0,0.0,0.0,0.0,0.0,0.0,0.0,0.0,0.0003401500580366701,0.0006630431162193418,0.0007871359121054411,0.0006516657886095345,0.00032293316326104105,0.0,0.0,0.0,0.0,0.0,0.0,0.0,0.0,8.680300379637629e-05,7.095393084455281e-05,0.0,0.0,0.0,0.0,0.0,0.00016023140051402152,0.0003444882167968899,0.0004222907591611147,0.0004252650251146406,0.00034761379356496036,0.0001623172138351947,0.0,0.0,0.0,0.0,0.0,0.0,0.0,0.0,0.0,0.0,0.0,6.854530511191115e-05,0.000106556668470148,7.344760524574667e-05,0.0,0.0,0.0,0.0
2025-12-09T15:53:48.654301,1765295628.654301,0.0,1.3575474440585822e-05,5.9532492741709575e-05,0.00012861132563557476,0.0002102205908158794,0.00010526523692533374,0.0,0.0,0.0,0.0,3.538584860507399e-05,0.00024730508448556066,0.00035551245673559606,0.00030836238875053823,0.00017712455883156508,2.3208580387290567e-05,0.0,6.133846181910485e-05,0.00033420935506001115,0.0005923762219026685,0.0005976819666102529,0.0002957730903290212,0.0,0.0,0.0,0.00010393050615675747,0.0002570691576693207,0.00021517366985790431,0.00012546022480819374,0.00018113292753696442,0.0004610131436493248,0.0009880277793854475,0.001579076750203967,0.0019732723012566566,0.0021252327132970095,0.0021126633509993553,0.0022098151966929436,0.0023170756176114082,0.002310041803866625,0.0021866443566977978,0.0019208232406526804,0.0016767168417572975,0.0011981194838881493,0.0006561495247296989,0.0004135968629270792,0.0003904075128957629,0.0002531432546675205,0.0002732766151893884,0.00025498337345197797,0.0003221123479306698,0.0003792890056502074,0.00039724831003695726,0.00038963023689575493,0.0004895486636087298,0.0006983993807807565,0.0010157276410609484,0.0012878738343715668,0.0015706424601376057,0.0016122600063681602,0.0015662340447306633,0.001418856903910637,0.001400265609845519,0.0011398200877010822,0.0010256139794364572,0.0009416178218089044,0.0007434459985233843,0.0005999124841764569,0.00038543823757208884,0.00011920275574084371,0.0,0.0,0.0,0.0,7.190767792053521e-05,4.5008906454313546e-05,5.502709245774895e-05,0.0,6.340401159832254e-05,0.00012719823280349374,0.0,0.0,0.0,0.0,0.0,0.00015756745415274054,0.0003479245933704078,0.0003884421894326806,0.00028182522510178387,0.00011527500464580953,0.0,0.0,0.0,0.0,0.0001631003979127854,0.00014769070548936725,0.0,0.0,0.0,0.0,0.0,0.0,5.49471951671876e-05,0.00012359043466858566,6.938055594218895e-05,1.492279625381343e-05,0.0,0.0,9.249632421415299e-05,0.00018882301810663193,0.00024593790294602513,0.0002518755791243166,0.00017641836893744767,4.9672442401060835e-05,0.0,0.0,0.0,0.0,0.0,0.0,0.0,0.0,7.232831558212638e-05,0.00021516055858228356,0.0003052369866054505,0.0003273668116889894,0.0002756851026788354,0.0001993234473047778,0.00015627479297108948,0.000127066727145575,0.0001286535116378218,0.00011544162407517433,0.00010087512782774866,0.00013444152136798948,0.00013363349717110395,0.00010434664727654308
2025-12-09T15:53:50.321469,1765295630.3214688,3.548483437043615e-05,0.0,0.0,0.0,0.0,0.0,0.0,0.0,0.0,0.0,0.00011864978296216577,0.00033731816802173853,0.0004691642534453422,0.00043181938235647976,0.000281353946775198,0.00015407326282002032,0.0,0.0,2.1982978068990633e-05,0.00014540219854097813,0.00023458634677808732,0.0002736457099672407,0.0002826421696227044,0.0002972200163640082,0.0003211793373338878,0.0003407141484785825,0.0002900094259530306,0.00026691670063883066,0.0003919513546861708,0.0006376521778292954,0.00089895079145208,0.0010923829395323992,0.001331662992015481,0.0017821717774495482,0.0022441709879785776,0.002461479278281331,0.0024344767443835735,0.002262334804981947,0.0020234044641256332,0.0017648701323196292,0.0014432147145271301,0.0014375584432855248,0.0015436975518241525,0.0014647289644926786,0.0012329104356467724,0.000939065997954458,0.0006985346553847194,0.0003195130848325789,3.1846240744926035e-05,0.0,0.0,0.0,0.0001931174920173362,0.0005449812160804868,0.0010386379435658455,0.0015239022905007005,0.002002305816859007,0.0021952542010694742,0.0020510342437773943,0.0017244018381461501,0.001285332953557372,0.0009203487425111234,0.0005897878436371684,0.00038017614861018956,0.00031380009022541344,0.00015591518604196608,0.00016213396156672388,3.0372742912732065e-05,0.0,1.5316001736209728e-05,0.0,0.0,6.647735062870197e-06,0.000125560283777304,1.9121052901027724e-05,0.0001782953622750938,0.00021269955323077738,3.514662603265606e-05,0.0,0.00020457999198697507,0.0,0.0,0.0,0.0,0.0,0.0,0.0,7.398622256005183e-05,0.00015921247540973127,0.00024347213911823928,0.00033155037090182304,0.00035392167046666145,0.00025548762641847134,6.943244079593569e-05,0.0,0.0,0.0,0.0,0.0,0.0,1.1574737982300576e-05,0.00016577258065808564,0.00033366589923389256,0.00029452014132402837,0.00017431247397325933,3.916240530088544e-05,0.0,0.0,0.0,0.0,0.0,0.0001391057448927313,0.0002809115976560861,0.00039322933298535645,0.0004776138812303543,0.0004656444361899048,0.0003208002890460193,0.00015875570534262806,4.726889528683387e-06,0.0,0.0,0.0,0.0,0.0,0.0,0.0,0.0,0.0,0.0,0.0,0.0,0.0,0.0,1.7473441403126344e-05,6.934058183105662e-05
2025-12-09T15:53:51.987561,1765295631.987561,0.0,0.0,0.0,0.0,0.0,0.0,0.0,0.0003130340774077922,0.0005886589642614126,0.0006685701082460582,0.0004236311942804605,5.486956433742307e-05,0.0,0.0,0.0,0.0,0.0,0.0,1.3946122635388747e-05,9.020055586006492e-05,7.83313880674541e-05,9.868107736110687e-05,0.00021069424110464752,0.0003624782548286021,0.0005196406855247915,0.0006410769419744611,0.0006979240570217371,0.0007049437263049185,0.0006574208382517099,0.0005306154489517212,0.0003878091520164162,0.0003896044217981398,0.0007430316181853414,0.0014092371566221118,0.002097122371196747,0.0025612011086195707,0.0027397475205361843,0.0026182313449680805,0.002222117269411683,0.0018444855231791735,0.0015042669838294387,0.0014199925353750587,0.0013118685455992818,0.0009585837833583355,0.0006110520334914327,0.00038671103538945317,0.00010208479216089472,0.0,0.0,0.0,0.00025288929464295506,0.0005258735036477447,0.0007385704666376114,0.0009745428687892854,0.001326861558482051,0.0017023957334458828,0.0020464803092181683,0.0020716467406600714,0.0018971129320561886,0.001542353886179626,0.001111919991672039,0.0007486576796509326,0.0005216262070462108,0.0003714464546646923,0.00037240900564938784,0.0002925344742834568,0.0003387940232641995,0.00025549641577526927,0.00023326555674429983,0.00011285421351203695,0.0,0.0,0.0,0.0,6.402194412657991e-05,4.418587559484877e-05,0.00045425057760439813,0.0006831496139056981,0.0007721863803453743,0.0006218843045644462,0.000728377781342715,0.000338711281074211,0.0001991201424971223,0.0,0.0,0.0,0.0,0.0,0.0,0.00012854729720856994,0.00032262623426504433,0.00027988138026557863,2.9776751034660265e-05,0.0,0.0,0.0,0.0,0.0,0.00023257240536622703,0.0004265992611180991,0.0005653419066220522,0.0005272598355077207,0.0003756294900085777,0.00016411035903729498,0.0,0.0,0.0,0.0,0.0,5.046478327130899e-05,0.00010246164310956374,4.871478085988201e-05,0.0,0.0,0.0,0.0,0.0,0.0,0.0,0.0,0.0,0.0,8.345850801561028e-05,0.00014653726248070598,0.000118568743346259,2.30483910854673e-05,0.0,0.0,0.0,0.0,0.0,0.00011038764205295593,0.00014781532809138298,0.00022119820641819388,0.0002804268151521683
2025-12-09T15:53:53.655048,1765295633.655048,0.0008771872962825,0.000691044784616679,0.000476175599033013,0.00022608847939409316,0.0,0.0,0.0,0.0,0.0,0.0002896075020544231,0.00048672076081857085,0.00041508174035698175,0.00021024278248660266,0.0,0.0,0.0,0.0,0.0,0.0,0.0,0.0,0.0,0.0,0.0,9.256345219910145e-05,0.0003477262216620147,0.0005325732636265457,0.0005709010292775929,0.00044630083721131086,0.0003069305093958974,0.0003599748888518661,0.0007366875652223825,0.0013454884756356478,0.0018447577022016048,0.0021097965072840452,0.0021838052198290825,0.0020330329425632954,0.0016909416299313307,0.0014674231642857194,0.001357664936222136,0.0013164615957066417,0.0012732784962281585,0.001196992234326899,0.0011360151693224907,0.0010340861044824123,0.0007643905701115727,0.0004172645858488977,0.0001727526541799307,1.8026583347818814e-05,0.0,0.0,0.00014021607057657093,0.0004708177293650806,0.0007804101333022118,0.0010388009250164032,0.0012153127463534474,0.0013111900771036744,0.0014147242764011025,0.0014677327126264572,0.0013562091626226902,0.0012208494590595365,0.001063231728039682,0.0009065408958122134,0.0008848425350151956,0.0009016235708259046,0.0007454368751496077,0.0004647167806979269,0.00016011488332878798,0.0,0.0,0.0,0.0,0.0,0.0,0.0,0.00017632465460337698,0.0006314508500508964,0.0008908364688977599,0.0008921365952119231,0.0007877627504058182,0.00042508365004323423,0.00013481598580256104,2.555623541411478e-05,0.0,0.0,0.0,0.0,0.0,0.0,0.0,0.0,6.691668386338279e-05,0.0002898086968343705,0.0004534402978606522,0.0004217218665871769,0.00031345494790002704,0.00023635762045159936,0.000168758982908912,0.00014424575783777982,0.00016314422828145325,0.00015507407078985125,0.00011067630111938342,2.1269703211146407e-05,0.0,0.0,0.0,0.0,0.0,0.0,0.0,0.0,0.0,7.951162842800841e-05,0.000129008200019598,0.0001416099985362962,0.00015627607353962958,0.00013680428673978895,7.914817979326472e-05,8.283508941531181e-05,0.00015321171667892486,0.0002374549221713096,0.00025876399013213813,0.0002322891668882221,0.0001834794966271147,0.00011569054186111316,2.8702712370431982e-05,0.0,0.0,0.0,0.0,0.0,0.0,0.0,0.0,0.0
2025-12-09T15:53:55.322263,1765295635.3222628,0.00020319758914411068,0.0,0.0,0.0,0.0,0.0,0.0,0.0,0.0,5.0007271056529135e-05,6.441646746679908e-06,0.0,0.0,0.0,0.0,0.0,3.954584099119529e-05,6.09891912972671e-06,0.0,0.0,0.0,0.0,0.0,0.00022351733059622347,0.0007672235951758921,0.001055235625244677,0.0008024339331313968,0.00017288202070631087,0.0,0.0,3.7673751648981124e-05,0.0007569133886136115,0.001470300368964672,0.0020300603937357664,0.0023294363636523485,0.002196814166381955,0.0017507696757093072,0.0013656443916261196,0.0013076752657070756,0.0015115434071049094,0.0017863557441160083,0.0020177282858639956,0.0021215651649981737,0.0019465212244540453,0.0014119365951046348,0.0005989657365716994,0.0,0.0,0.0,0.0,0.0,0.00017321095219813287,0.0008008159347809851,0.0013611395843327045,0.0017089186003431678,0.0019016561564058065,0.002012167125940323,0.0019752513617277145,0.0016726694302633405,0.0011222823522984982,0.0005160700529813766,0.00017734059656504542,0.00021138037845958024,0.00034528214018791914,0.0005345366080291569,0.0006000815192237496,0.000571301206946373,0.0003648008860182017,4.908183473162353e-05,0.0,0.0,8.515165245626122e-05,5.174475518288091e-05,0.0,0.0,0.0,0.0,0.0,0.0,0.0,0.0,0.0002605713380035013,0.0006268457509577274,0.0009516632999293506,0.0010579578811302781,0.001069831196218729,0.0006392124923877418,0.00010882808419410139,0.0,0.0,0.0,0.0,0.0,0.0,0.0,3.2918749639065936e-05,0.00016140448860824108,0.0002397789794486016,0.00025205587735399604,0.00021682331862393767,0.0002676234289538115,0.0002464869467075914,0.00020417031191755086,0.00012896304542664438,1.2879795576736797e-05,0.0,0.0,0.0,0.0,0.0,0.0,0.0,0.0,0.0,0.0,1.1985644050582778e-05,6.33284289506264e-05,4.261697540641762e-05,5.33378915861249e-05,9.025668259710073e-05,0.0001457922626286745,0.00017236953135579824,0.00020863056124653667,0.00023917807266116142,0.00029067351715639234,0.0002808175340760499,0.00028151224250905216,0.00024991092504933476,0.0002026198199018836,0.00018517480930313468,0.0001887493854155764,0.00030845546280033886,0.0003503197222016752,0.0003809272311627865,0.0003934012202080339
2025-12-09T15:53:56.990880,1765295636.9908805,0.0,0.0,8.93153774086386e-05,0.00020639857393689454,0.00028937708702869713,0.0002869231393560767,0.0002795378677546978,0.00024657411267980933,0.0001811078836908564,0.00010370415111538023,6.991326517891139e-05,0.00016284070443361998,0.00023310953110922128,1.0708832633099519e-05,0.0,0.0,0.0,0.0004492296720854938,0.0007580144447274506,0.0007262449944391847,0.00047221273416653275,0.0002060533151961863,0.00013270837371237576,0.00027248880360275507,0.00046202249359339476,0.0005216043791733682,0.0003465477784629911,0.00012441095896065235,4.139461452723481e-06,0.00011297807941446081,0.00034195688203908503,0.0006780565017834306,0.001118550542742014,0.0014870223822072148,0.0017679466400295496,0.0020737044978886843,0.0024120130110532045,0.002603714819997549,0.002685809275135398,0.0024971801321953535,0.002005663001909852,0.00146729894913733,0.0008823908865451813,0.00017873606702778488,0.0,0.0,0.00012105866335332394,0.00032877165358513594,0.0005523332511074841,0.00067259615752846,0.0007235712255351245,0.0007217839593067765,0.0006779396790079772,0.0006498939474113286,0.0008913453784771264,0.001182834035716951,0.0015421310672536492,0.001744014909490943,0.0017069801688194275,0.001719755120575428,0.001715709688141942,0.0016916110180318356,0.0015255457255989313,0.001198313315398991,0.0007549946312792599,0.0001899987255455926,0.0,0.0,0.0,0.0,0.0,0.0,0.0,7.866278792789672e-06,0.00016477859753649682,0.000408162857638672,0.00032353121787309647,0.00023266291827894747,7.553852628916502e-05,0.0,0.0,0.0,0.0,0.0,0.0,0.0,0.0,0.0003965082869399339,0.0007629117462784052,0.0007570411544293165,0.000573303084820509,0.00023280858295038342,0.0,0.0,0.0,0.0,0.00015687585982959718,0.0003269448352511972,0.00038408502587117255,0.00032691951491869986,0.0001479191705584526,1.4593640116800088e-05,0.0,0.0,8.24348444439238e-06,1.710810829536058e-05,3.392216603970155e-05,2.962055259558838e-05,1.8548023945186287e-05,4.527232522377744e-05,9.034400136442855e-05,0.00016701359709259123,0.0002128298074239865,0.00021156735601834953,0.00025983733939938247,0.00032777691376395524,0.00044528834405355155,0.0005692819249816239,0.0006522164912894368,0.000657969038002193,0.000614495191257447,0.0005031480686739087,0.0004022559733130038,0.0003361688577570021,0.0002913832722697407,0.0002357133198529482,0.00017873731849249452,0.00010312319500371814,4.553615508484654e-05,0.0,0.0,0.0,0.0,5.0730654038488865e-05,0.00010628170275595039
2025-12-09T15:53:58.663172,1765295638.6631715,0.0008615832193754613,0.0008403090760111809,0.0008230837411247194,0.0008027437143027782,0.0007436288869939744,0.0005459373933263123,0.0001854958536569029,0.0,0.0,0.0,0.0,0.0,0.00030591333052143455,0.0004903993685729802,0.0004562888643704355,0.0002956079551950097,0.00011260007886448875,2.589714824807743e-07,7.813098636688665e-05,0.0002609376097097993,0.00036241154884919524,0.0002454992209095508,0.0,0.0,0.0,0.0,0.00016581251111347228,0.000664970139041543,0.0009122436167672276,0.0008084047003649175,0.0005157681298442185,0.0003582535427995026,0.0006251364247873425,0.0012530008098110557,0.001962972106412053,0.0025893906131386757,0.002933371812105179,0.0028050553519278765,0.0023863157257437706,0.0017952645430341363,0.001199173042550683,0.0006785382283851504,0.00047138702939264476,0.0004934538155794144,0.0006808091420680285,0.0008650244562886655,0.001021658070385456,0.000930123555008322,0.0006354795768857002,0.00027645990485325456,0.0,0.0,0.0002683518105186522,0.0006526099750772119,0.0011159763671457767,0.0016336583066731691,0.0020458074286580086,0.00219419552013278,0.002050097333267331,0.001657126471400261,0.0010680691339075565,0.0006068418733775616,0.0002328224654775113,7.924191595520824e-05,3.751654003281146e-05,0.00016722100554034114,0.0002644912456162274,0.00033820534008555114,0.0003898562863469124,0.0003452846431173384,4.003654612461105e-05,0.0,0.0,0.0,0.0,2.684269566088915e-05,7.26486396160908e-05,0.0002497231762390584,0.0003450227086432278,0.0002632994146551937,9.549508831696585e-05,0.0,0.0,0.0,0.0,0.0,4.2287912947358564e-05,0.0003393690276425332,0.00032628740882501006,0.00022217848163563758,3.178959377692081e-05,0.0,0.0,0.0,0.0,6.329832831397653e-05,0.0002341559447813779,0.0003491212846711278,0.0003500301390886307,0.00023824625532142818,4.11767432524357e-05,0.0,0.0,0.0,0.0,0.0,0.0,0.0,0.0,3.5171473427908495e-05,0.0001536787167424336,0.00021037270198576152,0.00024397428205702454,0.00026230901130475104,0.0003026673221029341,0.0003348186728544533,0.00029576619272120297,0.0002451813779771328,0.00014141916471999139,2.6811274437932298e-05,0.0,0.0,0.0,0.0,0.0,0.0,0.0,0.0,0.0,0.0,0.0,0.0,0.0,0.0,0.0
2025-12-09T15:54:00.329617,1765295640.3296173,0.0,0.0,0.0,0.0,0.0,0.0,0.0,0.00019910570699721575,0.00037166220135986805,0.0003475827688816935,0.00017746677622199059,0.0,0.0,0.0,0.0,0.0,0.0,0.0,4.989014269085601e-05,0.00013087011757306755,0.00027118553407490253,0.00043873238610103726,0.0005166925257071853,0.0004989037988707423,0.00044204757432453334,0.00039132614620029926,0.0003743900451809168,0.0003172133583575487,0.0003011547087226063,0.00038724648766219616,0.0005462022381834686,0.0007571501773782074,0.0010432722046971321,0.001357583561912179,0.0016102507943287492,0.0018820379627868533,0.0021144200582057238,0.0022069811820983887,0.0021274567116051912,0.002057216828688979,0.001847191364504397,0.0014858497306704521,0.0012297836365178227,0.0009776278166100383,0.0007750127115286887,0.0006471378728747368,0.0004229985934216529,0.00020636888802982867,0.00014096421364229172,0.00019749630882870406,0.00034329158370383084,0.0004604988789651543,0.0005940278060734272,0.0008032195037230849,0.0010337397688999772,0.0013907417887821794,0.0016755906399339437,0.0017667682841420174,0.001786629669368267,0.0016415276331827044,0.0013167978031560779,0.0010397566948086023,0.0008255490683950484,0.0007175711216405034,0.0006317318766377866,0.00046808802289888263,0.00019456198788248003,2.4086662961053662e-05,0.0,0.0,0.0,0.0,0.0,0.0,7.532206655014306e-05,0.0,0.0,0.0,0.0,1.3827179827785585e-05,0.00020777160534635186,0.00031866776407696307,0.0003707275609485805,0.00021226999524515122,0.0,0.0,0.0,0.0,0.0,0.00015734121552668512,0.00037079310277476907,0.00036892329808324575,0.0001918157795444131,1.760993109201081e-05,0.0,0.0,9.272145689465106e-06,0.00016328057972714305,0.0003086073265876621,0.00038707104977220297,0.0004451938148122281,0.000427366147050634,0.0003141841443721205,0.00018847527098841965,0.0,0.0,0.0,0.0,0.0,0.0,0.0,0.0,0.00017570577620062977,0.0003206017427146435,0.00041305023478344083,0.0004404202336445451,0.00047195603838190436,0.0003421065048314631,0.00010644784197211266,0.0,0.0,0.0,0.0,0.0,0.0,0.0,0.0,1.4029606973053887e-05,0.0001847224193625152,0.00032330522662959993,0.0003656171029433608,0.00034987914841622114,0.0003216750337742269,0.0003199634957127273,0.0002887259761337191
2025-12-09T15:54:01.995934,1765295641.995934,0.0,0.0,0.0,0.0,0.0,5.165886250324547e-05,0.00019272200006525964,0.0003188783011864871,0.00025859774905256927,6.025724360370077e-05,0.0,9.003660670714453e-05,0.00031979201594367623,0.0002943124854937196,0.0,0.0,0.0,0.0,0.0,0.0,1.7527074305689894e-05,0.00021507628844119608,0.00042981887236237526,0.00044429325498640537,0.0002138048002962023,0.0,0.0,3.1098767067305744e-05,0.0002105359744746238,0.00032094266498461366,0.00042797293281182647,0.0006661562365479767,0.0011083392892032862,0.001677116029895842,0.0022266239393502474,0.0025423145852983,0.0025675848592072725,0.0023254440166056156,0.0019107552943751216,0.0014713795389980078,0.0010903864167630672,0.0009328773012384772,0.0009580774931237102,0.000906405271962285,0.0008725278312340379,0.0007487790426239371,0.0004885360249318182,0.0001748967479215935,0.0,0.0,0.0,0.0,0.00039370678132399917,0.001093922066502273,0.0017868852009996772,0.0023953549098223448,0.0027139359153807163,0.002601219806820154,0.002136707305908203,0.001397529267705977,0.0006275444175116718,9.08372167032212e-05,0.0,0.0,0.0,9.330061584478244e-05,0.00016673043137416244,0.00028466302319429815,0.00042916808160953224,0.00044412072747945786,0.00029316794825717807,0.00013047039101365954,0.0,0.0,0.0,0.0,0.0,0.0,0.0,0.0,0.0,0.0,0.0,0.0,0.0,0.0,0.0,0.0001551596651552245,0.00030146990320645273,0.0003086809883825481,0.00015097635332494974,0.0,0.0,0.0,0.0,0.0,0.0,0.0,0.00019018122111447155,0.00042783404933288693,0.00047904395614750683,0.00040215515764430165,0.00023842880909796804,4.325128247728571e-05,0.0,0.0,0.0,0.0,0.00012797655654139817,0.00029630251810885966,0.000389429071219638,0.0003826470929197967,0.00024329323787242174,8.607264317106456e-05,0.0,0.0,0.0,0.0,0.0,0.0,0.0,0.00014520675176754594,0.000264195550698787,0.00034943208447657526,0.00038372454582713544,0.00034794770181179047,0.00022817910939920694,8.937090024119243e-05,0.0,0.0,0.0,0.0,0.0,0.0,0.0
2025-12-09T15:54:03.662961,1765295643.6629612,0.0010016706073656678,0.0009071016684174538,0.0007789057563059032,0.0005901785334572196,0.0003183427033945918,0.0,0.0,0.0,0.0,0.0003991376142948866,0.0008359597995877266,0.0007508718990720809,0.000356941920472309,0.0,0.0,0.0,5.747550312662497e-05,0.00018560119497124106,0.0002665195206645876,0.0003155245794914663,0.0001711862423690036,0.0,0.0,0.0,4.216508750687353e-05,0.000475165230454877,0.0007221613777801394,0.0006443719612434506,0.0003270175657235086,0.00013090712309349328,0.00025927217211574316,0.0007717173430137336,0.0013690739870071411,0.0017447785940021276,0.0017729050014168024,0.0016766058979555964,0.0017369800480082631,0.001898516551591456,0.002060792176052928,0.002167862607166171,0.002244973788037896,0.0019762266892939806,0.001355630811303854,0.0006002657464705408,9.857851546257734e-05,0.0,0.0,5.9193380366195925e-06,0.00016069391858763993,0.0003719148808158934,0.00039890172774903476,0.0002844772825483233,0.00015552832337561995,0.00021151233522687107,0.0007182109402492642,0.0012980190804228187,0.0017533039208501577,0.0019492256687954068,0.0017580077983438969,0.0015396603848785162,0.0014450830640271306,0.001511195907369256,0.0016826788196340203,0.0016249261097982526,0.0012936304556205869,0.0007275356911122799,0.0,0.0,0.0,0.0,0.0,0.0,0.0,0.0,0.0,0.00032772475969977677,0.0006466017803177238,0.0009754933416843414,0.0009914563270285726,0.0009512218530289829,0.0005507154273800552,0.0002869285817723721,0.0,0.0,0.0,0.0,0.0,0.0,0.0,0.0,0.0,0.0,0.0,0.00019174772023689002,0.00026748949312604964,0.0002673431299626827,0.00013882263738196343,0.0,0.0,0.0,0.0,0.0,0.0,0.0,3.994873259216547e-05,0.00010965183901134878,9.280000813305378e-05,1.7608932466828264e-05,0.0,0.0,0.0,0.0,0.0,0.00017540637054480612,0.00039559733704663813,0.0006234329775907099,0.0008367878617718816,0.0009791350457817316,0.001034894143231213,0.0009758571977727115,0.0008183805039152503,0.0005522653227671981,0.00028671554173342884,6.078794103814289e-05,0.0,0.0,0.0,0.0,0.0,0.0,0.0,0.0,0.0,0.0,0.0
2025-12-09T15:54:05.330801,1765295645.3308015,0.00038890630821697414,0.00035427030525170267,0.00036277255276218057,0.0004326384805608541,0.00048257209709845483,0.0002743292134255171,4.0839204302756116e-05,0.0,0.0,0.0,0.0,0.0,0.0,0.00011568998888833448,0.0002823139657266438,0.00031700293766334653,0.00021415083028841764,4.379368692752905e-05,2.561213113949634e-05,0.00017975775699596852,0.0003676408377941698,0.0004119305231142789,0.00035054548061452806,0.0002602747408673167,0.00013172125909477472,1.1839913895528298e-05,0.0,0.0,3.304258643765934e-05,0.00026303899358026683,0.0005059341783635318,0.0007960209040902555,0.0011227503418922424,0.0014040351379662752,0.001666399766691029,0.0019019837491214275,0.0021714200265705585,0.0022640866227447987,0.002154893707484007,0.0020301733165979385,0.0016689010662958026,0.0011780665954574943,0.0007164357230067253,0.00028995072352699935,0.0001397987944073975,0.00017438229406252503,0.00037272722693160176,0.00059613207122311,0.0007368435035459697,0.0007598624797537923,0.0006920623709447682,0.0005426144343800843,0.0005316772731021047,0.0006197158945724368,0.0008261552429758012,0.0011061095865443349,0.0013401531614363194,0.0014797361800447106,0.0015394219662994146,0.0014742841012775898,0.0013151734601706266,0.0011049228487536311,0.001027170568704605,0.0008299355395138264,0.0007711310754530132,0.0006264681578613818,0.00048720923950895667,0.0003344792639836669,0.0002137529372703284,0.0,0.0,0.0,0.0,0.0,0.0,3.497268335195258e-05,0.0005048869061283767,0.0010982531821355224,0.0011218915460631251,0.0008293931023217738,0.0005226306966505945,0.0,0.0,0.0,0.0,0.0,0.0,0.0,0.0,0.00010829629900399595,0.00020997872343286872,0.0002886719594243914,0.00028595011099241674,0.0002860304375644773,0.00024130739620886743,0.0002995241666212678,0.000298853381536901,0.0002804053947329521,0.00023424235405400395,0.00015883032756391913,8.832370804157108e-05,0.0,0.0,0.0,0.0,0.0,0.0,5.3446510719368234e-06,4.164605707046576e-05,4.9850281357066706e-05,3.848077176371589e-05,0.0,0.0,0.0,0.0,1.7118745745392516e-05,9.558439342072234e-05,0.0002395719347987324,0.00040447260835208,0.000565804133657366,0.0006622293149121106,0.000653359922580421,0.0005830806912854314,0.00045408037840388715,0.0003214971802663058,0.00016488906112499535,1.4347500837175176e-05,0.0,0.0,0.0,0.0,0.0,0.0,0.0,0.0
2025-12-09T15:54:06.999281,1765295646.9992812,0.0,0.0,0.0,0.0,8.834079199004918e-05,9.971807594411075e-05,0.00011226597416680306,8.38504420244135e-05,0.00012288225116208196,0.0001880116033134982,0.00027598024462349713,0.0002988620544783771,0.0002191682142438367,1.939049798238557e-05,0.0,0.0,0.0,0.0,0.0,0.0001467664842493832,0.0003113522252533585,0.00041596023947931826,0.0004251193313393742,0.00036205575452186167,0.0003084317431785166,0.00025932121207006276,0.00024675732129253447,0.000204339055926539,0.00020392252190504223,0.00037589904968626797,0.0006875716499052942,0.0010718607809394598,0.0014637077692896128,0.0016891880659386516,0.0018073654500767589,0.001965379575267434,0.0020763901993632317,0.0021556008141487837,0.0021433145739138126,0.0020087910816073418,0.0018850284395739436,0.0015706282574683428,0.0012654755264520645,0.000793551851529628,0.00032520477543585,0.0,0.0,0.0,0.00018401222769171,0.0005386581178754568,0.0007330173975788057,0.0008895315695554018,0.000988942920230329,0.0009702302631922066,0.0011247433722019196,0.0013043697690591216,0.001439768704585731,0.0015149912796914577,0.0014415079494938254,0.0013151038438081741,0.001240859623067081,0.001262026373296976,0.0012053524842485785,0.0011184809263795614,0.0010394853306934237,0.0007224868168123066,0.00037770465132780373,0.0,0.0,0.0,0.0,0.0,0.00018262627418152988,0.0004352145770099014,0.0004115132906008512,0.0005826617707498372,0.0003847558400593698,0.00020898287766613066,0.00010107570415129885,0.0,0.0,0.0,0.0,0.0,0.0,0.0,5.722724745282903e-05,0.0001431760611012578,0.0,0.0,0.0,0.0,3.960041340178577e-06,1.5549692307104124e-06,4.957934652338736e-05,6.990884867263958e-05,5.5799329857109115e-05,2.8602671591215767e-05,0.0,0.0,0.0,0.0,0.0,0.0,1.3205394679971505e-05,3.850240682368167e-05,2.035469515249133e-05,0.0,6.650458999502007e-06,8.824562974041328e-05,0.0002222058392362669,0.0003925795026589185,0.0004662634455598891,0.0004430753760971129,0.00035625341115519404,0.00028194248443469405,0.00018303855904377997,0.0,0.0,0.0,0.0,0.0,0.0,0.0,0.0,0.0,0.0,0.0,5.196951678954065e-05,0.00012790856999345124,0.00015890404756646603,0.00019846315262839198,0.0002442849217914045,0.00031590904109179974,0.0003566562954802066
2025-12-09T15:54:08.665311,1765295648.6653109,0.0009194215526804328,0.0006740180542692542,0.0004674523661378771,0.0002758992777671665,1.3610107316708309e-06,0.0,0.0,0.0,0.0,0.0,4.624853318091482e-05,0.0001523631508462131,0.00019745588360819966,0.0002078825345961377,0.00025157956406474113,0.00029861790244467556,0.0003253243921790272,0.0003007428895216435,0.000298754166578874,0.00029467494459822774,0.00018991858814843,0.0,0.0,0.0,0.0,0.00031961427885107696,0.0006554650608450174,0.0005289723048917949,6.288569420576096e-05,0.0,0.0,0.0005810998263768852,0.001401354093104601,0.002128426916897297,0.002532045356929302,0.0025953948497772217,0.002340358216315508,0.00174182397313416,0.0012434511445462704,0.0011272226693108678,0.000955635798163712,0.0008832282619550824,0.0010979864746332169,0.001316630165092647,0.0014116819947957993,0.001177187543362379,0.0007932845619507134,0.0003955807478632778,0.0,0.0,0.0,0.0,0.0004585097776725888,0.0010840113973245025,0.0016219965182244778,0.002009250223636627,0.0021620169281959534,0.0021662982180714607,0.0019589411094784737,0.0015249656280502677,0.0010695693781599402,0.0006784378783777356,0.0005486512673087418,0.0003886320046149194,0.0004075599426869303,0.00036538889980874956,0.000340367725584656,0.00028151742299087346,0.00018458081467542797,0.0002579630818217993,0.00017224566545337439,3.186780304531567e-05,5.998930646455847e-05,0.00018119353626389056,0.00031144588137976825,0.00019057451572734863,8.202520257327706e-05,0.0,0.0,0.0,0.0,0.0,0.0,0.0,0.0005581951118074358,0.0008881391840986907,0.001158045488409698,0.0012538761366158724,0.001033014734275639,0.00047354126581922174,0.0,0.0,0.0,0.0,0.0,0.0,0.0,0.0,0.0,0.0,0.0,0.0,7.606359577039257e-05,0.0002986919425893575,0.0005356136825866997,0.0007438789471052587,0.0009135500295087695,0.0010245267767459154,0.0009870287030935287,0.0007549605797976255,0.0003686381387524307,0.0,0.0,0.0,0.0,0.0,0.0,0.0,0.0,3.32905474351719e-05,0.00025012047262862325,0.00037544139195233583,0.0004173452325630933,0.0003573092690203339,0.0002647016372065991,0.00011077976523665711,0.0,0.0,0.0,0.0,0.0,0.0,0.0,0.0,0.0
2025-12-09T15:54:10.331767,1765295650.3317668,0.0012503715697675943,0.0011853964533656836,0.001092187245376408,0.0009884120663627982,0.0008878817898221314,0.0006078966544009745,0.00024526126799173653,0.0,0.0,0.0,0.0,1.620386501599569e-05,0.000273798214038834,0.00044534984044730663,0.0005008094594813883,0.0004364864726085216,0.0003222498344257474,0.00021082628518342972,0.0001087939235731028,4.855376391788013e-05,0.0,0.0,0.0,0.00011006263957824558,0.000322811451042071,0.0004830042307730764,0.00045221950858831406,0.00022667589655611664,0.0,0.0,4.257565160514787e-05,0.0005078134126961231,0.0011557702673599124,0.0017633117968216538,0.0021747259888798,0.0023474490735679865,0.0023501417599618435,0.0021992092952132225,0.0018981393659487367,0.0015058876015245914,0.0013958434574306011,0.0012758550001308322,0.001009647618047893,0.0006910295924171805,0.0004959175712428987,0.0004042285727337003,0.00022880476899445057,8.112296927720308e-05,0.00011232236283831298,0.0003642754745669663,0.0006197634502314031,0.0006774499779567122,0.0006530328537337482,0.0006502916221506894,0.0008498775423504412,0.0011904247803613544,0.0015318477526307106,0.001732905162498355,0.0018637566827237606,0.001954171573743224,0.0018056012922897935,0.001583705423399806,0.0012463476741686463,0.0006004981696605682,0.0,0.0,0.0,0.0,0.0,0.0,0.0,0.000257033301750198,0.0005196972051635385,0.000751467770896852,0.0009291557362303138,0.0010492773726582527,0.0006771176122128963,0.00041403743671253324,8.760397031437606e-05,0.0,0.0,0.0,0.0,0.0,0.0,0.0,0.0,0.0,0.00047928286949172616,0.0008334185695275664,0.0009726244607008994,0.0008302076021209359,0.0005199696170166135,0.0002120650460710749,6.149815453682095e-05,3.975689469370991e-05,3.462474069237942e-06,0.0,0.0,0.0,0.0,0.0,0.0,0.0,0.0,0.0,7.457288302248344e-05,0.00021490435756277293,0.0003447614435572177,0.00043095232103951275,0.0005097094690427184,0.0005748174735344946,0.0005854189512319863,0.0005420590750873089,0.0004843327624257654,0.00039447221206501126,0.00020912149921059608,0.0,0.0,0.0,0.0,0.0,0.0,0.0,0.0,0.0,0.0,0.0,0.0,0.0,6.87906458551879e-06,4.967583208781434e-06,0.0,0.0,0.0
2025-12-09T15:54:11.998219,1765295651.9982195,0.00021782357362098992,0.00028138112975284457,0.0002604629553388804,0.00017717534501571208,6.558253517141566e-05,0.0,0.0,0.0,3.8455575122497976e-05,0.00021499847935047,0.00023222029267344624,0.00015917881682980806,0.00012287044955883175,9.395035158377141e-05,5.627869541058317e-05,0.0,0.0,3.4897711884696037e-05,0.00015532302495557815,0.0002804487885441631,0.00020962256530765444,0.0,0.0,0.0,0.0,0.0002570495125837624,0.0004226079327054322,0.0004361747996881604,0.00031676696380600333,0.0001445021916879341,1.978807085833978e-05,0.00014122601714916527,0.0006868814234621823,0.0013770934892818332,0.0019119386561214924,0.002262016059830785,0.00243164855055511,0.002170736901462078,0.0017779719782993197,0.0014616209082305431,0.0013440194306895137,0.0013676078524440527,0.001366710988804698,0.0012871000217273831,0.0011698681628331542,0.0008883753907866776,0.0005159704596735537,5.85384332225658e-05,0.0,0.0,0.0,0.00023468879226129502,0.0006357175298035145,0.001051453873515129,0.0014600856229662895,0.001858353614807129,0.002116953022778034,0.0019879010505974293,0.0016987381968647242,0.0013084644451737404,0.0009335411014035344,0.0005409963778220117,0.0006177729228511453,0.0006664272514171898,0.0007345075136981905,0.0007559627410955727,0.0007713306113146245,0.0007753838435746729,0.0007652835920453072,0.0005798087222501636,0.0002172773383790627,0.0,0.0,0.0,0.0,0.0,0.0,0.0,0.0,0.0,9.885752660920843e-05,0.0005438392399810255,0.0009551559924148023,0.001181103871203959,0.001163164502941072,0.0010719411075115204,0.00064789445605129,0.00027449268964119256,0.0,0.0,0.0,0.0,0.0,0.0,0.0,0.0,0.0,0.0,0.0,0.0,0.00016636795771773905,0.00039621340692974627,0.0006229050923138857,0.0006960895261727273,0.0006750377360731363,0.0005387093406170607,0.00034416306880302727,0.00013835505524184555,0.0,0.0,0.0,0.0,0.0,0.0,0.0,0.0,0.0,0.0,0.0,0.0,5.8829409681493416e-05,0.00019652018090710044,0.00030322797829285264,0.0004046873946208507,0.00045207433868199587,0.00043418252607807517,0.00036304770037531853,0.00026412049192003906,0.00012784030695911497,0.0,0.0,0.0,0.0,0.0,0.0
2025-12-09T15:54:13.665184,1765295653.6651843,0.0009647452970966697,0.0007169203599914908,0.0005096542881801724,0.00035647573531605303,0.00022325303871184587,0.0,0.0,0.0,0.0,0.0,2.5587449272279628e-05,0.00016082209185697138,0.00030137773137539625,0.00040736712981015444,0.0003524362691678107,7.760143489576876e-05,0.0,0.0,0.0,0.0,0.0,0.0,0.0,0.0,0.0,0.00033694537705741823,0.000596828933339566,0.0005271994741633534,0.00019395760318730026,0.0,5.3034964366815984e-05,0.0007289620698429644,0.001578663126565516,0.002105309162288904,0.0022523626685142517,0.0020084138959646225,0.0016598398797214031,0.0012186262756586075,0.0009858314879238605,0.0010732919909060001,0.0011881444370374084,0.001287122955545783,0.001264264341443777,0.0011070168111473322,0.0009859839919954538,0.0006255292100831866,0.0001669105258770287,0.0,0.0,0.0,0.00027669541304931045,0.0006095345015637577,0.0009044311591424048,0.0012599454494193196,0.0014920646790415049,0.0015559440944343805,0.00145781971514225,0.0011883925180882215,0.0007918172632344067,0.00044787689694203436,0.0003437298582866788,0.0004921969375573099,0.0007641566917300224,0.0010308731580153108,0.0013019625330343843,0.0012345843715593219,0.0011050710454583168,0.0006403423030860722,0.0,0.0,0.0,0.0,0.0,0.0,1.0525708603381645e-05,0.0003446917689871043,0.0006706726853735745,0.0006871938239783049,0.00041753819095902145,0.00013511846191249788,0.0,0.0,0.0,0.0,0.0,0.0,6.736115756211802e-05,7.08817460690625e-05,0.0,0.0,0.0,0.0,0.0,0.00033182944753207266,0.0006517551955766976,0.0007315623806789517,0.0006882608286105096,0.00046019331784918904,0.00014510170149151236,0.0,0.0,0.0,0.0,0.0,0.0,0.0,0.0,0.0,0.0,0.0,0.0,0.0,0.0,0.0,0.0,0.0,0.0,0.0,0.0,0.0,0.0,0.0,0.0,9.411651262780651e-05,0.00022733485093340278,0.0003023351891897619,0.0003650339785963297,0.000414433132391423,0.00045496138045564294,0.0005447035655379295,0.0005234458367340267,0.0005916990339756012,0.0006132535054348409,0.0005823670071549714,0.0005239215097390115
2025-12-09T15:54:15.332925,1765295655.3329248,0.000688641332089901,0.0006086621433496475,0.000516530591994524,0.0004167010774835944,0.000295477278996259,0.00012692234304267913,0.0,0.0,0.0,0.0,0.0,0.0003037185233552009,0.0005546562606468797,0.0004954940523020923,0.0002523860603105277,0.0,0.0,0.0,5.670281461789273e-05,0.00027364830020815134,0.0003675618499983102,0.00030553663964383304,0.0001568134466651827,4.6957989980001e-05,5.44923786947038e-05,0.00013757719716522843,0.00018244898819830269,0.00010683946311473846,1.4296726476459298e-05,6.039748041075654e-05,0.0003012324741575867,0.0007594756316393614,0.001324262353591621,0.0019004878122359514,0.00236756750382483,0.0025000539608299732,0.002286995528265834,0.0019358641002327204,0.0015710999723523855,0.0012923746835440397,0.0011148503981530666,0.0010070065036416054,0.0009281655075028539,0.0007778953295201063,0.0005206668865866959,0.00025034788995981216,0.0,0.0,1.9820449779217597e-06,0.00023184642486739904,0.0005133628146722913,0.0006584465154446661,0.0006926569622009993,0.0009009052300825715,0.0012020122958347201,0.0015303905820474029,0.001799542922526598,0.0018348657758906484,0.0017153909429907799,0.0014978148974478245,0.0012499861186370254,0.0009249622235074639,0.0008530346094630659,0.0005857322830706835,0.00029724949854426086,9.648968989495188e-05,0.0,0.0,4.9329893954563886e-05,0.00021689666027668864,0.00038899920764379203,0.0005295145092532039,0.00045663886703550816,0.0002802362432703376,0.0,0.0,0.0,0.0,0.0,0.0,0.0,0.0,0.0,0.0,0.0,0.0,0.0,1.6622252587694675e-05,5.937363766861381e-06,0.0,0.0,0.0,0.00011913330672541633,0.000283554894849658,0.00043057624134235084,0.0005019910749979317,0.00047839697799645364,0.0003745470312424004,0.00026480481028556824,2.8950755222467706e-05,0.0,0.0,0.0,0.0,0.0,0.0,0.0,0.0,0.0,0.0,0.0,5.507701644091867e-05,0.0001971477031474933,0.0002960864803753793,0.00030080717988312244,0.0001950869627762586,8.2089813076891e-05,4.9635014875093475e-05,0.0,0.0,0.0,0.0,0.0,0.0,0.0,0.0,2.928591493400745e-05,0.00022189697483554482,0.00042643447523005307,0.0006325289723463356,0.0008498820825479925,0.0009868438355624676,0.001020484371110797,0.0010511287255212665,0.0010731896618381143
2025-12-09T15:54:17.000502,1765295657.0005023,3.685021147248335e-05,0.0,0.0,0.0,0.0,0.0,0.0,0.0,0.0,0.0,2.4948401915025897e-05,0.000149501021951437,0.00026340814656578004,0.0003780571569222957,0.0004052122530993074,0.0003424801689106971,0.00019565492402762175,9.97470851871185e-05,2.5446212021051906e-05,0.0,0.0,0.0,0.0,0.00011107487807748839,0.00019490483100526035,0.0002428225998301059,0.00026178325060755014,0.00028243238921277225,0.0003055480192415416,0.00041238556150346994,0.0006714449846185744,0.0010729790665209293,0.0014106740709394217,0.001638829242438078,0.0018756964709609747,0.0022049718536436558,0.0023996224626898766,0.0023982259444892406,0.0023247648496180773,0.0021155637223273516,0.0017935880459845066,0.0014105476438999176,0.0009518960723653436,0.0005625634803436697,0.0004091951122973114,0.00041405114461667836,0.0002930134069174528,0.00037152544246055186,0.0004968250868842006,0.0006358568789437413,0.0007228590548038483,0.0007493693265132606,0.0007061711512506008,0.0006499415030702949,0.0007140602101571858,0.0008529018959961832,0.0012101306347176433,0.0017216196283698082,0.0021160871256142855,0.0022449579555541277,0.0021697478368878365,0.001802903483621776,0.0011877649230882525,0.0006347977323457599,0.00020848320855293423,0.0,0.0,0.0,0.0,0.0,0.0,0.0,0.0,0.0002657366276253015,0.000411825196351856,0.0008140782010741532,0.0011046124855056405,0.0013373957481235266,0.0011884138220921159,0.0008892210898920894,0.0002308850089320913,0.0,0.0,0.0,0.0,0.0,0.0,0.0,0.0002772728621494025,0.0005402995157055557,0.0007055241730995476,0.0007083174423314631,0.0006309226155281067,0.0006058165454305708,0.0005207720678299665,0.0005136753898113966,0.00037568280822597444,0.00017184793250635266,0.0,0.0,0.0,0.0,0.0,0.0,0.0,0.0,2.9550790713983588e-05,0.00015397300012409687,0.0002926579036284238,0.00037955184234306216,0.00040688106673769653,0.0003630189457908273,0.0003096022119279951,0.0002720160991884768,0.00026176951359957457,0.000245357136009261,0.00017179857240989804,0.00012852158397436142,6.951006798772141e-05,1.0639807442203164e-05,0.0,0.0,0.0,0.0,0.0,0.0,0.0,0.0,0.0,0.0,0.0,0.0,0.0,0.0,0.0
2025-12-09T15:54:18.666440,1765295658.66644,0.0008502140990458429,0.0005677959998138249,0.0003592980792745948,0.00020741383195854723,8.547803736291826e-05,6.060436862753704e-05,0.00020504156418610364,0.00045345354010351,0.0006042892346158624,0.0006447686464525759,0.00048955058446154,0.00012222710938658565,0.0,0.0,0.0,2.012335608014837e-05,0.00015152709966059774,0.00017883253167383373,0.00026083027478307486,0.00039070661296136677,0.00043417984852567315,0.0002909563190769404,6.773661880288273e-05,1.8498130884836428e-05,0.00022338857525028288,0.0005006736610084772,0.0006502980832010508,0.0005742890643887222,0.0004299807478673756,0.00043077979353256524,0.0005570599460043013,0.0008202058961614966,0.0011778149055317044,0.001386407413519919,0.0015163926873356104,0.0017223169561475515,0.0019000377506017685,0.0019419507589191198,0.002007397823035717,0.0020447014831006527,0.00173296092543751,0.0012791943736374378,0.0008812666637822986,0.000636351527646184,0.0006069716764613986,0.0005319949705153704,0.0005736235179938376,0.0007003095815889537,0.0007843180210329592,0.0006800623377785087,0.000452310690889135,0.000248448399361223,0.00024120730813592672,0.00047776210703887045,0.0008273784187622368,0.0011505803558975458,0.0013286266475915909,0.0012189308181405067,0.0009814054938033223,0.0008669349481351674,0.0009287967695854604,0.0011407271958887577,0.0012259780196473002,0.001204122556373477,0.0010929080890491605,0.0007648919709026814,0.0004866731760557741,0.00019616828649304807,0.0,0.0,0.0,0.0,0.0,0.0,0.0,0.0,0.0,0.0,0.0,0.0,0.0,0.0,0.0,0.0,0.0,0.00010555865446804091,0.000293391989544034,0.00017241212481167167,0.0,0.0,0.0,0.0,0.0,0.0001484040403738618,0.0003604611265473068,0.0004353010153863579,0.00038933297037146986,0.000248262716922909,4.2461735574761406e-05,0.0,0.0,0.0,0.0,0.0,6.661871157120913e-05,7.210465264506638e-05,0.0,0.0,0.0,0.0,0.0,0.0,4.056163743371144e-05,9.495485574007034e-05,0.00013023882638663054,0.0001925620308611542,0.00016586252604611218,3.366611053934321e-05,0.0,0.0,0.0,0.0,0.0,0.0,0.0,0.0,0.0,0.0,6.653857417404652e-05,0.00017924729036167264,0.00022987299598753452,0.00015306638670153916,0.00022079053451307118,0.0003179880732204765,0.0004144222766626626
2025-12-09T15:54:20.334080,1765295660.3340797,0.00036987356725148857,0.000413180619943887,0.00047576517681591213,0.0004973819013684988,0.0005130487261340022,0.0006682999664917588,0.0006394920637831092,0.0005254975403659046,0.00035058375215157866,0.00013584001862909645,0.0,0.0,0.0,0.0,0.0,3.8394041439460125e-06,0.0001292538654524833,0.0003501080209389329,0.0004950411384925246,0.0004695592215284705,0.00032600833219476044,0.00014277611626312137,4.35282381658908e-05,4.9072485126089305e-05,7.505713438149542e-05,0.00010500577627681196,0.00012134815915487707,6.278130604187027e-05,0.0,0.0,6.742399273207411e-05,0.0006153325666673481,0.0012922374298796058,0.0019783375319093466,0.0025711783673614264,0.002908045891672373,0.0027512426022440195,0.002216080902144313,0.0016080379718914628,0.001194956130348146,0.001030708895996213,0.0008835928747430444,0.0008309336844831705,0.0010166388237848878,0.0011176008265465498,0.0010411617113277316,0.0007386678480543196,0.0004375908465590328,0.0003554700524546206,0.00023652316303923726,5.232724652159959e-05,0.00012238787894602865,0.0003963267372455448,0.0008316203020513058,0.001418941537849605,0.0018981186440214515,0.0021344604901969433,0.0020910650491714478,0.0018379363464191556,0.001423462526872754,0.0009330063476227224,0.0005150934448465705,0.00020055945788044482,0.0,0.0,0.0,6.390473572537303e-05,0.0002965387247968465,0.0005001157405786216,0.0006981189944781363,0.0008792623411864042,0.000599415972828865,0.00021058885613456368,0.0,0.0,0.0,0.0,0.0,0.0,0.0,0.0,8.913026249501854e-05,0.0003499383747112006,0.0005086056771688163,0.0005706069059669971,0.000592088617850095,0.0005346491234377027,0.00034690764732658863,0.0002874762867577374,0.00020496288198046386,0.0001006465608952567,0.0,0.0,0.0,0.0,0.0,0.0,0.0,0.0,0.0,0.0,0.00015640501806046814,0.00025387012283317745,0.0003812336071860045,0.00037778232945129275,0.0003168794501107186,0.000237554544582963,0.00017321843188256025,6.432694499380887e-05,0.0,0.0,0.0,0.0,0.0,0.0,0.0,0.0,0.0,0.0,0.0,0.0,0.0,0.0,0.0,0.0,0.0,0.0,4.1805189539445564e-05,0.00012816753587685525,0.00013555616897065192,0.00019606854766607285,0.00022135836479719728,0.000165172154083848,8.15173625596799e-05,0.0
2025-12-09T15:54:22.001678,1765295662.0016775,0.0,0.0,0.0,0.0,0.0002590611402411014,0.0003136370505671948,0.00016231391055043787,0.0,0.0,9.028392378240824e-05,0.0004133247130084783,0.0005696949083358049,0.0004666011082008481,2.6143991362914676e-06,0.0,0.0,0.0,0.0,0.00020650733495131135,0.00033068866468966007,0.00041050530853681266,0.0005559344426728785,0.0006616376922465861,0.0005456202197819948,0.00018932012608274817,0.0,0.0,0.0,0.0005399902001954615,0.001301383599638939,0.0016071319114416838,0.0013320163125172257,0.0007853005081415176,0.0005254123243503273,0.0008232504478655756,0.001569458399899304,0.0024547225330024958,0.0030705209355801344,0.003142985049635172,0.0027540777809917927,0.002080663340166211,0.0013899363111704588,0.0006837900727987289,9.039866563398391e-05,0.0,0.0,0.0,0.00019055232405662537,0.000591825635638088,0.0009601395577192307,0.0010592751204967499,0.0009648324339650571,0.0009026496554724872,0.0008930438780225813,0.0009871276561170816,0.0012531174579635262,0.0015875285025686026,0.0018993651028722525,0.0021672029979526997,0.0023129351902753115,0.0020822167862206697,0.001539743272587657,0.0008455204661004245,0.0001082532326108776,0.0,0.0,0.0,0.0,0.0,0.0,0.0005267647211439908,0.000832979625556618,0.0009131001424975693,0.000738101196475327,0.0005906014121137559,0.00014036514039617032,0.0,0.0,0.0,0.0,0.00018253315647598356,0.0005045313155278563,0.00043273792834952474,8.206198253901675e-05,0.0,0.0,0.0,0.0,8.140867430483922e-05,0.0003395163221284747,0.000501603411976248,0.00048465479630976915,0.00035601333365775645,0.00029447709675878286,0.00029555734363384545,0.0003750405157916248,0.0003997426538262516,0.00033560802694410086,0.00020070176105946302,0.0,0.0,0.0,0.0,0.0,0.0,0.0001652187784202397,0.0004044592787977308,0.00056692078942433,0.0006191841675899923,0.0005468052113428712,0.0003927655052393675,0.00022041000192984939,0.0,0.0,0.0,0.0,0.0,0.0,0.0,0.0,0.0,0.0,0.0,2.4161165129044093e-05,0.00014665316848549992,0.00027110474184155464,0.0003779417020268738,0.0004741473530884832,0.00053756422130391,0.0004957556375302374,0.0004181708500254899,0.00018284788529854268,0.0,0.0,0.0
2025-12-09T15:54:23.669996,1765295663.6699955,7.824631757102907e-05,6.992275302764028e-05,4.0401188016403466e-05,3.823620136245154e-05,4.39822870248463e-05,0.0,0.0,0.0,0.0,0.0,0.00024622646742500365,0.000380344339646399,0.00031269111786969006,0.00011037446529371664,6.855653919046745e-05,0.00014550951891578734,0.00021478492999449372,0.00011611614900175482,0.0,0.0,0.0,0.0,0.0,0.00011211571836611256,0.0003410936624277383,0.00035053404280915856,0.00022631566389463842,3.579486656235531e-05,1.5579067621729337e-05,0.000312863354338333,0.000868272443767637,0.0014904459239915013,0.0019932847935706377,0.0021324758417904377,0.0019635669887065887,0.0017914694035425782,0.0016274056397378445,0.0015580798499286175,0.0016481257043778896,0.0017650241497904062,0.0017906196881085634,0.0015273015014827251,0.0012291611637920141,0.0009211665601469576,0.0005308593390509486,0.0001946153788594529,4.4600976252695546e-05,4.257797263562679e-05,0.00020130172197241336,0.00047069884021766484,0.0006069985684007406,0.0007003455539233983,0.0007164925918914378,0.0008635587291792035,0.0011244815541431308,0.0013855713186785579,0.00164628098718822,0.0018451150972396135,0.0018206752138212323,0.0016026765806600451,0.0015048866625875235,0.0014881712850183249,0.0013671942288056016,0.0011145955650135875,0.0008920967229641974,0.0005857455544173717,0.00018736270430963486,0.0,0.0,0.0,0.0,0.0,0.0,0.0,0.0,4.349107257439755e-05,0.00010168484004680067,0.00020270956156309694,0.0002977201947942376,0.0001191287738038227,0.0003832150250673294,0.0003645962569862604,0.00042063568253070116,0.00032433654996566474,0.00014193645620252937,0.0,0.0,0.0,0.0,0.0,0.0,3.65599335054867e-05,0.00014428440772462636,0.0002835442719515413,0.0001977970387088135,3.548148742993362e-05,0.0,0.0,0.0,0.0,0.0,0.0,0.0,0.00011422367242630571,0.000279976666206494,0.0003700608212966472,0.0003543110506143421,0.00025504553923383355,0.0001101023008232005,3.6906061723129824e-05,5.47096788068302e-05,0.00011923797865165398,0.00015932621317915618,0.00015873477968852967,0.00012688238348346204,8.436821372015402e-05,3.0527717171935365e-05,0.0,0.0,0.0,0.0,0.0,0.0,0.0,0.0,0.0,0.0,0.0,0.0,0.0,0.0,0.0,0.0,0.0,0.0
2025-12-09T15:54:25.336908,1765295665.336908,0.0,0.00010821220348589122,0.0002380447695031762,0.0003265856357757002,0.0004042588116135448,0.0003359887923579663,9.102157491724938e-05,0.0,0.0,0.0,0.0,2.322094042028766e-05,0.0002778320631477982,0.00026525824796408415,0.0001133296245825477,3.586726961657405e-05,1.0994547665177379e-05,2.5082808861043304e-05,1.4387259398063179e-05,7.094483589753509e-05,0.000223583570914343,0.0003309098246973008,0.0002846559800673276,0.00010693587682908401,0.0,8.884161798050627e-05,0.00032173978979699314,0.0004900179337710142,0.00047421955969184637,0.00035940707311965525,0.0002834324259310961,0.0003959826717618853,0.0007855530711822212,0.001415816368535161,0.0021688933484256268,0.0028622793033719063,0.0030419090762734413,0.002717399038374424,0.002154411980882287,0.001667320728302002,0.0012164717772975564,0.0009024891769513488,0.0009043131722137332,0.000991851557046175,0.0009535181452520192,0.0007610627799294889,0.00036753821768797934,0.0,0.0,0.0,0.0,0.0,0.0002066578163066879,0.0007448234246112406,0.0012862723087891936,0.0016778857680037618,0.0018833610229194164,0.0018593370914459229,0.0016432736301794648,0.0013409144012257457,0.0009300638921558857,0.0006520713795907795,0.0004307783383410424,0.00014426745474338531,0.0,0.0,0.0,0.00010743473103502765,0.00016023496573325247,0.00033293713931925595,0.000489288242533803,0.0006725072744302452,0.0006672077579423785,0.0005215411656536162,9.617737669032067e-05,3.6658093449659646e-05,0.0,0.0,0.0,0.0,0.0,0.0,0.0,0.0001923020463436842,0.0003725576098076999,0.0005033118068240583,0.0003660638176370412,0.00016862954362295568,0.0,0.0,0.00012016717664664611,0.000277437677141279,0.0003228959103580564,0.0001871516724349931,0.0,0.0,0.0,0.0,0.0,0.0,0.0002363447711104527,0.0004909805138595402,0.0005727442330680788,0.0005412931204773486,0.00043738679960370064,0.00029864165117032826,0.0001400066539645195,0.0,0.0,0.0,0.0,0.0,0.0,0.0,0.0,0.0,0.0,0.0,0.0,0.0,0.0,0.0,0.0,5.1636066928040236e-05,0.00017478987865615636,0.0002320103521924466,0.00023540772963315248,0.00020990024495404214,0.00017377201584167778,0.00020979761029593647,0.00020888559811282903,9.500040323473513e-05,7.425025250995532e-05,1.2258572496648412e-05,0.0
2025-12-09T15:54:27.004587,1765295667.0045867,0.000550133059732616,0.0005310857086442411,0.00047691239160485566,0.0003945389180444181,0.00026367505779489875,0.00013595493510365486,5.612458335235715e-05,4.0007369534578174e-05,3.632614971138537e-05,5.4799358622403815e-05,0.00010576633212622255,0.00025315466336905956,0.0004367676447145641,0.0005571264773607254,0.0004832405538763851,0.00028485467191785574,8.926093141781166e-05,9.369744657306e-05,0.0002351416478632018,0.00031548619153909385,0.00024282812955789268,7.747911149635911e-05,0.0,0.0,5.707782111130655e-05,0.0002961971622426063,0.0005671760300174356,0.0007478070328943431,0.000741696625482291,0.0006224455428309739,0.0005217902362346649,0.00056967802811414,0.0009129134123213589,0.0014971919590607285,0.0021141292527318,0.002829305361956358,0.0031328231561928988,0.003028067061677575,0.0027517625130712986,0.0022927646059542894,0.00154395611025393,0.0008057593950070441,0.0003202669322490692,7.163725058489945e-06,0.0,0.00019094064191449434,0.0005048083839938045,0.0007022726349532604,0.0008908621384762228,0.0007821265025995672,0.0004534659383352846,0.00019450685067567974,9.693527681520209e-05,0.00023376441095024347,0.0005916731897741556,0.0010534527245908976,0.0014633352402597666,0.0018560156458988786,0.002042548730969429,0.00201224978081882,0.0017674791160970926,0.0014364030212163925,0.0010266166646033525,0.0006566410302184522,0.0003280627424828708,0.00017959694378077984,0.0002154925896320492,0.00011940634431084618,6.257004133658484e-05,0.00012219544441904873,5.8347388403490186e-05,0.0,0.0,0.0,0.0,0.0,0.00010756350820884109,0.0004700397257693112,0.0007541538798250258,0.00103673932608217,0.0006907005445100367,0.00018491418450139463,0.0,0.0,0.0,0.0,0.0,0.0,0.0005990559002384543,0.0008657662547193468,0.0008992495713755488,0.0007513347663916647,0.00045704099466092885,0.0002715579466894269,0.00022538223129231483,0.0004377446311991662,0.0004563316178973764,0.00038542342372238636,0.0001731336524244398,0.0,0.0,0.0,0.0,0.0,0.0,0.0,0.0,0.0,0.0,0.0,0.0,6.659671635134146e-05,0.00016994941688608378,0.00028836249839514494,0.00042069857590831816,0.0005244443891569972,0.0006013766396790743,0.0006522354669868946,0.0006133595597930253,0.0004988026921637356,0.00036524111055769026,0.0002107804175466299,0.00010060801287181675,0.0,0.0,0.0,0.0,0.0,2.950899397546891e-05,0.00012024553871015087,0.00019815204723272473,0.00021922682935837656,0.0001935184554895386,0.00016890637925826013,0.00018034664390143007
