timestamp_iso,timestamp_unix,340,345,350,355,360,365,370,375,380,385,390,395,400,405,410,415,420,425,430,435,440,445,450,455,460,465,470,475,480,485,490,495,500,505,510,515,520,525,530,535,540,545,550,555,560,565,570,575,580,585,590,595,600,605,610,615,620,625,630,635,640,645,650,655,660,665,670,675,680,685,690,695,700,705,710,715,720,725,730,735,740,745,750,755,760,765,770,775,780,785,790,795,800,805,810,815,820,825,830,835,840,845,850,855,860,865,870,875,880,885,890,895,900,905,910,915,920,925,930,935,940,945,950,955,960,965,970,975,980,985,990,995,1000,1005,1010
2025-12-09T16:20:47.962336,1765297247.962336,1.021545995172346e-05,0.0,0.0,3.360873233759776e-05,0.00014292009291239083,0.00021399938850663602,5.55783262825571e-05,0.0,0.0,0.0,0.0,0.00025688245659694076,0.00043108436511829495,0.0005095480591990054,0.0006520343013107777,0.0007564773550257087,0.0005697873421013355,0.0002096924145007506,0.0,0.00014755004667676985,0.0007037878385744989,0.001315662288106978,0.0016563463723286986,0.0016739638522267342,0.0014768153196200728,0.0013441991759464145,0.0013310901122167706,0.0013942288933321834,0.0013605131534859538,0.0012619608314707875,0.0011962000280618668,0.0013542931992560625,0.0016553151654079556,0.0018907829653471708,0.0020629456266760826,0.002257179468870163,0.002309678588062525,0.002252730308100581,0.0022926160600036383,0.0023611478973180056,0.00240096147172153,0.0024282513186335564,0.002373976167291403,0.0022930956911295652,0.00235570571385324,0.002398759825155139,0.0022278213873505592,0.002104259328916669,0.0020330653060227633,0.0020613083615899086,0.002155500231310725,0.0024208168033510447,0.002874641912057996,0.003398771397769451,0.0038978306110948324,0.0041890512220561504,0.0043088700622320175,0.004058887250721455,0.0036172200925648212,0.0032006101682782173,0.0027672448195517063,0.0025645256973803043,0.0023882079403847456,0.00211141724139452,0.0018696830375120044,0.0015937197022140026,0.0011508946772664785,0.0008662594482302666,0.0006117137963883579,0.0002448871673550457,0.0,0.0,0.0,0.0,0.00019159875228069723,0.0005407163989730179,0.0009056455455720425,0.0012536054709926248,0.001212668721564114,0.0004935034667141736,0.0003372591454535723,0.0,0.0,0.0,0.0,0.0,0.0003090746176894754,0.0005621413583867252,0.0006697290227748454,0.0005657270085066557,0.0002178369031753391,0.0,0.0,0.0,0.0,0.0,0.00029793038265779614,0.0005209628725424409,0.000549047370441258,0.00030632095877081156,8.684604108566418e-05,0.0,0.0,0.0,0.0,0.00013574094919022173,0.0004005997907370329,0.0006414109375327826,0.0007357388967648149,0.0006737574003636837,0.0004474192683119327,0.00010510657739359885,0.0,0.0,0.0,0.0,0.0,0.00010119716171175241,0.00043273562914691865,0.0006860050489194691,0.0008052344201132655,0.0007599257514812052,0.0006762989214621484,0.0005094531807117164,0.0003151923883706331,0.00011214630649192259,0.0,0.0,0.0,0.0,0.0,0.0,0.0,0.0,0.0
2025-12-09T16:20:49.630175,1765297249.6301746,0.0,0.0,0.0,0.0,0.0,0.0,0.0,0.0,0.0,0.0,0.00012746552238240838,0.00017359420598950237,0.00015562195039819926,7.559221558040008e-05,0.0,0.0,0.0,0.0,9.395477536600083e-05,0.00026148761389777064,0.0004766194033436477,0.0008115089731290936,0.0012014894746243954,0.0015328717418015003,0.0016897483728826046,0.0016096222680062056,0.0013088358100503683,0.0008814468747004867,0.0006538395537063479,0.0008299970650114119,0.0012680189684033394,0.0017428223509341478,0.0019900151528418064,0.0020771378185600042,0.0020578582771122456,0.002164479112252593,0.002266051946207881,0.0024234207812696695,0.0025391497183591127,0.0026304530911147594,0.0025737553369253874,0.002409139648079872,0.002232239581644535,0.0020355519372969866,0.0019060663180425763,0.0018867265898734331,0.0018803175771608949,0.0020741159096360207,0.002293873345479369,0.0026925441343337297,0.0030070419888943434,0.0031964974477887154,0.003337286878377199,0.003397516440600157,0.003231970826163888,0.0031317921821027994,0.0031720770057290792,0.0033927778713405132,0.0037335732486099005,0.003977788612246513,0.003970758058130741,0.0037045683711767197,0.003078202484175563,0.0024143592454493046,0.0017428043065592647,0.0011608009226620197,0.0006463441532105207,0.00021651228598784655,0.0,0.00012353855709079653,0.00044335119309835136,0.001009778119623661,0.0014115521917119622,0.0015262303641065955,0.0011825318215414882,0.000698496587574482,6.60436853650026e-05,0.0,0.0,0.0,0.0,0.00013068168482277542,0.0003237987111788243,0.00043976790038868785,0.000407176383305341,0.0003279237716924399,0.00011920429824385792,0.0,0.0,0.0,0.0,0.0,0.0,5.252830669633113e-05,0.00030534822144545615,0.0004303234745748341,0.0005224777851253748,0.00048822443932294846,0.0003569215186871588,9.400102135259658e-05,0.0,0.0,0.0,0.0,0.0,0.0,0.0,0.0,0.0,0.0,1.1857270692416932e-05,0.0,0.0,0.0,0.0,7.287884363904595e-05,0.00015923811588436365,0.00021092701354064047,0.0002704460930544883,0.0002996132825501263,0.0002611688687466085,0.0002641098399180919,0.0002836821076925844,0.00025963844382204115,0.00016227269952651113,3.2832926081027836e-05,0.0,0.0,0.0,0.0,0.0,0.0,0.0,0.0,0.0
2025-12-09T16:20:51.300215,1765297251.3002148,0.0,0.0,0.0,0.0,0.0,0.0,4.862072819378227e-05,0.00012838667316827923,5.9297712141415104e-05,0.0,0.0,0.0,0.0,0.0,0.0,0.0,0.0,0.00014558847760781646,0.00041062376112677157,0.0005499352118931711,0.0004878913750872016,0.0005035963840782642,0.0008926863083615899,0.0016121669905260205,0.00221676891669631,0.0022288174368441105,0.0017414235044270754,0.0011660323943942785,0.0009016889962367713,0.0009180968045257032,0.0010951919248327613,0.0013670993503183126,0.001701235305517912,0.0019185238052159548,0.0019101259531453252,0.0018121246248483658,0.0019384013721719384,0.002376663265749812,0.0027240945491939783,0.0027962089516222477,0.002745684003457427,0.002657551085576415,0.002433985471725464,0.002168200444430113,0.0020784104708582163,0.002237684326246381,0.0024711359292268753,0.0026694738771766424,0.002694059396162629,0.0026166008319705725,0.002476748311892152,0.0024283716920763254,0.002484966069459915,0.0027235448360443115,0.002933430252596736,0.0032773942220956087,0.0037107302341610193,0.003993650432676077,0.003948769066482782,0.0036787569988518953,0.0031736157834529877,0.002901992527768016,0.0024863409344106913,0.002225413452833891,0.0019605786073952913,0.0015806176234036684,0.0012842199066653848,0.0008957978570833802,0.0006125392974354327,0.000447576108854264,0.00021681572252418846,0.00020864431280642748,0.0002905543951783329,0.0003830025380011648,0.0003251723537687212,0.0005269281682558358,0.0005489081377163529,0.00039322421071119606,0.0003556545125320554,0.00013323895109351724,7.620373071404174e-05,0.00031314772786572576,0.0006520746392197907,0.0007364714983850718,0.0005058355163782835,1.494978459959384e-05,0.0,0.0,0.0,0.0,0.0,0.0001732489326968789,0.00043877828284166753,0.0005515222437679768,0.0005326677928678691,0.00034272443735972047,0.00019242848793510348,8.315138256875798e-05,4.162507684668526e-05,3.146083327010274e-05,0.0,0.0,0.0,0.0,0.0,0.0,0.0,0.0,0.0,4.6582004870288074e-05,0.00012891333608422428,0.0001186041918117553,6.974171265028417e-05,4.4343392801238224e-05,9.531378054816741e-06,0.0,0.0,0.0,0.0,0.0,0.0,0.0,0.0,0.0,0.0,0.0,0.0,0.0,4.834956780541688e-05,0.00022427905059885234,0.0003447882190812379,0.00039962062146514654,0.00042296815081499517,0.0003967192315030843,0.0003521441831253469
2025-12-09T16:20:52.968092,1765297252.968092,6.187130111356964e-06,0.0,0.0,0.0,0.0,0.0,1.583070115884766e-05,7.447554526152089e-05,0.0,0.0,0.0,0.0,5.707939271815121e-05,0.000384103215765208,0.0004628637107089162,0.0003068596706725657,0.00019707753381226212,0.00027350278105586767,0.00045357109047472477,0.0005649211816489697,0.0006165876402519643,0.0007621771655976772,0.0011140865972265601,0.0015429649502038956,0.0017984319711104035,0.0017849445575848222,0.0015489768702536821,0.0011716752778738737,0.0009147790842689574,0.001015130546875298,0.0013713339576497674,0.0017233786638826132,0.001778389560058713,0.0015519927255809307,0.0013469938421621919,0.001514042029157281,0.0018652137368917465,0.0021470075007528067,0.002411619061604142,0.002649652538821101,0.0025813928805291653,0.0023060643579810858,0.002063773339614272,0.002029809635132551,0.0021726239938288927,0.002359929960221052,0.0025160948280245066,0.0026554407086223364,0.0026796378660947084,0.002638276433572173,0.002448830520734191,0.002240049187093973,0.002244379371404648,0.0024720304645597935,0.002820580033585429,0.003240792080760002,0.0035811865236610174,0.0038211452774703503,0.0039777569472789764,0.003882422111928463,0.0035063184332102537,0.003016277914866805,0.0024969573132693768,0.0019419000018388033,0.0016321656294167042,0.0012416961835697293,0.0009749499149620533,0.000808390905149281,0.0007295439136214554,0.0005476011428982019,0.00023678374418523163,0.00013732886873185635,0.00015538017032667994,0.00030253492877818644,0.0003773827338591218,0.0003263825783506036,0.00033542406163178384,0.00016240253171417862,0.0,0.0,0.0,7.401163020404056e-05,0.0005147045594640076,0.0005749379051849246,0.00037779295234940946,1.4611489859817084e-05,0.0,0.0,0.0,0.0,0.0002101887366734445,0.00036792148603126407,0.0004591349570546299,0.0005017026560381055,0.0004922875668853521,0.00042237259913235903,0.00033564167097210884,0.00023234514810610563,0.00017460022354498506,5.7293105783173814e-05,3.547544474713504e-05,0.0,0.0,0.0,0.0,0.0,0.0,0.0,0.0,0.0,0.0,0.0,0.0001370804093312472,0.0002674028219189495,0.00034945804509334266,0.0003748156304936856,0.0003525485226418823,0.0002910120238084346,0.00018600106704980135,5.1298451580805704e-05,0.0,0.0,0.0,0.0,0.0,0.0,8.941380656324327e-05,0.00023673175019212067,0.00028837419813498855,0.0002621013845782727,0.0002110904169967398,2.3174608941189945e-05,0.0,0.0,0.0
2025-12-09T16:20:54.634929,1765297254.6349292,0.0,0.0,0.0,0.0,0.0,0.0,0.00011494706268422306,0.00022298851399682462,0.00012993821292184293,0.0,0.0,0.0,0.0003330132458359003,0.000446025631390512,0.00020520483667496592,0.0,0.0,0.0,0.00030409664032049477,0.0006038580904714763,0.0008172441157512367,0.001039334456436336,0.0013033655704930425,0.001513511291705072,0.001566871302202344,0.0014432523166760802,0.0012854887172579765,0.0012704001273959875,0.0014028478180989623,0.0014883128460496664,0.001438312465324998,0.0014024256961420178,0.0015058203134685755,0.001811944181099534,0.002175562549382448,0.002529141493141651,0.00269948854111135,0.002586926566436887,0.00242405291646719,0.002144490135833621,0.0019635180942714214,0.002179542789235711,0.002288159215822816,0.0023858442436903715,0.0025812294334173203,0.0027806623838841915,0.0026642857119441032,0.0023923886474221945,0.0021419557742774487,0.00201449915766716,0.0020504440180957317,0.0022873778361827135,0.0027148339431732893,0.0030984999611973763,0.003535645781084895,0.003906335681676865,0.004246124066412449,0.004410213325172663,0.004202751442790031,0.0036227672826498747,0.0028137383051216602,0.0020466221030801535,0.0015166911762207747,0.0012883355375379324,0.0013287848560139537,0.0013860990293323994,0.0016023583011701703,0.001509021851234138,0.001123906229622662,0.0007387509103864431,0.00038174487417563796,0.0,0.0,0.0,0.0,0.0,0.0,0.0002501341514289379,0.0006207265541888773,0.0010527500417083502,0.0011222646571695805,0.0010596831561997533,0.0010841222247108817,0.0005681226612068713,0.00012023171439068392,0.0,0.0,0.0,0.0,0.0,0.0,0.0,0.00016844460333231837,0.00036749374703504145,0.000311699986923486,0.00012191076530143619,0.0,0.0,0.0,0.0,0.0,0.0,0.0,0.0,0.0,0.0,0.0,0.0,0.0,0.0,0.0,0.0,0.0,1.0276215107296593e-05,0.0001341588795185089,0.00012971446267329156,1.1310717127344105e-05,0.0,0.0,0.0,0.0,0.00016417092410847545,0.00027333697653375566,0.0002942646387964487,0.0002860145759768784,0.0002810407313518226,0.00024647542159073055,0.00020432101155165583,0.00013949788990430534,4.0789644117467105e-05,1.1525418813107535e-05,0.0,0.0,0.0,0.0
2025-12-09T16:20:56.301579,1765297256.3015788,0.0,0.0,0.0,0.0,0.0,0.0,0.0,0.0,0.0,0.0,0.0,0.0,0.0,0.0,0.0,2.6674961191019975e-05,0.00018011400243267417,0.0003216679615434259,0.000544138194527477,0.0009183135698549449,0.0012961426982656121,0.001512086484581232,0.001529891975224018,0.001510230591520667,0.0015513180987909436,0.0016045512165874243,0.0015542752807959914,0.0013959422940388322,0.0011438673827797174,0.0008572983206249774,0.0005393617320805788,0.0004135948547627777,0.0007253868388943374,0.0013899595942348242,0.0021845935843884945,0.002957227872684598,0.0034224570263177156,0.0034373675007373095,0.003005249658599496,0.0024542822502553463,0.0021004683803766966,0.0019376575946807861,0.002100324956700206,0.0023410345893353224,0.0025528823025524616,0.0027335293125361204,0.0027704047970473766,0.0024611875414848328,0.0022639355156570673,0.001986167160794139,0.0017666630446910858,0.0018526545027270913,0.0023027758579701185,0.0029092165641486645,0.0034631730522960424,0.003968179225921631,0.004289509262889624,0.004337650258094072,0.00422247126698494,0.003875493537634611,0.0033275033347308636,0.0026983958669006824,0.0021398821845650673,0.0016663813730701804,0.0012379513354972005,0.0008663635235279799,0.0008402059902437031,0.0007046819664537907,0.0006388902547769248,0.0007178825326263905,0.0008929938776418567,0.000561584485694766,0.00031456269789487123,0.0,0.00019274387159384787,0.0001624600845389068,0.00010180204844800755,0.00031223741825670004,0.00028394380933605134,0.00028514862060546875,8.420033555012196e-05,0.0,0.0,0.0,0.0,0.0,1.6363161194021814e-05,0.00027318246429786086,0.0006745095597580075,0.000654647417832166,0.0004961935337632895,0.00035566199221648276,0.00019794337276834995,0.00020792010764125735,0.00014394239406101406,0.0002390952140558511,0.0002547259209677577,0.00022981938673183322,0.00014592324441764504,2.1763644326711074e-05,0.0,0.0,0.0,5.229809630691307e-06,0.00010903627844527364,0.00019481638446450233,0.0002568824274931103,0.00028742486028932035,0.00031309950281865895,0.0003277981304563582,0.0003095824795309454,0.00026316067669540644,0.00013955868780612946,1.9984052414656617e-05,0.0,0.0,0.0,0.0,0.0,0.0,0.0,0.0,0.0,0.0,8.74438865139382e-06,4.0120037738233805e-05,2.8116504836361855e-05,1.9236787920817733e-05,5.2437582780839875e-05,0.0001577611401444301,0.0002658032753970474,0.0002817102649714798,0.00038572915946133435,0.0005137182888574898,0.000658175558783114
2025-12-09T16:20:57.968096,1765297257.9680955,0.0,0.0,0.0,0.0,0.00022049882682040334,0.00042173071415163577,0.0004641351115424186,0.0003475455741863698,0.00012070679076714441,0.0,5.850147886121704e-07,7.173611811595038e-05,5.524909283849411e-05,0.0,0.0,0.0,0.0,6.963994383113459e-05,0.0001904060336528346,0.000345633045071736,0.0006192154833115637,0.0010858179302886128,0.001669148332439363,0.0020442837849259377,0.001994377700611949,0.001640079659409821,0.0012763161212205887,0.0010510446736589074,0.000973679416347295,0.0010775180999189615,0.0013552752789109945,0.0017448464641347528,0.0020900550298392773,0.002180530223995447,0.0019854982383549213,0.0018020770512521267,0.0016359564615413547,0.001459468505345285,0.0016334244282916188,0.002156228292733431,0.0026545485015958548,0.002915831282734871,0.00293253012932837,0.0027848235331475735,0.0025605973787605762,0.0023000328801572323,0.002000934211537242,0.0018562435870990157,0.001997804269194603,0.002284937771037221,0.0024875446688383818,0.00267392466776073,0.0030309241265058517,0.0033844143617898226,0.003706233575940132,0.003878208575770259,0.0039956276305019855,0.003886905964463949,0.0036905340384691954,0.003339516930282116,0.002845372771844268,0.0023676827549934387,0.0021043482702225447,0.001840262091718614,0.0018644009251147509,0.0018070104997605085,0.001809798995964229,0.0016101159853860736,0.0012547292280942202,0.0009107972146011889,0.00045701066846959293,9.572206909069791e-05,0.0,0.0,0.0,0.0,0.0,0.00011646985512925312,0.0001511186419520527,0.00021306083363015205,0.0004546685959212482,0.0001882713258964941,0.00013458820467349142,7.313411333598197e-05,5.478356251842342e-05,3.1607843993697315e-05,0.0001494988246122375,0.0003269584849476814,0.00032955053029581904,0.0003009753709193319,0.00019452403648756444,1.366475953545887e-05,0.0,0.0,0.0,0.0,0.0,0.0,0.0,0.0,8.016062929527834e-05,0.00015088793588802218,0.0001841701741795987,0.00018726650159806013,0.00018332690524403006,0.00018033175729215145,0.00020873032917734236,0.0002934522635769099,0.0002828052674885839,0.00027140992460772395,0.00025679299142211676,0.00022982190421316773,0.000183665964868851,0.00013993805623613298,6.166542152641341e-05,0.0,0.0,0.0,0.0,1.711983486529789e-06,0.0001844917278503999,0.00035999459214508533,0.0004931245930492878,0.0005734444130212069,0.0006300080567598343,0.0006868685013614595,0.0007165580173023045,0.0007191008189693093,0.0006616630707867444,0.0005514621152542531,0.0004347873036749661,0.0002944793668575585,0.00018479980644769967,9.182240319205448e-05,3.290159293101169e-05
2025-12-09T16:20:59.637194,1765297259.6371942,0.0,0.0,0.0,0.0,0.0,0.0,0.0,0.0,0.00014838343486189842,0.00033510467619635165,0.0004725008038803935,0.0005772277363575995,0.0006037874263711274,0.0004900422063656151,0.0003235575568396598,0.00017912591283675283,0.0,0.0,0.0,0.0,9.939500159816816e-05,0.0006878810818307102,0.0013162062969058752,0.0017610447248443961,0.0019017544109374285,0.0017141054850071669,0.0013671647757291794,0.0011464047711342573,0.0012014396488666534,0.0013935077004134655,0.0015199094777926803,0.0015279260696843266,0.0015845742309466004,0.0018836583476513624,0.00212293304502964,0.00219668704085052,0.002177463611587882,0.0022532851435244083,0.002327561844140291,0.0022719374392181635,0.0023172793444246054,0.0024273614399135113,0.002556652296334505,0.0025337275583297014,0.0024147317744791508,0.002335022436454892,0.0024201851338148117,0.0023992322385311127,0.002382304985076189,0.0023654629476368427,0.0023321579210460186,0.00246657757088542,0.0027250610291957855,0.002919087652117014,0.003216202836483717,0.003587359795346856,0.003890544641762972,0.004059258848428726,0.004016617778688669,0.003638922469690442,0.0029466880951076746,0.0023751978296786547,0.0018424112349748611,0.0015660085482522845,0.001376523869112134,0.0013774024555459619,0.0014881283277645707,0.0014395354082807899,0.0011935023358091712,0.0010918951593339443,0.0009890460642054677,0.000890185299795121,0.0007617863593623042,0.0006263602990657091,0.0003735591599252075,7.565909618278965e-05,9.447915363125503e-05,0.0,0.0,0.0,0.0,2.339082675462123e-05,0.0,0.0,0.0,0.0,0.0,0.0,0.0,0.00010015149018727243,0.00046719922102056444,0.0006715066847391427,0.0007140955422073603,0.0005224637570790946,0.00027775854687206447,6.200022471603006e-05,0.0,0.0,0.0,0.0,7.479074702132493e-05,0.0001646785531193018,0.00012994796270504594,8.660763705847785e-05,2.6173303922405466e-05,0.0,0.0,0.0,0.0,0.0,0.0,0.0,0.0,0.0,0.0,0.0,0.0,0.0,0.0,0.0,0.0,9.875869000097737e-05,0.00020258614677004516,0.0003070640959776938,0.00040162724326364696,0.000485599652165547,0.0005734275910072029,0.0006173878791742027,0.0006145365769043565,0.0005748423282057047,0.0005934740183874965,0.0007600387325510383,0.0007717226981185377,0.0007830010144971311,0.0008177108247764409
2025-12-09T16:21:01.304622,1765297261.3046224,0.0006935870624147356,0.0009516345453448594,0.0010579227237030864,0.0010437240125611424,0.0008953519864007831,0.000506507174577564,0.0,0.0,0.0,0.0,0.0,0.0002507379977032542,0.0006853300146758556,0.0005896154907532036,0.00028945179656147957,0.00017553295765537769,0.0002497097884770483,0.0004305493785068393,0.0005003458936698735,0.000564555695746094,0.0007997676730155945,0.0012091405224055052,0.0014973562210798264,0.0014158559497445822,0.0010212947381660342,0.0006712443428114057,0.0006253674509935081,0.0009118964662775397,0.0013149059377610683,0.001588059589266777,0.0016595876077190042,0.0016001748153939843,0.001648241188377142,0.0020482318941503763,0.0025306525640189648,0.002862105378881097,0.0027484691236168146,0.0022328898776322603,0.001736685517244041,0.0015593174612149596,0.0016884378856047988,0.0021241202484816313,0.0027376178186386824,0.0031785322353243828,0.0032558725215494633,0.002970442408695817,0.002558303764089942,0.0021567675285041332,0.0018826723098754883,0.001914852298796177,0.0021166622173041105,0.002369639463722706,0.0027846789453178644,0.0033116100821644068,0.0037619969807565212,0.004183519631624222,0.004506347235292196,0.004602513741701841,0.004446547012776136,0.003957628738135099,0.003199192928150296,0.002272295067086816,0.001329233986325562,0.0007812301046214998,0.0005930921761319041,0.0008736880263313651,0.001359574613161385,0.0018114913254976273,0.0019072671420872211,0.001944508869200945,0.0018845844315364957,0.001536336145363748,0.0010618229862302542,0.0005122777656652033,0.0,0.0,0.0,0.0,0.0,0.0,0.0002744647499639541,0.0007110185688361526,0.0009070903761312366,0.0009516451391391456,0.0007267570472322404,0.0005243416526354849,0.0001433038414688781,0.0,0.0,0.0,0.0,0.0,0.0,0.0,0.0,0.0,0.0,0.0,0.0,0.00020770661649294198,0.0005111907375976443,0.0006894993130117655,0.0007721826550550759,0.0006919867009855807,0.0005269154789857566,0.00034322848659940064,0.0001893190637929365,0.00011327215906931087,5.142985537531786e-05,0.0,0.0,0.0,0.0,0.0,0.0,0.0,0.0,0.0,0.0,0.0,1.8904029275290668e-05,0.00032800136250443757,0.0005853539914824069,0.0007348382496275008,0.0007676621316932142,0.0007179022650234401,0.0005917067755945027,0.0004371315299067646,0.00025242872652597725,2.817586027958896e-05,0.0,0.0,0.0,0.0,0.0
2025-12-09T16:21:02.971712,1765297262.9717124,0.0006205095560289919,0.0006483663455583155,0.0005770840798504651,0.000423970865085721,0.000178959991899319,0.0,0.0,0.0,0.0,1.3531406466427143e-06,0.00010958410712191835,9.796310041565448e-05,0.0,0.0,7.601121615152806e-05,0.00023030654119793326,0.00022770000214222819,9.868374036159366e-05,2.7244279408478178e-05,0.00017597268742974848,0.0004852802958339453,0.0009142432827502489,0.001352531835436821,0.0017055131029337645,0.0018642303766682744,0.001774924690835178,0.001446097157895565,0.0011248225346207619,0.0009650812717154622,0.0009777175728231668,0.0011505857110023499,0.0013809888623654842,0.0016520303906872869,0.001896591274999082,0.0019059904152527452,0.0017266608774662018,0.00152692967094481,0.0016045795055106282,0.001889195293188095,0.0023297674488276243,0.0028246333822607994,0.0031170484144240618,0.003201316110789776,0.002925563370808959,0.002304314635694027,0.0018275073962286115,0.0015290436567738652,0.001452627475373447,0.0016470197588205338,0.002034696051850915,0.002485778881236911,0.002941922750324011,0.0032616285607218742,0.003329875646159053,0.0032440838403999805,0.0031921174377202988,0.0031385349575430155,0.003146855626255274,0.0032366847153753042,0.0032296522986143827,0.0031074704602360725,0.0031748481560498476,0.0030018493998795748,0.0029523116536438465,0.0027083430904895067,0.0024064709432423115,0.0019286712631583214,0.0013373910915106535,0.0006406339816749096,6.0266520449658856e-05,0.0,0.0,0.0,0.0,0.0,0.0,4.403560524224304e-05,4.851920311921276e-05,0.00028031886904500425,0.000489895639475435,0.0006379495607689023,0.000802329508587718,0.0006852949154563248,0.0006519509479403496,0.0006226416444405913,0.0005693792481906712,0.0004047454276587814,3.382060822332278e-05,0.0,0.0,0.0,0.0,0.0,0.0,0.0,0.00014207382628228515,0.00038759130984544754,0.0005203554173931479,0.0005357565241865814,0.0004647545574698597,0.0003028990176972002,0.0001356535794911906,1.5690889995312318e-05,0.0,0.0,0.0,0.0,0.0,0.0,0.0,0.0,0.0,0.0,0.0,7.758387801004574e-05,0.0003503353218548,0.0005895753856748343,0.0007694573141634464,0.0008884473936632276,0.000875486119184643,0.0007218546234071255,0.00045259285252541304,0.00017803159425966442,0.0,0.0,0.0,0.0,0.0,0.0,0.0,0.0,0.0,0.0,0.0,0.0
2025-12-09T16:21:04.639897,1765297264.6398973,0.0,0.0,3.893330358550884e-05,0.00013107992708683014,0.00031599245266988873,0.00037715418147854507,0.00019154231995344162,0.0,0.0,0.0,0.0,2.120296448993031e-05,0.00020185444736853242,0.0002403815306024626,0.00035632619983516634,0.0004928131820634007,0.0005564569146372378,0.0004434104193933308,0.00039497626130469143,0.000531714060343802,0.0007317884010262787,0.0009232699521817267,0.001068993704393506,0.001211792347021401,0.0013167017605155706,0.0013431963743641973,0.0012997051235288382,0.0010838049929589033,0.0007216235972009599,0.0004778826260007918,0.0006112809642218053,0.001230271765962243,0.0020247776992619038,0.002495256718248129,0.0026355108711868525,0.0023898461367934942,0.0020855397451668978,0.0018863343866541982,0.0018515499541535974,0.0021510785445570946,0.0024897258263081312,0.002709000138565898,0.002853527432307601,0.0028152375016361475,0.0026458597276359797,0.0023137559182941914,0.0019395860144868493,0.0018386199371889234,0.0019322434673085809,0.0020741792395710945,0.0025292348582297564,0.0031133329030126333,0.003596835071220994,0.0038707756903022528,0.003982111811637878,0.003921781200915575,0.0036933599039912224,0.003390273544937372,0.003050986910238862,0.002785929013043642,0.0026502248365432024,0.0026257243007421494,0.0025026313960552216,0.0023189347703009844,0.0020901954267174006,0.0017067694570869207,0.0014209483051672578,0.0010754505638033152,0.0007301175501197577,0.00038979024975560606,0.00018746877321973443,6.909097282914445e-05,0.0,0.0,0.0,0.0002445165882818401,0.0004021355416625738,0.0005504515138454735,0.00045754911843687296,0.00027611348195932806,0.0001354638661723584,0.0001807920343708247,0.00043762012501247227,0.0004831965488847345,0.000421876844484359,0.0002922992571257055,1.3701563148060814e-05,0.0,0.0,0.0,0.0,0.0,0.0,0.00011252273543504998,0.00038019337807781994,0.0005413004546426237,0.0006160024204291403,0.000642492959741503,0.0006168372929096222,0.0005394584150053561,0.00044184052967466414,0.00029377455939538777,0.0001606933947186917,0.0,0.0,0.0,0.0,0.0,0.0,0.0,0.0,1.346231329080183e-05,0.0001277720439247787,0.00024059289717115462,0.00035730894887819886,0.00047583109699189663,0.000558509782422334,0.0005674484418705106,0.0005692467675544322,0.0005497255478985608,0.00046759791439399123,0.00030478491680696607,0.00013844078057445586,0.0,0.0,0.0,0.0,0.0,0.0,0.0,0.0,9.384167060488835e-05,0.00020856046467088163,0.0003214917960576713,0.00038631955976597965
2025-12-09T16:21:06.305489,1765297266.3054886,0.0,0.0,0.0,0.0,3.4244562812091317e-06,9.287644934374839e-05,0.00013697078975383192,0.0,0.0,0.0,0.0,0.0,0.0,0.0002590963849797845,0.00032555966754443944,0.00021687020489480346,0.00016429886454716325,0.00018453181837685406,0.00031141587533056736,0.0004530214355327189,0.0005698310560546815,0.0006981170736253262,0.000904223823454231,0.0011879096273332834,0.0014789602719247341,0.0016170894959941506,0.0015335105126723647,0.0011499894317239523,0.0006860871217213571,0.000469632213935256,0.0006678582285530865,0.001278765732422471,0.0020596582908183336,0.0026878048665821552,0.002975247334688902,0.002950716530904174,0.0025240429677069187,0.0020606061443686485,0.0017763277282938361,0.001791793154552579,0.002033536322414875,0.0022157214116305113,0.0023858274798840284,0.0024603381752967834,0.0023139731492847204,0.002181757939979434,0.0020022212993353605,0.0019455101573839784,0.0020953973289579153,0.002357002580538392,0.0026952459011226892,0.003110349178314209,0.0034777922555804253,0.0036348120775073767,0.003627138677984476,0.0035929344594478607,0.003492722287774086,0.0035075366031378508,0.0035145485308021307,0.003329731058329344,0.0030383188277482986,0.0028402311727404594,0.0023735917638987303,0.0021640686318278313,0.0019428693922236562,0.0018231419380754232,0.0017205229960381985,0.00156580307520926,0.0012584629002958536,0.0007174175698310137,0.00017963348363991827,0.0,0.0,0.0,0.0,0.0,0.0,0.0,0.0005391754093579948,0.0007913907174952328,0.0009494459955021739,0.0010384592460468411,0.0007954648463055491,0.0004777481372002512,0.0002448644663672894,0.0002396766358288005,0.0,0.0,0.0,0.0,0.0,0.0,0.0,0.0,0.0,0.00016571604646742344,0.00035524036502465606,0.0004855339939240366,0.0005457281949929893,0.0004950892180204391,0.0004779270966537297,0.0004412625276017934,0.0003969479294028133,0.0003773530188482255,0.0002542441652622074,3.545718936948106e-05,0.0,0.0,0.0,0.0,0.0,0.0,0.0,0.0,0.0,0.0,0.0,0.0,0.0,0.0,0.0,0.0,9.764129936229438e-05,0.00023147117462940514,0.00033172735129483044,0.0004182869743090123,0.00046273734187707305,0.0004698274424299598,0.00045272582792676985,0.0003306651196908206,0.00017815407773014158,0.0001206507149618119,0.0,0.0,0.0
2025-12-09T16:21:07.972625,1765297267.9726253,0.0004671273345593363,0.00029497951618395746,0.00017417158233001828,0.00010248025500914082,8.114972843031865e-06,0.0,0.0,0.0,0.0,5.5370870541082695e-05,0.0002799424692057073,0.0003228697460144758,0.00014262014883570373,0.0,0.0,0.0,0.0,0.0,0.00010496567119844258,0.0004527510318439454,0.0008680653991177678,0.0012821144191548228,0.00162370759062469,0.0017225214978680015,0.0015140826581045985,0.0011393330059945583,0.0008592496160417795,0.0008107462199404836,0.0008711343980394304,0.0009700885857455432,0.0011358056217432022,0.0014096403028815985,0.0016890923725441098,0.0017811439465731382,0.0018505905754864216,0.002151231514289975,0.002414986491203308,0.0026272546965628862,0.002707502106204629,0.002744060242548585,0.002602979075163603,0.002270975150167942,0.0019741097930818796,0.0019288460025563836,0.0020946820732206106,0.0022874625865370035,0.0023107307497411966,0.0023374687880277634,0.0024788144510239363,0.0025101620703935623,0.002299053594470024,0.002242890652269125,0.0023883902467787266,0.0027635819278657436,0.003339926013723016,0.003914950415492058,0.004306078422814608,0.0043380651623010635,0.0040750266052782536,0.003582868492230773,0.0029846560209989548,0.0024680858477950096,0.0022287715692073107,0.0020684185437858105,0.0019168362487107515,0.0016902782954275608,0.0016250774497166276,0.001353503786958754,0.0011493656784296036,0.000774008163716644,0.00026463757967576385,0.0,0.0,0.0,0.0,0.00014886338612996042,0.0008125161402858794,0.001288793282583356,0.0013749331701546907,0.001273732166737318,0.0008632287499494851,0.00038606527959927917,0.0,0.0,0.0,0.0,0.0,0.0,0.0,0.0,0.0,0.0,5.618372597382404e-05,0.0003243974060751498,0.0003218330966774374,0.0002460401738062501,7.016216113697737e-05,0.0,0.0,3.473833203315735e-05,0.000256109400652349,0.0003538946039043367,0.00031423268956132233,0.00028280369588173926,0.00017478212248533964,0.0,0.0,0.0,0.0,0.0,0.0,0.0,8.792622452347132e-07,0.00019441159383859485,0.00033087871270254254,0.00038294357364065945,0.0003275841590948403,0.00022838306904304773,0.00015416026872117072,0.00015962687029968947,0.00020177308761049062,0.00024024120648391545,0.00025292663485743105,0.0002839814405888319,0.0003240674559492618,0.00034577265614643693,0.0003247307031415403,0.0002702602942008525,0.0002416585775790736,0.00020044748089276254,8.792432345217094e-05,3.413385638850741e-05,0.0,0.0,0.0
2025-12-09T16:21:09.639603,1765297269.639603,4.224773510941304e-05,0.0,0.0,0.0,0.0,0.0,0.0,0.0,0.0,0.00019306324247736484,0.0003840525751002133,0.0005198774742893875,0.0005167793133296072,0.00010176589421462268,0.0,0.0,0.0,0.00014062869013287127,0.0006542353075928986,0.0008630473166704178,0.0007785666966810822,0.0006989528192207217,0.000893009768333286,0.0013719697017222643,0.001916237291879952,0.0021623929496854544,0.0019023343920707703,0.0013946624239906669,0.0010274775559082627,0.0009505818597972393,0.0010611859615892172,0.0012087495997548103,0.0013908242108300328,0.0016974852187559009,0.0020796600729227066,0.002573420060798526,0.0029283598996698856,0.0029596160165965557,0.002812196034938097,0.002678570104762912,0.0024519329890608788,0.0021720591466873884,0.001981449779123068,0.0019281276036053896,0.002032979391515255,0.0022364913020282984,0.002260395558550954,0.0023714767303317785,0.0026940437965095043,0.002839574357494712,0.0026519647799432278,0.002480932744219899,0.0024225495290011168,0.0024248643312603235,0.002669275039806962,0.003179378341883421,0.003792199771851301,0.0044361683540046215,0.004952015820890665,0.004990425426512957,0.004499478731304407,0.0035244112368673086,0.0024622981436550617,0.001496054814197123,0.0007224402506835759,0.0003237336641177535,8.442618855042383e-05,0.00010736125841503963,0.00031843475881032646,0.00059930031420663,0.0009831326315179467,0.001132757170125842,0.0011537264799699187,0.001042000250890851,0.0007657830137759447,0.00030155820422805846,0.0,0.0,0.0,0.0,0.0,0.00014087307499721646,0.00018005042511504143,0.00013039248005952686,0.0,0.0,0.0,2.2957916371524334e-05,0.00037626983248628676,0.0006370480987243354,0.0008398027857765555,0.0008060871041379869,0.0006078565493226051,0.000334085343638435,6.359718827297911e-05,0.0,0.0,0.0,0.0,0.0,0.0,0.0,0.0,0.0,0.00011135717068100348,0.0004104746622033417,0.0006791033665649593,0.0008860836969688535,0.000979662756435573,0.0009892950765788555,0.0009557089651934803,0.0008647222421132028,0.0006664774264208972,0.0004295168328098953,0.00014128467591945082,0.0,0.0,0.0,0.0,0.0,0.0,0.0,0.0,2.099747143802233e-05,0.00010739713616203517,0.00018276700575370342,0.00020692394173238426,0.00019574527686927468,0.00017099446267820895,0.0001402275956934318,7.566713975393213e-06,0.0,0.0,0.0,0.0
2025-12-09T16:21:11.307033,1765297271.307033,0.0,0.0,0.0,0.0,0.0,0.0,0.0,0.0,0.0,0.0,3.356613888172433e-05,0.00034455390414223075,0.0005839983932673931,0.00047768844524398446,0.0001361832837574184,0.0,0.0,0.000199424714082852,0.0006210164865478873,0.0008382883970625699,0.0008254158892668784,0.0008478417876176536,0.0010622343979775906,0.0013449694961309433,0.0016064762603491545,0.0017007659189403057,0.001589948427863419,0.0012004816671833396,0.0007246609311550856,0.00045673109707422554,0.0006060122977942228,0.0012092692777514458,0.001940222573466599,0.002480702707543969,0.002651152666658163,0.0024533302057534456,0.002267430303618312,0.001819052966311574,0.0016977996565401554,0.0019596971105784178,0.002324911067262292,0.002666604006662965,0.002721998607739806,0.0025581030640751123,0.0023180118296295404,0.002056814031675458,0.0016541924560442567,0.001488757785409689,0.0017400915967300534,0.002173354383558035,0.002569046337157488,0.002844074508175254,0.003162911394611001,0.0034586116671562195,0.0036975357215851545,0.003970280289649963,0.004156162962317467,0.0040586586110293865,0.003934459760785103,0.0036974872928112745,0.003311978653073311,0.0028332830406725407,0.002373692113906145,0.0019075439777225256,0.0013786479830741882,0.0010383042972534895,0.0009043439640663564,0.0008921398548409343,0.0009651634027250111,0.000938567565754056,0.0008063821587711573,0.0004631030897144228,0.00015042038285173476,0.0,0.0,0.0,0.0,0.0,1.4450841263169423e-05,8.936577796703205e-05,0.00042012453195638955,0.0010395734570920467,0.001295418944209814,0.0011647536884993315,0.0008297045133076608,0.000497820321470499,1.9381524907657877e-05,0.0,0.0,0.0,0.0,0.0,0.0,0.0,4.664934749598615e-05,9.78306052275002e-05,0.00019706622697412968,0.00028430839302018285,0.0003867015475407243,0.00040147139225155115,0.00042483341530896723,0.000356323056621477,0.00028515729354694486,4.6237280912464485e-05,0.0,0.0,0.0,0.0,0.0,0.0,0.0,0.0,0.0,0.0,0.0,0.0,0.0,0.0,0.0,0.0,0.0,8.204386540455744e-05,0.00015959335723891854,0.00020704951020888984,0.00024169303651433438,0.00026669385260902345,0.000294877594569698,0.0002704204525798559,0.0001533309114165604,6.308305455604568e-05,0.0,0.0,0.0,0.0,0.0
2025-12-09T16:21:12.976251,1765297272.976251,0.0,0.0,0.0,0.0,0.0003612660802900791,0.0008259707828983665,0.0011394777102395892,0.0010563544929027557,0.0007474502781406045,0.00019225067808292806,0.0,0.0,0.0,0.0,0.0,0.0002958905533887446,0.0005834559560753405,0.0005244124913588166,0.0003265018458478153,0.0003151756536681205,0.00066160544520244,0.0012458872515708208,0.0017395345494151115,0.0019213606137782335,0.0018536042189225554,0.001739388913847506,0.0016866076039150357,0.001557410228997469,0.001207237015478313,0.0007595933275297284,0.0004614336066879332,0.0005501187406480312,0.0011680154129862785,0.001979273511096835,0.002683028345927596,0.0031249658204615116,0.0031192863825708628,0.002829074626788497,0.002433998743072152,0.0021201528143137693,0.0020152099896222353,0.0020660285372287035,0.0023135256487876177,0.0025264141149818897,0.0026754599530249834,0.0028088169638067484,0.002725247759371996,0.0023954217322170734,0.002173831220716238,0.0019130894215777516,0.0017265973147004843,0.001855689100921154,0.002327980473637581,0.002928053494542837,0.0036663315258920193,0.004392936825752258,0.004853523336350918,0.004837250802665949,0.004407812375575304,0.003728721523657441,0.0029590921476483345,0.0022909867111593485,0.0019740075804293156,0.0016407161019742489,0.0013614376075565815,0.0011221551103517413,0.0010769667569547892,0.0010062780929729342,0.001006727572530508,0.000996183487586677,0.0009224996319971979,0.0006586146191693842,0.00038807973032817245,0.00021535622363444418,4.9821112042991444e-05,0.00010706300236051902,0.00018283269309904426,0.000363185623427853,0.0002018672093981877,0.00010062441288027912,0.0,0.0,0.0,0.0,0.0,0.0,0.00015115944552235305,0.0005091905477456748,0.0006318418309092522,0.000521719572134316,0.0003026209305971861,2.486110861354973e-05,0.0,0.0,0.0,0.0,5.0628656026674435e-05,0.00010245735757052898,7.51054467400536e-05,0.0,0.0,0.0,0.0,8.963807340478525e-05,0.0002217926667071879,0.0003437920822761953,0.00044797221198678017,0.0005220354651100934,0.0005092466599307954,0.00042384499101899564,0.0003140876942779869,0.000220548317884095,0.00014349598495755345,8.74433244462125e-05,6.993700662860647e-05,1.2586609045683872e-05,0.0,0.0,0.0,1.98104989976855e-05,4.989933950128034e-05,2.3096825316315517e-05,0.0,0.0,0.0,0.0,0.0,0.0,0.0,0.0,0.0,0.0,0.0,0.0,1.2291201301195542e-07
2025-12-09T16:21:14.646569,1765297274.6465685,0.0,0.0,0.0,3.8128426240291446e-05,0.000327599816955626,0.0004838349705096334,0.000387534499168396,0.00019422841432970017,0.0,0.0,0.0,0.0,0.0,0.0,0.0,0.0,0.00013459267211146653,0.0005012698238715529,0.0007960579823702574,0.0008565214811824262,0.0007596916402690113,0.000673193484544754,0.0007560423691757023,0.0010476865572854877,0.0013361662859097123,0.0013919684570282698,0.001215980271808803,0.0009668429847806692,0.0009005816536955535,0.0010870529804378748,0.001389812328852713,0.0016069822013378143,0.0016379040898755193,0.0015039914287626743,0.0014087785966694355,0.0017428224673494697,0.0022627210710197687,0.0027541869785636663,0.0030846847221255302,0.003073128405958414,0.0027219837065786123,0.002127049257978797,0.001561561250127852,0.001376323401927948,0.001598767121322453,0.0022516027092933655,0.0028506703674793243,0.0033022055868059397,0.0035842913202941418,0.003521910635754466,0.003024127334356308,0.002401775447651744,0.0019400105811655521,0.0017240504967048764,0.0016960174543783069,0.001916455221362412,0.0024568792432546616,0.0033072077203541994,0.004050155635923147,0.004531105048954487,0.004534914158284664,0.004194322973489761,0.0033345806878060102,0.002463845768943429,0.0017372389556840062,0.0010404348140582442,0.0005044726422056556,9.396759196533822e-06,0.0,0.0,0.0,0.00027675877208821476,0.0007559063378721476,0.0011204988695681095,0.001129492069594562,0.0013918946497142315,0.001182581763714552,0.0008211652748286724,0.0005291446577757597,0.00011866017302963883,0.0,0.0,9.661549847805873e-05,0.00030013173818588257,0.0002550897188484669,0.0,0.0,0.0,0.0,0.000276959384791553,0.0006861464353278279,0.000920852820854634,0.0009195665479637682,0.0006796267698518932,0.00031969445990398526,0.0,0.0,0.0,0.0,0.0,0.0,0.0,0.0,0.0,0.0,0.0,7.524617831222713e-05,0.0003709502925630659,0.0005917957169003785,0.0006761339609511197,0.0005952765350230038,0.00035494970506988466,9.472957026446238e-05,0.0,0.0,0.0,0.0,0.0,0.0,0.0,0.0,0.0,0.0,0.0,0.0,0.0,0.0,0.0,0.0,2.4852917704265565e-05,9.821604180615395e-05,6.395013770088553e-05,3.9441136323148385e-05,0.0,0.0
2025-12-09T16:21:16.314985,1765297276.3149846,0.0,0.0,0.0,0.0,0.0,0.0,0.0,0.0,3.665682743303478e-05,0.0001479217316955328,2.7545469492906705e-05,0.0,0.0,0.0,0.00028795452089980245,0.0005777562037110329,0.0006170207634568214,0.0004690716159529984,0.00030607814551331103,0.00031740227132104337,0.0006546469521708786,0.001091960584744811,0.001377681503072381,0.0013865944929420948,0.0012537204893305898,0.0012511068489402533,0.0014413283206522465,0.001713771722279489,0.0016911814454942942,0.0012139070313423872,0.0005254754796624184,0.00012436478573363274,0.00039259219192899764,0.0012760756071656942,0.0024533390533179045,0.003253448521718383,0.003529011970385909,0.0031010154634714127,0.002197705674916506,0.0014990033814683557,0.0011983952717855573,0.0014957329258322716,0.002213005442172289,0.003018039045855403,0.003571022069081664,0.003659406676888466,0.0032654753886163235,0.0026893820613622665,0.0019473342690616846,0.001346785225905478,0.001092266640625894,0.0012063529575243592,0.0017213206738233566,0.002651192946359515,0.003631110303103924,0.004581922199577093,0.0052355267107486725,0.005402793642133474,0.005031398963183165,0.004174785688519478,0.003172000404447317,0.002171233296394348,0.0014477280201390386,0.0009609643602743745,0.0006977508310228586,0.0006247296696528792,0.0008029741002246737,0.0010934954043477774,0.0013146589044481516,0.0015235461760312319,0.0014126950409263372,0.0011347050312906504,0.0008046699804253876,0.00040361614082939923,0.0,0.0,0.0,0.0,0.0,0.0,0.0,0.0,0.0,0.0002643582411110401,0.0009297720389440656,0.0013480305206030607,0.0017489450983703136,0.0019036763114854693,0.0016707387985661626,0.0011268123053014278,0.000434002373367548,0.0,0.0,0.0,0.0,0.0,0.0,0.0,0.0,0.0,0.0,0.0,0.0001508029963588342,0.0005042029079049826,0.0008140999125316739,0.001103008515201509,0.001302527729421854,0.0013439118629321456,0.0011982343858107924,0.0009150651167146862,0.0004875978920608759,0.0,0.0,0.0,0.0,0.0,0.0,0.0,0.0,9.601823694538325e-05,0.0003525028587318957,0.0005346561665646732,0.0006324949208647013,0.0006708677974529564,0.0006691019516438246,0.0006457187118940055,0.0005874264752492309,0.00048019495443440974,0.000361831858754158,0.00021850031043868512,0.0001632989733479917,0.00023515880457125604,0.00026484663248993456,0.0003049061633646488,0.00036756802001036704
2025-12-09T16:21:17.982467,1765297277.9824672,0.0,0.0,0.0,0.0,0.0,0.00012922726455144584,0.00042224169010296464,0.0005644283955916762,0.00046390460920520127,0.0001298898714594543,0.0,0.0,0.0,0.00022959661146160215,0.0003026551567018032,0.00022655616339761764,0.00011808833369286731,0.00012570917897392064,0.00018648030527401716,0.0002806182310450822,0.00048101312131620944,0.0007352171815000474,0.0009816914098337293,0.0011830562725663185,0.0013561092782765627,0.001500779646448791,0.00153304822742939,0.0014420750085264444,0.0012719654478132725,0.0011121738934889436,0.0010402391199022532,0.001115660066716373,0.0013836254365742207,0.001808590954169631,0.0023361099883913994,0.0026948945596814156,0.0026382862124592066,0.002471155719831586,0.002373323542997241,0.002308892784640193,0.0023332759737968445,0.0024660902563482523,0.0025329708587378263,0.002475850284099579,0.0022049681283533573,0.001855171867646277,0.0015969501109793782,0.0016734091332182288,0.00205003353767097,0.0024935787077993155,0.0029263170436024666,0.003168668830767274,0.003380700945854187,0.003616314148530364,0.0037503440398722887,0.003795674769207835,0.003846679348498583,0.0038961037062108517,0.003879110561683774,0.0035966893192380667,0.0031065933872014284,0.002389234025031328,0.0017284196801483631,0.0011430466547608376,0.0006919379229657352,0.000554523488972336,0.000541648012585938,0.0006921678432263434,0.0008736574673093855,0.0011210436932742596,0.00133071921300143,0.0013616855721920729,0.0011530251940712333,0.0008266704389825463,0.0003242483944632113,6.84969563735649e-05,0.0,0.0,0.0,0.00032322705374099314,0.00034925577347166836,0.00039307933184318244,0.0002538272528909147,0.0,0.0,0.0,0.0,0.0,0.0,0.0,0.0,0.0,0.0,0.0,0.0,0.0,6.116578151704744e-05,0.0003044109034817666,0.0005032893968746066,0.0006456833216361701,0.0005279805045574903,0.00026724053896032274,0.0,0.0,0.0,0.0,0.0,9.456256520934403e-05,0.0003162784851156175,0.0004592503246385604,0.00046998020843602717,0.0003773756034206599,0.00024073044187389314,8.073703793343157e-05,0.0,0.0,0.0,0.0,0.0,0.0,0.0,0.0,0.0,0.0,0.0,0.0,7.240798731800169e-05,0.00012469927605707198,0.0001367851218674332,0.00015403685392811894,5.9476638853084296e-05,7.843399362172931e-05,2.2261292542680167e-05,0.0,0.0
2025-12-09T16:21:19.649456,1765297279.6494558,0.0,0.0,0.0,0.0,2.4557692086091265e-05,6.775456131435931e-05,2.7983784093521535e-05,3.543292768881656e-05,0.00011384717072360218,0.00025625794660300016,0.00041426290408708155,0.0003710822493303567,0.0001112297031795606,0.0,0.0,0.0,0.0,0.00031188211869448423,0.0006153624854050577,0.0008284039213322103,0.0009216729667969048,0.0010040025226771832,0.0011217993451282382,0.0013324855826795101,0.0015196785097941756,0.0015546440845355392,0.0013721789000555873,0.000979072181507945,0.0006233567255549133,0.0006317513762041926,0.0010867371456697583,0.0017919990932568908,0.0023655544500797987,0.0025445339269936085,0.002368581248447299,0.0021237561013549566,0.0018728773575276136,0.0015881485305726528,0.0016396994469687343,0.001922743278555572,0.002208475722000003,0.002330645453184843,0.0024449846241623163,0.0025712205097079277,0.0025866669602692127,0.002361492719501257,0.0021910977084189653,0.002118572359904647,0.002226933604106307,0.002318160142749548,0.0023803808726370335,0.0024853218346834183,0.002695870352908969,0.0030394948553293943,0.0032356535084545612,0.0033051627688109875,0.0033807281870394945,0.0034448825754225254,0.0034748734906315804,0.0033441476989537477,0.003009273437783122,0.0027517678681761026,0.00234688981436193,0.0022359963040798903,0.002113663125783205,0.0018721931846812367,0.0016966075636446476,0.0012964337365701795,0.0008227936923503876,0.0005658816080540419,0.0004464962985366583,0.00028507530805654824,0.0002625540364533663,0.00023123262508306652,7.300714787561446e-05,0.0,0.0,0.0,0.0,0.0,0.0,0.00044322534813545644,0.0009785691509023309,0.001115038525313139,0.0009409412159584463,0.00044837823952548206,0.0001000106567516923,0.0,0.0,0.0,0.0,0.0,0.0,0.0,2.039945866272319e-05,0.0,2.8714604923152365e-05,7.396494038403034e-05,0.00010563081013970077,0.0002342972729820758,0.0002036718651652336,0.00019660651742015034,0.00017674523405730724,0.00019000489555764943,0.00012273772154003382,2.9503004043363035e-05,0.0,0.0,0.0,0.0,0.0,0.0,0.0,0.0,0.0,0.0,0.00010956773621728644,0.0001390433608321473,0.00010185800783801824,5.396301730797859e-06,0.0,0.0,0.0,0.0,0.0,0.0,0.0,7.223351713037118e-05,0.00014131661737337708,0.00013211503392085433,0.0001710531214484945,0.0001969075237866491,0.00027477150433696806,0.0003184517554473132,0.0003427552292123437
2025-12-09T16:21:21.316760,1765297281.31676,0.0,0.0,0.0,0.0,0.00017725612269714475,0.0003050954546779394,0.0004066202964168042,0.00039910076884552836,0.00026273992261849344,0.0001728404313325882,0.00014401081716641784,0.00017875591584015638,0.00024401623522862792,0.0001870069681899622,0.0,0.0,0.0,2.5533841835567728e-05,0.0005580089637078345,0.0010588011937215924,0.0013840908650308847,0.0014415438054129481,0.001321482239291072,0.001108919270336628,0.000958880118560046,0.0009597209864296019,0.0011248424416407943,0.0013428719248622656,0.0014111645286902785,0.0013061149511486292,0.0011469433084130287,0.0011653046822175384,0.0013577619101852179,0.0015389635227620602,0.0017584990710020065,0.001987515715882182,0.0023087048903107643,0.0026379097253084183,0.002737858099862933,0.002779781585559249,0.002682250924408436,0.0024544387124478817,0.0021925673354417086,0.002048679394647479,0.002158717717975378,0.0024450162891298532,0.002737234579399228,0.0030858193058520555,0.0032708582002669573,0.0032103657722473145,0.0029385797679424286,0.0026010966394096613,0.0022636563517153263,0.002210357692092657,0.002503461204469204,0.0029951748438179493,0.0035369032993912697,0.003927743528038263,0.004063436761498451,0.003904650453478098,0.0036354223266243935,0.0034446038771420717,0.0032108828891068697,0.0028793090023100376,0.0023983672726899385,0.0018489831127226353,0.0012692101299762726,0.0007526609697379172,0.0004642680287361145,0.00021283069509081542,0.00018234476738143712,4.067885674885474e-05,6.693644536426291e-05,0.00026962097035720944,0.0005544295418076217,0.0006760627147741616,0.0010351419914513826,0.0012436178512871265,0.001011730870231986,0.0003678259381558746,0.0,0.0,0.0,0.0,0.0,0.0,0.0,0.0,0.0,9.371747728437185e-05,0.0002531308273319155,0.0004466289246920496,0.0005128366756252944,0.0005517699755728245,0.00032581499544903636,5.611105007119477e-05,0.0,0.0,0.0,0.0,0.0,0.0,0.0,0.0,0.0,0.0,0.0,0.0,0.0,0.0,0.0,0.00015688393614254892,0.00025379579165019095,0.00024934354587458074,0.00017496102373115718,5.643901022267528e-05,0.0,0.0,0.0,0.0,0.0,6.131069767434383e-06,0.0001431700075045228,0.0002682575141079724,0.0003078856389038265,0.00029284993070177734,0.00023382864310406148,0.0001608263555681333,9.044574107974768e-05,6.849128112662584e-05,3.5161705454811454e-05,8.119381527649239e-05,0.00010822982585523278,0.00011651956447167322,0.0001333787222392857
2025-12-09T16:21:22.983727,1765297282.9837275,0.0010041737696155906,0.0010039694607257843,0.0009976191213354468,0.0009954620618373156,0.0009459665743634105,0.0006454975809901953,0.0001859798067016527,0.0,0.0,0.0,0.0,0.0,0.00020917410438414663,0.0006141149206086993,0.0006721514509990811,0.0005231928662396967,0.0003148166579194367,0.0001872651482699439,0.0001282843732042238,0.00019434158457443118,0.0004967385903000832,0.0009905622573569417,0.0014866502024233341,0.001762652420438826,0.0017915084026753902,0.0017098981188610196,0.0016850137617439032,0.0015961143653839827,0.0012992887059226632,0.0008308300748467445,0.0004136378120165318,0.00034915507421828806,0.0007000689511187375,0.0013663388090208173,0.0020959777757525444,0.0025530841667205095,0.0027047907933592796,0.0024232203140854836,0.0019933991134166718,0.0016768182395026088,0.0017073415219783783,0.0020207639317959547,0.002448061015456915,0.00296603050082922,0.0033191784750670195,0.0031588473357260227,0.002707078820094466,0.002115566749125719,0.0016653728671371937,0.001511758309789002,0.001608842983841896,0.0019827857613563538,0.002648379420861602,0.003365232376381755,0.004000650718808174,0.0045099942944943905,0.004619317129254341,0.004189964849501848,0.0036084819585084915,0.0029519537929445505,0.0023183031007647514,0.001993754878640175,0.001873946632258594,0.0018834765069186687,0.0019278785912320018,0.0018337687943130732,0.0018551114480942488,0.0016906408127397299,0.001300608622841537,0.0007955459877848625,0.00023546286683995277,0.0,0.0,0.0,0.0,0.0,0.0001489637652412057,0.00029721809551119804,0.00030117074493318796,0.0003095206047873944,0.0003526439249981195,0.0004294365062378347,0.0006456812843680382,0.0006527648074552417,0.0005755522288382053,0.0005487696616910398,0.0003197492624167353,0.00024286250118166208,0.0,0.0,0.0,0.0,0.0,0.0,0.0,0.0,0.0,0.00015904600149951875,0.0002600817533675581,0.0002894244098570198,0.0002579632855486125,0.0002302670618519187,0.00025954277953132987,0.00026291547692380846,0.00027386395959183574,0.0002893305500037968,0.0003276500792708248,0.00034447727375663817,0.0002968201879411936,0.00014257496513891965,0.0,0.0,0.0,0.0,0.0,0.0,0.0,0.0,4.569811426335946e-05,0.00026894331676885486,0.00042035809019580483,0.00045041521661914885,0.0004247426113579422,0.00036470999475568533,0.00026154599618166685,0.00011715390428435057,0.0,0.0,0.0,0.0,0.0,0.0,0.0,0.0,0.0
2025-12-09T16:21:24.652900,1765297284.6528997,0.0006528793601319194,0.0004564301925711334,0.00027486204635351896,0.00012464610335882753,0.0,0.0,0.0,0.0,0.00010427809320390224,0.00023755579604767263,0.0002316991740372032,0.00017525073781143874,0.00016028476238716394,0.00019052953575737774,0.00022979537607170641,0.0001658877736190334,8.194112888304517e-05,0.0,0.0,4.842050839215517e-05,0.00039598782313987613,0.0008699937025085092,0.0013446372468024492,0.0017128781182691455,0.0019441095646470785,0.001984471920877695,0.0018226710380986333,0.0014127576723694801,0.0008932911441661417,0.0005959796253591776,0.0007648568716831505,0.0013490132987499237,0.002003623638302088,0.0023009339347481728,0.0021255039609968662,0.0018581210169941187,0.0017462725518271327,0.0017086225561797619,0.0018814747454598546,0.002063934225589037,0.002490515122190118,0.002793861785903573,0.002787261037155986,0.002690737135708332,0.002577876439318061,0.002401311881840229,0.0021431990899145603,0.0019157062051817775,0.0018209561239928007,0.002011327538639307,0.0022658908274024725,0.0024010257329791784,0.002659325720742345,0.0030681693460792303,0.003636233974248171,0.004080554470419884,0.004317339975386858,0.004189074970781803,0.0038192979991436005,0.0033629960380494595,0.0029404342640191317,0.002638355130329728,0.0023505755234509706,0.0019608710426837206,0.0017239548033103347,0.0014763076324015856,0.0011575877433642745,0.0010293263476341963,0.0010204422287642956,0.0008955441298894584,0.0006511852261610329,0.0005309463595040143,0.00037238793447613716,0.0003121405898127705,0.0,0.0,0.0,0.0,0.0,0.0,0.0,4.074173921253532e-05,0.0001906908437376842,0.0003263175312895328,0.00047666559112258255,0.0005947925965301692,0.00047775430721230805,0.0002231505495728925,0.0,0.0,0.0,0.0,0.0,0.0,7.916753384051844e-05,1.2218913070682902e-05,0.0,0.0,0.0,4.934935350320302e-05,0.0003542354970704764,0.0006384342559613287,0.0008960379636846483,0.0009567943052388728,0.0008734968141652644,0.0006326404400169849,0.0002296060265507549,0.0,0.0,0.0,0.0,0.0,0.0,0.0,0.0,7.274661038536578e-05,0.00016019577742554247,0.00016939097258727998,0.00010875814041355625,3.634505992522463e-05,1.4503898171369656e-07,0.0,0.0,7.032498251646757e-05,0.00017102519632317126,0.00028133633895777166,0.00041249566129408777,0.0004814924905076623,0.0005153150414116681,0.00045357225462794304,0.0003121308982372284,0.0003159293264616281,0.0002605199406389147,0.00019839240121655166,0.00014324011863209307
2025-12-09T16:21:26.320818,1765297286.3208177,0.0003005226026289165,0.00019774740212596953,0.00013480658526532352,0.00010657302482286468,0.0001593713677721098,0.00027407382731325924,0.00032226095208898187,0.0004180198593530804,0.0003474569821264595,0.00016103798407129943,0.00013322017912287265,0.000279612751910463,0.0004033349687233567,0.0004170723841525614,0.0003804386069532484,0.0003142979694530368,0.00013851065887138247,0.0,0.0,0.00024204330111388117,0.0008400105289183557,0.0014571836218237877,0.0018829315667971969,0.0020312608685344458,0.0018444233573973179,0.0014924289425835013,0.0012057314161211252,0.0011328770779073238,0.0012202152283862233,0.001329741789959371,0.001355750486254692,0.0013712749350816011,0.0014607501216232777,0.0015467434423044324,0.001758615835569799,0.002017665421590209,0.0022291471250355244,0.002440788084641099,0.002653262810781598,0.0027234123554080725,0.0025986817199736834,0.00244137947447598,0.0023376955650746822,0.0021969787776470184,0.0022363292519003153,0.0022853733971714973,0.0024066315963864326,0.0025215856730937958,0.0025060672778636217,0.0025110195856541395,0.002491364488378167,0.002523065311834216,0.002700471319258213,0.002920791506767273,0.0031678113155066967,0.003496843855828047,0.003829631954431534,0.0039542242884635925,0.0038449165876954794,0.0035348732490092516,0.003062670351937413,0.00268398760817945,0.0024599716998636723,0.002308940514922142,0.0022139509674161673,0.0018871105276048183,0.001442791661247611,0.0008773477748036385,0.00036654656287282705,0.0,0.0,0.0,0.0,0.00022146977426018566,0.0006733820191584527,0.0009264735854230821,0.0011992917861789465,0.001169114955700934,0.0008160301367752254,0.00033185913343913853,0.00011655296111712232,0.0,0.0,0.0,0.0,0.0,0.0,0.0,0.0,0.0003708396980073303,0.0007189417956396937,0.0008201777818612754,0.0006954804412089288,0.00040308237657882273,5.284021972329356e-05,0.0,0.0,0.0,0.0,0.0,0.0,0.0,0.0,0.0,0.0,0.0,0.0,0.0,0.0,6.860555004095659e-05,0.00015202963550109416,0.00022482468921225518,0.000246408861130476,0.0001827083178795874,8.291171980090439e-05,0.0,0.0,0.0,0.0,0.0,0.0,0.0,0.0,0.0,0.0,0.0,0.0,0.0,0.0,0.0,0.0,0.0,0.0,0.0,0.0
2025-12-09T16:21:27.987175,1765297287.9871745,0.00012109433737350628,0.0002612483804114163,0.0003874804242514074,0.0005129895871505141,0.0006928937509655952,0.0008295197039842606,0.0008123061852529645,0.0006476016715168953,0.000341338396538049,0.0,0.0,0.0,0.0,0.0,3.648962956503965e-05,0.0002470985637046397,0.00040378584526479244,0.0005860991659574211,0.0006590612465515733,0.0006038000574335456,0.0005819184007123113,0.0007878534961491823,0.0012549369130283594,0.0017257912550121546,0.0018745206762105227,0.001636324916034937,0.0012839313130825758,0.0010200601536780596,0.0009494162513874471,0.0010389377130195498,0.0012344063725322485,0.0014605658361688256,0.0015946815256029367,0.0016692746430635452,0.001866474049165845,0.0021210371050983667,0.002414999296888709,0.002552563790231943,0.0026065849233418703,0.0025958886835724115,0.002529196674004197,0.002429126761853695,0.0023575318045914173,0.002441062591969967,0.0025778417475521564,0.0025376216508448124,0.002498997375369072,0.0025046414230018854,0.002435589674860239,0.002305238274857402,0.0021231062710285187,0.001988897332921624,0.0021876550745218992,0.0026930125895887613,0.0032690365333110094,0.003909164573997259,0.004450175445526838,0.004594793077558279,0.004222389776259661,0.0035483932588249445,0.0027747175190597773,0.0021123781334608793,0.001695799408480525,0.001515883719548583,0.0013748420169577003,0.001192034687846899,0.001132124220021069,0.0011347682448104024,0.0010362140601500869,0.0009477586718276143,0.0009112998959608376,0.0005957019748166203,0.0003071261162403971,0.0,0.0,0.0,0.0,0.0,0.0,0.0,0.0,0.0,0.0,0.00015010728384368122,0.00028569181449711323,0.0003671739832498133,0.00047939448268152773,0.0005190370720811188,0.0007512028096243739,0.0007987655117176473,0.0007350992527790368,0.0005595507682301104,0.0002845246053766459,1.7765541997505352e-05,0.0,0.0,0.0,0.0,0.0,0.0,0.0,0.0,0.0,0.0,0.0,0.0,3.5705244954442605e-05,0.00012562992924358696,0.00022446764342021197,0.00033954789978452027,0.0004610952455550432,0.0005152825033292174,0.0005065628211013973,0.0004645911685656756,0.00038043700624257326,0.00025224449927918613,0.00017449269944336265,6.758964445907623e-05,0.0,0.0,0.0,0.0,0.0,0.0,0.0,0.0,0.0,0.0,0.0,0.0,0.0,0.0,0.0,0.0,0.0
2025-12-09T16:21:29.655818,1765297289.655818,0.001153941615484655,0.001089664874598384,0.0009788243332877755,0.0008034551865421236,0.0006234137690626085,0.00037950152182020247,0.0002235041611129418,0.00011305601219646633,8.085937224677764e-06,0.0,0.0,0.0,0.0,0.00014951170305721462,0.0003083568881265819,0.0003578149189706892,0.0002871879260055721,0.0001941155205713585,0.00013103218225296587,0.00030421713017858565,0.0007275136304087937,0.0013015333097428083,0.0017662040190771222,0.001873875968158245,0.0016038547037169337,0.001161850756034255,0.0007964600226841867,0.0007710996433161199,0.0010224757716059685,0.0012850090861320496,0.0013344483450055122,0.0012624915689229965,0.0012131775729358196,0.0013924244558438659,0.0018256674520671368,0.002241485519334674,0.0025305652525275946,0.0026203012093901634,0.0026090044993907213,0.0024716733023524284,0.0022625226993113756,0.002243987051770091,0.0022827060893177986,0.00218135304749012,0.0020760009065270424,0.002019526669755578,0.0019396098796278238,0.0020065954886376858,0.00218017166480422,0.0024770672898739576,0.002832192461937666,0.0030774909537285566,0.0032251838129013777,0.003239386947825551,0.0033248283434659243,0.003497061785310507,0.0037699721287935972,0.0039400444366037846,0.003923144191503525,0.003613811219111085,0.0031572182197123766,0.002612196607515216,0.002214619657024741,0.001966119045391679,0.0016825060592964292,0.0015215873718261719,0.0014186968328431249,0.0012025590986013412,0.0007780264131724834,0.0003825585008598864,0.0001663129369262606,0.0,0.0,0.0,0.0,0.0,0.000335118907969445,0.00056166120339185,0.0006703870603814721,0.0008869768353179097,0.0007410225225612521,0.000652822433039546,0.00027780866366811097,3.1577849313180195e-06,0.0,0.0,0.0,0.0,0.0,0.0,8.936699305195361e-05,0.00012585635704454035,0.000102801168395672,8.397139026783407e-05,7.623089186381549e-05,0.0001267422194359824,0.00015878207341302186,0.00016021449118852615,0.00016596702334936708,0.00016423375927843153,0.00011052012996515259,0.00010884220682783052,0.00015579830505885184,0.00019665319996420294,0.00016004141070879996,0.00011198915308341384,2.860006679838989e-05,0.0,0.0,0.0,0.0,0.0,0.0,0.0,5.934063665335998e-05,0.00021451423526741564,0.0003366142918821424,0.0004821007896680385,0.0005552840302698314,0.0005086567252874374,0.00041149157914333045,0.0002795332402456552,0.0001716917468002066,6.005347313475795e-05,0.0,0.0,0.0,0.0,0.0,0.0,0.0,0.0,0.0,0.0,0.0
2025-12-09T16:21:31.322737,1765297291.3227365,0.0,0.0,0.0,0.00029573458596132696,0.000738083035685122,0.0010253717191517353,0.0011180912842974067,0.0008471079054288566,0.000420763244619593,0.0,0.0,0.0,0.0,2.2139045540825464e-05,0.00034845221671275795,0.0004290424403734505,0.00036556125269271433,0.0003279764496255666,0.00037799892015755177,0.0005378761561587453,0.0008192736422643065,0.0011167454067617655,0.0013574297772720456,0.0014881296083331108,0.001498372876085341,0.0013594167539849877,0.0011192687088623643,0.0008378250640816987,0.0005817774799652398,0.00040397056727670133,0.00038921236409805715,0.0006942704203538597,0.0013454287545755506,0.0021591854747384787,0.002894729608669877,0.003326230915263295,0.0032513700425624847,0.0027389125898480415,0.0022188317961990833,0.0019099373603239655,0.0019154251785948873,0.002108402783051133,0.002347473055124283,0.002629365772008896,0.0027189378160983324,0.00256370659917593,0.002158989431336522,0.001810458954423666,0.001861486118286848,0.0019088550470769405,0.001926841796375811,0.002069442067295313,0.0024913139641284943,0.0030641306657344103,0.0037354480009526014,0.004360565450042486,0.004757114686071873,0.004938190802931786,0.004848994314670563,0.004343423061072826,0.0034284708090126514,0.002456302521750331,0.0013599201338365674,0.0006703204708173871,0.0003075058339163661,0.000269618583843112,0.0006150698172859848,0.0009515212732367218,0.0011167059419676661,0.001287003862671554,0.0012792488560080528,0.0011736599262803793,0.0009183540241792798,0.0005526016466319561,0.00016260816482827067,0.0,0.0,0.0,0.0,0.0,0.0,0.0005931862397119403,0.00112647854257375,0.0011981911957263947,0.0010013574501499534,0.0007393081323243678,0.0004437939205672592,0.00029879671637900174,0.0001775739510776475,0.000217820328543894,0.00019783216703217477,0.0,0.0,0.0,0.0,0.0,0.0,0.0,0.0,0.0,2.8761958674294874e-05,0.00026938013616017997,0.00046701173414476216,0.0006120061734691262,0.0006747745792381465,0.0006933691329322755,0.0006683514802716672,0.0005788464331999421,0.0004759625007864088,0.00038630241760984063,0.00028003015904687345,0.0001788828958524391,6.035255137248896e-05,0.0,0.0,0.0,0.0,0.0,0.0,0.0,0.0,0.0,0.0,0.0,0.0,0.0001454832381568849,0.0004420237091835588,0.0006630843272432685,0.000763820658903569,0.0006910972879268229,0.000581314554437995,0.0007095533073879778,0.0006962110637687147,0.0007122760289348662,0.0007125308038666844
2025-12-09T16:21:32.991667,1765297292.9916673,0.0,0.0,0.0,0.0,0.0,0.0,0.0,0.0,0.00037368759512901306,0.0007566142594441772,0.0008175632101483643,0.0005836811615154147,0.0002845896815415472,7.032690336927772e-05,0.0,0.0,0.0,4.1640710151114035e-06,0.00017716296133585274,0.00037200975930318236,0.0005217870348133147,0.0006575107690878212,0.0008650204399600625,0.0011305803200230002,0.0013806758215650916,0.00152837042696774,0.0015015073586255312,0.0013411788968369365,0.0010840543545782566,0.0009266289998777211,0.001039267866872251,0.0014597376575693488,0.0020122523419559,0.0024526307824999094,0.0026273573748767376,0.0024993468541651964,0.0022592786699533463,0.0020573160145431757,0.002142534125596285,0.00237906607799232,0.002482530428096652,0.002478053094819188,0.0023401023354381323,0.002151287393644452,0.001955962972715497,0.0017648555804044008,0.0018800634425133467,0.0021784785203635693,0.0024498957209289074,0.0027018655091524124,0.002874994184821844,0.003029624465852976,0.0031911847181618214,0.0033530425280332565,0.0034302284475415945,0.003435487160459161,0.003421977162361145,0.0033581946045160294,0.0032905535772442818,0.0032374269794672728,0.0030899913981556892,0.0027785561978816986,0.0025033156853169203,0.0021339619997888803,0.001701508997939527,0.0012975408462807536,0.001093357801437378,0.0008265824289992452,0.0005015701754018664,0.0002811110171023756,0.00017659575678408146,0.0003629150742199272,0.0004959389334544539,0.0006171694258227944,0.0007105354452505708,0.0007410776452161372,0.0009387066820636392,0.0011360915377736092,0.0007943916134536266,0.00038449710700660944,0.0,0.0,0.0,0.0,0.0,0.00013104821846354753,0.00015077648276928812,0.0,0.0,0.0,0.0,0.0,0.0,0.0004546049458440393,0.0008070804760791361,0.0010047166142612696,0.0009742016554810107,0.0008446469437330961,0.0006565065123140812,0.00043078124872408807,0.00018121777975466102,0.0,0.0,0.0,0.0,0.0,0.0,0.0,0.0,0.0,0.00015884121239650995,0.0004980995436199009,0.0006616907776333392,0.00070712820161134,0.0006298331427387893,0.00041043764213100076,9.487691568210721e-05,0.0,0.0,0.0,0.0,0.0,0.0,7.66625307733193e-05,0.0002920673869084567,0.0004174393543507904,0.000463677104562521,0.00046704511623829603,0.0004043789522256702,0.0003294807975180447,0.0003119992616120726,0.00036238375469110906,0.0002863146655727178,0.0002683607744984329,0.00027341264649294317
2025-12-09T16:21:34.659580,1765297294.6595798,0.0,7.17431612429209e-05,9.338229574495926e-05,8.56372425914742e-05,8.379193604923785e-05,6.588958785869181e-05,0.00012734340270981193,0.00019618736405391246,0.000307828770019114,0.0003459555155131966,0.00030672067077830434,0.0002797404595185071,0.00019120339129585773,0.0,0.0,0.0,0.0,0.00022696724045090377,0.0008629278163425624,0.001192695926874876,0.0011872424511238933,0.0010580469388514757,0.0010816677240654826,0.0012735824566334486,0.0014960668049752712,0.001576209207996726,0.001350637525320053,0.001029199338518083,0.0008264888310804963,0.000844244787003845,0.0010251255007460713,0.0013344904873520136,0.0017111697234213352,0.0022210595197975636,0.0027058469131588936,0.0030063989106565714,0.0029864904936403036,0.0024986877106130123,0.00195681257173419,0.0015946687199175358,0.0013031071284785867,0.0014356592437252402,0.0017617761623114347,0.002007635310292244,0.002315315417945385,0.0025958772748708725,0.002640736987814307,0.0026180059649050236,0.0025712200440466404,0.0025531305000185966,0.002555098384618759,0.0026603015139698982,0.002864702371880412,0.0031913933344185352,0.0035830719862133265,0.0039763255044817924,0.004252116661518812,0.004317802842706442,0.004057964775711298,0.0035303947515785694,0.002880096435546875,0.0021301908418536186,0.001567026716656983,0.0011584404855966568,0.0009633295121602714,0.0009811010677367449,0.0011681693140417337,0.0014115693047642708,0.0017138198018074036,0.0017776460153982043,0.001632781233638525,0.0012092838296666741,0.0006899168947711587,0.00020523839339148253,0.0,0.0,0.0,0.0,0.0,0.0,0.0,0.00026481624809093773,0.0004801774921361357,0.0004352866089902818,0.00037888094084337354,0.000470527884317562,0.00033272430300712585,0.00018608356185723096,0.00013889599358662963,3.7214871554169804e-05,0.0,0.0,0.0,0.0,0.0,0.0,0.0,0.0,4.439369513420388e-05,0.0004561849927995354,0.0008134189993143082,0.0010260723065584898,0.0011208286741748452,0.0010717692784965038,0.0008656046120449901,0.000592673837672919,0.0002955837408080697,2.1213534637354314e-05,0.0,0.0,0.0,0.0,0.0,0.0,0.0,0.0,0.0,0.0,0.0,0.0,0.0,0.0,8.5619387391489e-05,0.0002715352748055011,0.000409497763030231,0.0004857543099205941,0.0005438993684947491,0.0005325425881892443,0.0004420942277647555,0.00033186550717800856,0.00020910105376970023,0.0001859885815065354,6.448289786931127e-05,3.513160208967747e-06,0.0
2025-12-09T16:21:36.327670,1765297296.3276699,0.00028721679700538516,0.00024101673625409603,0.00025328301126137376,0.0003007387858815491,0.00035568044404499233,0.00033015458029694855,0.00019979540957137942,8.114537922665477e-05,0.0,0.0,0.00013022749044466764,0.0003082303737755865,0.00031587446574121714,0.00011013569019269198,0.0,0.0,0.0,0.0,0.0,0.0005538776167668402,0.0012021444272249937,0.0016688272589817643,0.0018873746739700437,0.0019075633026659489,0.0017692476976662874,0.0014842191012576222,0.001104653812944889,0.0006776528898626566,0.00037008593790233135,0.0004124124825466424,0.0008196451235562563,0.0014215328264981508,0.0019484107615426183,0.0021647654939442873,0.00220419280230999,0.002220429014414549,0.002313175704330206,0.0025338511914014816,0.0028455413412302732,0.0030800867825746536,0.003097923705354333,0.002918865066021681,0.0026108105666935444,0.0023034585174173117,0.0019332928350195289,0.0017754738219082355,0.001835297211073339,0.0019213272025808692,0.0021250101272016764,0.0023888328578323126,0.0026258162688463926,0.0028204484842717648,0.003019043942913413,0.003100290196016431,0.0032815008889883757,0.0035598985850811005,0.003884505946189165,0.003998545464128256,0.0038883055094629526,0.0036965426988899708,0.0033853012137115,0.003157077357172966,0.002700279001146555,0.0022503931540995836,0.0017040955135598779,0.0012930573429912329,0.0009283267427235842,0.0006725997664034367,0.00047533775796182454,0.00044060006621293724,0.0004686628526542336,0.0003414381353650242,0.0002933632640633732,0.00020273466361686587,3.150145857944153e-05,0.0,0.0,0.0,0.0,0.0,0.0,0.000301962107187137,0.0007182510453276336,0.0009573922143317759,0.0010314392857253551,0.0009875574614852667,0.0007991167949512601,0.0006195979076437652,0.0005273898132145405,0.00026322799385525286,0.0,0.0,0.0,0.0,0.0,0.0,0.0,0.0,0.0,0.0,0.0,0.0,0.0,6.254261825233698e-05,0.00037271942710503936,0.0006279539666138589,0.0007700035348534584,0.0007743838359601796,0.000652601826004684,0.00046410851064138114,0.00022768160852137953,3.194491728208959e-05,0.0,0.0,0.0,0.0,5.494054494192824e-05,0.00014867396384943277,0.00021290946460794657,0.00016521372890565544,5.428944496088661e-05,0.0,0.0,0.0,0.0,0.0,5.9931404393864796e-05,0.00014509825268760324,0.0002679595781955868,0.00031060990295372903,0.0003366702003404498,0.0002651374670676887,0.0002425339916953817,0.0002691030385904014,0.0002641148166731
2025-12-09T16:21:37.995406,1765297297.9954057,0.0,0.0,1.113196776714176e-05,8.96682104212232e-05,0.00016957221669144928,0.00025318816187791526,0.00019937942852266133,1.5214283848763444e-05,0.0,0.0,0.0,0.0,0.0,0.00025245797587558627,0.0004234397492837161,0.0003544495557434857,6.02342261117883e-05,0.0,0.0,0.0002839523949660361,0.0007717909757047892,0.0012591204140335321,0.0016180496895685792,0.0018168909009546041,0.0018437688704580069,0.0016381304012611508,0.0012502555036917329,0.0008251032559201121,0.0005643208278343081,0.0005278917960822582,0.0006694832118228078,0.0009517701109871268,0.0013426273362711072,0.0018176992889493704,0.0022348107304424047,0.002417955081909895,0.0024832962080836296,0.002603711560368538,0.002500802045688033,0.0024518477730453014,0.0026695604901760817,0.002766550052911043,0.0027715249452739954,0.002758813090622425,0.002531564561650157,0.002339570317417383,0.001971317222341895,0.0017696749418973923,0.0018780996324494481,0.0021447099279612303,0.0025596318300813437,0.0030238309409469366,0.003349239705130458,0.0035828875843435526,0.0038116215728223324,0.0040026456117630005,0.004109738860279322,0.004146906081587076,0.003999171778559685,0.003488174406811595,0.0028644122648984194,0.002405919600278139,0.001795414136722684,0.0014748062239959836,0.0013316039694473147,0.0009602521313354373,0.0008710697293281555,0.0008035785867832601,0.0008177381241694093,0.0010538608767092228,0.0013683268334716558,0.0012704763794317842,0.0010020354529842734,0.0005453628255054355,0.0,0.0,0.0,0.0,0.0,0.0,0.00016559236973989755,0.000701513490639627,0.0012880094582214952,0.0013795867562294006,0.0010720418067649007,0.0006907001952640712,0.0,0.0,0.0,0.0,0.0,4.5838067308068275e-05,0.0,0.0,0.0,0.0,0.0,0.0,0.0,0.0001544279366498813,0.0004080462094862014,0.0005014538182877004,0.0004605910216923803,0.000358477293048054,0.0002849545271601528,0.00022810309019405395,0.0002101236896123737,0.00015489215729758143,0.00011334210284985602,1.7301861589658074e-05,0.0,0.0,0.0,0.0,0.0,0.0,0.0,0.0,0.0,0.0,0.0,0.0,0.0,0.0,0.0,0.0,0.0,0.0,0.0,9.226041584042832e-05,0.00022787880152463913,0.0003759592946153134,0.000406086997827515,0.00037164767854847014,0.00031264073913916945
2025-12-09T16:21:39.661375,1765297299.6613753,0.0005892310291528702,0.0006958511658012867,0.0006927460199221969,0.0006113479030318558,0.0004419189062900841,0.0001248897606274113,0.0,0.0,0.0,0.0,0.0,0.0,0.0003093479317612946,0.0006237134803086519,0.00073718634666875,0.0005351019790396094,0.00015874451491981745,0.0,0.0,7.786679634591565e-05,0.0006763761048205197,0.0012432609219104052,0.0015411132480949163,0.0016450498951599002,0.0016429420793429017,0.001559511641971767,0.0014084379654377699,0.0012755646603181958,0.0012958551524206996,0.001412967685610056,0.0014316622400656343,0.0013933436712250113,0.0015223590889945626,0.001836148090660572,0.0022704219445586205,0.0025538639165461063,0.0025997133925557137,0.0025658730883151293,0.0023114539217203856,0.0019934375304728746,0.0017901062965393066,0.0018509880173951387,0.0021017638500779867,0.002240354660898447,0.002322595566511154,0.0023764222860336304,0.0024162079207599163,0.002346272813156247,0.0021662921644747257,0.002122838981449604,0.0022541023790836334,0.0025628027506172657,0.002910268260166049,0.0032488605938851833,0.0035417836625128984,0.0038034673780202866,0.0041477130725979805,0.00434257322922349,0.004276820924133062,0.003899835981428623,0.003366611897945404,0.0029391369316726923,0.002333603799343109,0.002014696132391691,0.0016789054498076439,0.001388554461300373,0.0010650651529431343,0.0008147170301526785,0.0006272602477110922,0.0005455505452118814,0.0004973082104697824,0.0004828658129554242,0.0004962273524142802,0.0005502112326212227,0.0005579908029176295,0.0005974622326903045,0.0006638307822868228,0.00044416289892978966,0.00041467815754003823,0.00010830134124262258,0.0,0.0,0.0,0.0,0.0,0.0,0.0002222205512225628,0.00043046887731179595,0.0004253674705978483,0.00033958928543142974,0.0002429564920021221,0.00026697260909713805,0.00038193436921574175,0.0005523836007341743,0.0005990618956275284,0.000597977137658745,0.0003686345007736236,1.9014372810488567e-05,0.0,0.0,0.0,0.0,0.0,0.0,2.7128922738484107e-05,0.00024120874877553433,0.0003185829264111817,0.00029442753293551505,0.00022384138719644397,0.00015062290185596794,0.0001365000644000247,0.00020120767294429243,0.0002733621804509312,0.00033001406700350344,0.0003352379717398435,0.00031439948361366987,0.00031790955108590424,0.0003387644828762859,0.0002998951240442693,0.0002606359194032848,0.0002747697872109711,0.0003210997674614191,0.00035062330425716937,0.0004066223918925971,0.00047746236668899655,0.0005250744288787246,0.0005554807721637189,0.0004950106958858669,0.00038086288259364665,0.0003392443177290261,0.0002954377850983292,0.0002972512156702578,0.00021323480177670717,0.00018576064030639827,0.0001718401035759598
2025-12-09T16:21:41.328608,1765297301.3286083,0.0007272139773704112,0.0006739220698364079,0.0005499995313584805,0.0003966942022088915,0.0002646006178110838,0.0002030895120697096,6.134546856628731e-05,0.0,0.0,0.0,0.0,0.0,0.00030132700339891016,0.0007066777325235307,0.0007400467875413597,0.0005260275211185217,0.00029337641899473965,0.00021359587844926864,0.0003024540492333472,0.0005283009959384799,0.0007739327847957611,0.0010951574658975005,0.0014507354935631156,0.001765002147294581,0.0018434511730447412,0.0015684067038819194,0.0010736812837421894,0.0005779450875706971,0.00040477863512933254,0.0006458646967075765,0.0011685161152854562,0.0018910177750512958,0.00253202929161489,0.00281475274823606,0.0026279864832758904,0.0021202967036515474,0.001651897793635726,0.0014385521644726396,0.00140981818549335,0.0017392071895301342,0.002194719621911645,0.0026430562138557434,0.0027879574336111546,0.002476893365383148,0.0021992498077452183,0.0020464840345084667,0.0017734442371875048,0.0016664797440171242,0.0017569719348102808,0.002073066309094429,0.002512240782380104,0.0028667275328189135,0.003153918543830514,0.003446921706199646,0.003790853079408407,0.003983499947935343,0.0040269107557833195,0.003942567389458418,0.0036120712757110596,0.003076100256294012,0.0025529193226248026,0.00211443193256855,0.0019442604389041662,0.0018059208523482084,0.001967285294085741,0.002111762762069702,0.0024071442894637585,0.0023822803050279617,0.0019380096346139908,0.001320537063293159,0.00032970428583212197,0.0,0.0,0.0,0.0,0.0,0.00010910614219028503,0.0007282356964424253,0.0009834851371124387,0.0009896712144836783,0.001184750348329544,0.0008277407614514232,0.0006373877986334264,0.00044631550554186106,0.00027729079010896385,7.522471423726529e-05,0.0,0.0,0.0,0.0,0.0,0.0,0.0,0.0,0.0,0.0,0.0,0.0,3.300425669294782e-05,0.00027257317560724914,0.0005802178638987243,0.0007310432265512645,0.0007271706708706915,0.0006258701323531568,0.0004456821770872921,0.00021889815980102867,6.428921096812701e-06,0.0,0.0,0.0,0.0,0.0,0.0,0.0,0.0,0.0,0.0,0.0,0.0,0.0,0.00015673016605433077,0.0003967024676967412,0.0005950054619461298,0.000714224181137979,0.0007805196801200509,0.0007511919247917831,0.000638405152130872,0.0004907360416837037,0.00027002094429917634,6.219655188033357e-05,0.0,0.0,0.0,0.0,0.0
2025-12-09T16:21:42.996015,1765297302.9960148,0.00010266293247696012,0.0,0.0,0.0,0.0,0.0,0.0,0.0,6.35419855825603e-05,0.00024427060270681977,0.0002744179801084101,0.00022125117538962513,0.00016514191520400345,0.00012172882998129353,5.7791552535491064e-05,0.0,0.0,0.0,0.0001578332157805562,0.0005767864058725536,0.0009488028008490801,0.0013000924373045564,0.0016566264675930142,0.0019525665557011962,0.001939747598953545,0.0015027796616777778,0.0007861093035899103,0.00032823922811076045,0.0005105962627567351,0.001228785840794444,0.002013004384934902,0.0025066216476261616,0.0024728833232074976,0.0020423741079866886,0.0014906682772561908,0.0010730259818956256,0.0011743768118321896,0.0016274633817374706,0.0022897643502801657,0.002923170570284128,0.0030595255084335804,0.0029682854656130075,0.0025587084237486124,0.002057228935882449,0.0018100114539265633,0.0017182076117023826,0.0017949205357581377,0.002150298096239567,0.002452258253470063,0.002795933047309518,0.0031184826511889696,0.0033318474888801575,0.003476011799648404,0.003522788407281041,0.0033933273516595364,0.003168063471093774,0.0030218628235161304,0.0028796589467674494,0.002798566361889243,0.0027558256406337023,0.00271551008336246,0.0027745403349399567,0.002704967511817813,0.002730095060542226,0.002787836128845811,0.002577642211690545,0.002216997090727091,0.0015771646285429597,0.0007124579860828817,0.0,0.0,0.0,0.0,0.0,0.0,0.00028942906646989286,0.0006807490717619658,0.0008946389425545931,0.0009087496437132359,0.0005760949570685625,0.0003736015351023525,0.0,0.0,0.0,0.0,0.0,0.0,0.0,0.0,0.0001121192763093859,0.0002592283708509058,0.00029681751038879156,0.00029490876477211714,0.0002806238189805299,0.0002739775809459388,0.00023806247918400913,0.0002220425521954894,0.00018781812104862183,0.0001328005746472627,4.500971772358753e-05,0.0,0.0,0.0,0.0,0.0,0.0,0.0,0.0,4.240866837790236e-05,0.00016922807844821364,0.00020860122458543628,0.00018735432240646333,0.0001399450993631035,9.032274829223752e-05,2.8372209271765314e-05,0.0,0.0,0.0,0.0,2.5349911538796732e-06,0.00017643121827859432,0.0004027076647616923,0.0006085550412535667,0.0006814751541242003,0.0006381720886565745,0.0005765369860455394,0.0005291851121000946,0.0004925428074784577,0.0004199221439193934,0.0002872070181183517,0.00018956221174448729,0.00018324985285289586,8.437239739578217e-05,1.53242981468793e-05,0.0
2025-12-09T16:21:44.664622,1765297304.664622,0.0,0.0,0.0,0.0,0.0,0.0,0.0,0.0,0.0,7.4251611295039766e-06,3.6964665923733264e-05,0.0,0.0,7.8963341366034e-05,0.0002656780125107616,0.0003265485865995288,0.0002529002958908677,0.00015421025454998016,0.00019692635396495461,0.0004824016650673002,0.0009358216193504632,0.001269988133572042,0.0012570255203172565,0.000894635624717921,0.0005392433376982808,0.0004939195932820439,0.0007712407968938351,0.0011030881432816386,0.0012723450781777501,0.0012088989606127143,0.0010410519316792488,0.0009470798540860415,0.0010196715593338013,0.0013782400637865067,0.0020760553888976574,0.002715903567150235,0.003252172376960516,0.003232018556445837,0.0028112363070249557,0.002253646496683359,0.0015843403525650501,0.00121856399346143,0.001267029670998454,0.0017362663056701422,0.0022087860852479935,0.002407271647825837,0.0023164045996963978,0.0021191660780459642,0.0018638784531503916,0.0015856758691370487,0.0016503434162586927,0.002079276368021965,0.0028876676224172115,0.0036788973957300186,0.0041212113574147224,0.004372946452349424,0.004329411778599024,0.003950390964746475,0.00348977860994637,0.002948922337964177,0.0023834742605686188,0.002208733232691884,0.002107023261487484,0.0020471594762057066,0.0019078117329627275,0.0017495302017778158,0.001391035970300436,0.0009016914409585297,0.0003826984902843833,0.0,0.0,0.0,0.0,0.0002506849414203316,0.0007667923928238451,0.0010300788562744856,0.0010521328076720238,0.001186312991194427,0.0011679360177367926,0.00036184274358674884,0.00022301172430161387,0.0,0.0,0.0,0.0,0.0,1.1260041901550721e-05,0.00023911515017971396,6.759887037333101e-05,0.0,0.0,0.0,0.0,0.00011195465049240738,0.0002591498487163335,0.000343463005265221,0.000455819332273677,0.0004320825682953,0.00034732194035314023,0.00016679905820637941,7.432531856466085e-05,1.1155388165207114e-05,2.7222989956499077e-05,0.0,0.0,0.0,0.0,0.0,0.0,0.0,0.0,0.00019010264077223837,0.0003874790563713759,0.0005914389039389789,0.00075939716771245,0.000841470726300031,0.0007864623912610114,0.0007062861695885658,0.0006036130944266915,0.0005197314894758165,0.0004416750161908567,0.000296359125059098,0.0001635754742892459,7.888405525591224e-05,2.969183879031334e-05,1.3631050023832358e-05,1.7638332792557776e-05,5.490981129696593e-05,0.00011658852599794045,0.00026192257064394653,0.000407712155720219,0.0004815492429770529,0.0005144670139998198,0.0005544304149225354,0.0005507224705070257
2025-12-09T16:21:46.330525,1765297306.3305254,0.00046314302016980946,0.00024011274217627943,3.2350617402698845e-05,0.0,0.0,0.0,0.0,0.0,0.0,0.0,0.00036196818109601736,0.0007080442155711353,0.0008393886964768171,0.0006430113571695983,0.000333289906848222,5.661279647029005e-05,0.0,0.0,0.0001698098349152133,0.0006705116829834878,0.0012196614407002926,0.0017229461809620261,0.0021127823274582624,0.0023544372525066137,0.0024815795477479696,0.0025246217846870422,0.0024533269461244345,0.0022140329238027334,0.0019014773424714804,0.0017778390320017934,0.0019729332998394966,0.002549172379076481,0.003105995012447238,0.0034587853588163853,0.0036115997936576605,0.0036923971492797136,0.0038900566287338734,0.003919739276170731,0.004202754236757755,0.004428719636052847,0.004502447322010994,0.00439329631626606,0.004021500237286091,0.0036125497426837683,0.0034530535340309143,0.003231318900361657,0.0030476537067443132,0.003083497518673539,0.0032885686960071325,0.0036942653823643923,0.004097947385162115,0.004594392143189907,0.005224273540079594,0.0057822237722575665,0.006212163716554642,0.0064816223457455635,0.0066016074270009995,0.006425200030207634,0.006066382862627506,0.005565829109400511,0.004879331216216087,0.004348465241491795,0.003838307224214077,0.0034520092885941267,0.0030761277303099632,0.002709972904995084,0.0023388422559946775,0.0018235690658912063,0.0013434666907414794,0.0008651866228319705,0.00039750468567945063,0.00012284379045013338,0.0001255746028618887,0.0004577110521495342,0.0006829554913565516,0.0010773942340165377,0.0012155072763562202,0.0012208601692691445,0.0009213233715854585,0.00046817431575618684,4.079215068486519e-05,0.0,2.7951156880590133e-05,4.72561914648395e-05,1.952886304934509e-05,0.0,0.0,0.0,0.0,0.0,0.0,0.0,0.00032968790037557483,0.0005704924697056413,0.0007889273692853749,0.0008576260297559202,0.0007763435132801533,0.0005942906718701124,0.00036260398337617517,0.00017772756109479815,0.0,0.0,0.0,0.0,0.0,0.0,0.0,0.0,0.0,0.0,0.0,0.0,0.0,0.0,4.590177923091687e-05,8.443072874797508e-05,8.011516911210492e-05,0.00012582892668433487,0.00013798764848615974,0.00012687900743912905,8.417966455454007e-05,8.773128683969844e-06,0.0,0.0,0.0,0.0,0.0,0.0,0.0,0.0,0.0,0.0,0.0,0.0,0.0
2025-12-09T16:21:47.995880,1765297307.9958797,0.00035865575773641467,0.0002577545237727463,0.00013936091272626072,2.9233767691039247e-06,0.0,0.0,0.00021389505127444863,0.0005197742721065879,0.0007608691812492907,0.0007671744097024202,0.0005531798815354705,0.00024195545120164752,0.0,0.0,0.0,0.00030941551085561514,0.0006543550407513976,0.0008511914638802409,0.0009349715546704829,0.0010484345257282257,0.0012200209312140942,0.00146318762563169,0.0018138145096600056,0.0022404775954782963,0.0026179233100265265,0.0027977388817816973,0.002668197499588132,0.0023331004194915295,0.00196006428450346,0.001749250921420753,0.0018464092863723636,0.002311533549800515,0.0029515696223825216,0.003468986600637436,0.003663195762783289,0.0037108988035470247,0.0036975443363189697,0.0035516852512955666,0.003628018544986844,0.004058152437210083,0.004338270053267479,0.0044061848893761635,0.004106932319700718,0.003631936153396964,0.003325782949104905,0.0031040373723953962,0.0031075167935341597,0.0035039049107581377,0.003935523796826601,0.004289110656827688,0.0045228214003145695,0.00476113660261035,0.005054113920778036,0.005333444569259882,0.005632512737065554,0.005875851958990097,0.006059064995497465,0.006238268688321114,0.006161108613014221,0.005728114861994982,0.005110898520797491,0.004500906448811293,0.003933734726160765,0.0036218869499862194,0.0034923714119940996,0.0033200294710695744,0.0032380870543420315,0.0029121609404683113,0.0022063134238123894,0.0013258536346256733,0.00037310138577595353,0.0,0.0,0.0,0.0,0.0,0.0003762917476706207,0.0011986554600298405,0.0016903968062251806,0.0017217816784977913,0.0015045410254970193,0.0008328178664669394,6.403307634172961e-05,0.0,0.0,0.0,0.0,0.0,0.0,0.0,0.0,0.0,0.0,0.0003110092948190868,0.0006151282577775419,0.0010125854751095176,0.001146618160419166,0.0011293813586235046,0.0009691291488707066,0.000741675787139684,0.00044112480827607214,0.00015332720067817718,0.0,0.0,0.0,0.0,0.0,0.0,0.0,0.0,0.0,0.0,0.0,6.981055048527196e-05,0.00019221732509322464,0.00024429967743344605,0.00027191799017600715,0.00033821631222963333,0.0004026034439448267,0.0004745597252622247,0.0005271621630527079,0.0004937962512485683,0.000396064919186756,0.0002899128885474056,0.00019462571071926504,0.00012842968862969428,0.00014358095359057188,0.00015896587865427136,0.00016438221791759133,0.00019870897813234478,0.00024468539049848914,0.00029016603366471827,0.00038307340582832694,0.0004797550500370562,0.0005393856554292142
2025-12-09T16:21:49.661906,1765297309.6619065,0.0,4.205896402709186e-06,7.558659854112193e-05,6.795459921704605e-05,0.0,0.0,0.0,0.0,0.0,4.9395614041714e-05,0.00021800826652906835,0.00017655926058068871,2.843011316144839e-05,0.0,0.0,0.0001348307414446026,0.00027176615549251437,0.000377489224774763,0.0005546039901673794,0.0008994090603664517,0.001427841605618596,0.0020403556991368532,0.0025016232393682003,0.0026340815238654613,0.0024829020258039236,0.0022634046617895365,0.0021010818891227245,0.0020433724857866764,0.0019605907145887613,0.0018425962189212441,0.0017479246016591787,0.0017774124862626195,0.00216141645796597,0.0028288057073950768,0.0035807567182928324,0.004315181635320187,0.004635500721633434,0.004549476318061352,0.004369286820292473,0.0041480762884020805,0.0040061622858047485,0.00396112073212862,0.004048505797982216,0.004136322531849146,0.0040620118379592896,0.004003273323178291,0.0038434381131082773,0.0036663105711340904,0.0037137677427381277,0.0038943844847381115,0.004004934336990118,0.004144529812037945,0.004488348960876465,0.004962123930454254,0.005648357328027487,0.00633383821696043,0.007018443662673235,0.007441606372594833,0.007439582142978907,0.006975628901273012,0.0059408457018435,0.004713187925517559,0.003423152258619666,0.002374815521761775,0.00167717388831079,0.0014262370532378554,0.001410097349435091,0.001682478585280478,0.0019369026413187385,0.002183334669098258,0.002403502818197012,0.0019972478039562702,0.001336690504103899,0.0005042105331085622,0.0,0.0,0.0,0.0,0.0,0.0,0.0003892165841534734,0.0009900672594085336,0.0012342032277956605,0.001257820287719369,0.0011030423920601606,0.0009783427231013775,0.0006880494183860719,0.00019753417291212827,0.0,0.0,0.0,0.0,0.0,0.0,0.0,0.0,0.0,0.0,7.302044105017558e-05,0.00042181063327006996,0.0007219117833301425,0.0009503104374743998,0.0011212945682927966,0.0011230623349547386,0.0009747812291607261,0.0007446631789207458,0.0004368350200820714,8.128755143843591e-05,0.0,0.0,0.0,0.0,0.0,0.0,0.0,1.2910380974062718e-05,0.00010924996604444459,9.01070234249346e-05,0.0,0.0,0.0,0.0,0.0,0.0,0.0,0.0,0.0,0.0,0.0001442733482690528,0.000204217474674806,0.00030435790540650487,0.0003589570114854723,0.00027873480576090515,0.00018174266733694822,6.90390370436944e-05
2025-12-09T16:21:51.329350,1765297311.3293502,0.0,0.0,0.0,0.0,8.878415974322706e-05,0.00011118310067104176,0.0,0.0,0.0,0.0,0.0,0.0001487154368078336,0.00047665313468314707,0.0004890791024081409,0.0002623942564241588,4.1872022848110646e-05,1.5796042134752497e-05,0.00019504610099829733,0.00047254509991034865,0.0008230896783061326,0.001187455141916871,0.0016119522042572498,0.002025206107646227,0.002328424947336316,0.0024370476603507996,0.002418885240331292,0.0024092262610793114,0.0025462217163294554,0.0027531518135219812,0.0028537132311612368,0.0027735515031963587,0.0025501148775219917,0.002409138483926654,0.0023723142221570015,0.002456792863085866,0.002856295555830002,0.0034605967812240124,0.0038887576665729284,0.00423435727134347,0.004270046949386597,0.004237361252307892,0.004197937436401844,0.0040327413007617,0.003775819670408964,0.003734311554580927,0.003828414250165224,0.003938301466405392,0.004017924889922142,0.004092548508197069,0.004366980399936438,0.004351485054939985,0.0041359965689480305,0.004187140613794327,0.004410204943269491,0.004928207956254482,0.005607349332422018,0.006290726363658905,0.006670036818832159,0.0066199819557368755,0.0062870667316019535,0.005548042710870504,0.004928117617964745,0.0044115204364061356,0.00402935640886426,0.0035867795813828707,0.0030945367179811,0.0026367241516709328,0.0020592212677001953,0.001258905278518796,0.0007580494857393205,0.0005061475676484406,0.0003490903472993523,0.00033835897920653224,0.00034807241172529757,0.0006426089094020426,0.000429943815106526,0.0006415771786123514,0.0006672887830063701,0.0006702755927108228,0.00039272435242310166,0.000500794849358499,0.0004905855166725814,0.0003032204112969339,0.00010425176878925413,0.0,0.0,0.0,0.0,0.0,0.00023683960898779333,0.0008207924547605217,0.0012257429771125317,0.0012909708311781287,0.0011540132109075785,0.0007144841947592795,0.00022168915893416852,0.0,0.0,0.0,0.0,0.0,0.0,0.0,0.0,0.0,0.0,0.0,0.0,0.0,0.0,0.0,0.0001571024040458724,0.0002880640677176416,0.000362868799129501,0.00031137181213125587,0.0001603768760105595,0.0,0.0,0.0,0.0,0.0,0.0,0.0,0.0,0.0,6.120027683209628e-05,0.0001520245714345947,0.0002145318139810115,0.00019905126828234643,0.00012428387708496302,0.0,0.0,0.0,0.0,0.0
2025-12-09T16:21:52.997238,1765297312.9972377,0.0,0.0,0.0,0.0,0.0,0.0,9.952395885193255e-06,0.00010463538637850434,0.00012645855895243585,3.143815774819814e-05,0.0,0.00011910047760466114,0.00023644138127565384,4.8401427193311974e-05,0.0,0.0,0.0,0.0,0.00031794756068848073,0.0009583162609487772,0.0014814308378845453,0.001844655373133719,0.0020806959364563227,0.0022761011496186256,0.002498024608939886,0.002625530818477273,0.0024981920141726732,0.002149562817066908,0.0018106598872691393,0.0016828994266688824,0.001805849140509963,0.0021364702843129635,0.0026692855171859264,0.0032287368085235357,0.0036691431887447834,0.0038155040238052607,0.0038052278105169535,0.0038082527462393045,0.0038663444574922323,0.003906546160578728,0.00401441752910614,0.004197511821985245,0.0043700216338038445,0.004243016708642244,0.003986474592238665,0.0038210491184145212,0.0036798277869820595,0.0035582620184868574,0.0034865529742091894,0.003557650838047266,0.003794471500441432,0.004155435133725405,0.004713210742920637,0.005475995130836964,0.006205959711223841,0.006812861654907465,0.007225541397929192,0.0073354411870241165,0.006967132445424795,0.006139703094959259,0.005112628452479839,0.0041261110454797745,0.003538508666679263,0.0030241983477026224,0.002764361444860697,0.0026131009217351675,0.002531883306801319,0.0022166287526488304,0.0017207397613674402,0.0013779198052361608,0.0008855911437422037,0.0007568656001240015,0.000674503215122968,0.0007404118659906089,0.000273058598395437,0.0002948949404526502,0.00030815601348876953,0.00039744903915561736,0.0003337702655699104,0.00019674348004627973,0.0003764715220313519,6.937521538930014e-05,8.868006989359856e-05,9.623148071113974e-05,0.00021313174511305988,0.00026182085275650024,0.0003178552142344415,0.0004349159717094153,0.0002812417515087873,0.00018836045637726784,0.0001418577303411439,6.029976429999806e-05,0.0,0.0,0.0,0.0,0.0,0.0,0.0,0.0,0.0,0.0,0.0,8.618144784122705e-05,0.00010132284660357982,6.721043610014021e-05,2.7904172839043895e-06,0.0,0.0,0.0,0.0,0.0,0.0,0.0,0.0,0.0,0.0,0.0,0.00016922090435400605,0.00042794423643499613,0.0006481821183115244,0.0007874942384660244,0.0008604090544395149,0.0009486094932071865,0.0009939851006492972,0.0009044596226885915,0.0007688624318689108,0.0006066678324714303,0.00046127630048431456,0.0003467464121058583,0.00028174446197226644,0.00022567213454749435,7.697994442423806e-05,0.0,0.0
2025-12-09T16:21:54.666167,1765297314.6661665,0.0005778344348073006,0.0006113081471994519,0.0005908355815336108,0.00048748223343864083,0.00029591709608212113,0.0001590436731930822,0.00012916872219648212,0.00012277296627871692,0.00011800108040915802,1.1909839486179408e-05,0.0,4.9518304876983166e-05,0.0003764390421565622,0.0005555049865506589,0.0005423383554443717,0.0005828134599141777,0.0007883135695010424,0.0010420024627819657,0.0011525517329573631,0.001062762108631432,0.0009986289078369737,0.0012281594099476933,0.0018073006067425013,0.0026253724936395884,0.003293172223493457,0.0034460846800357103,0.0029721902683377266,0.0020808037370443344,0.0013167252764105797,0.0010644174180924892,0.0014475298812612891,0.002250739373266697,0.0031084760557860136,0.00384192424826324,0.004201104864478111,0.004168859217315912,0.0039889197796583176,0.0038777869194746017,0.003958374261856079,0.004100190009921789,0.004322300665080547,0.004369438160210848,0.00415993295609951,0.0039573172107338905,0.0037013476248830557,0.003479934297502041,0.003404180286452174,0.003491087118163705,0.003783819731324911,0.004054505843669176,0.004223848693072796,0.004382214974611998,0.004632052965462208,0.004931837785989046,0.005209328606724739,0.0056096455082297325,0.006008084397763014,0.006352311931550503,0.006605520844459534,0.006555626168847084,0.005961766932159662,0.005170438438653946,0.004196849185973406,0.003410798730328679,0.0027858922258019447,0.0021741532254964113,0.0018371372716501355,0.0015080461744219065,0.001152315060608089,0.001025987439788878,0.0009500475716777146,0.0008534554508514702,0.0007642147829756141,0.0006721183308400214,0.00040534502477385104,0.00018856248061638325,9.432371734874323e-05,0.0,1.7897371435537934e-05,0.0,1.936292028403841e-05,0.00012770759349223226,0.0002962041471619159,0.0004720594733953476,0.0004498646885622293,0.00036372209433466196,5.985934330965392e-05,4.918994090985507e-05,0.00023835591855458915,0.00034165859688073397,0.0004445720405783504,0.00036324906977824867,0.0001702923036646098,0.0,0.0,0.0,0.0,0.0,6.137399032013491e-05,9.722096001496539e-05,0.00011086437734775245,0.0,0.0,0.0,0.0,0.0,0.0,0.0,0.0,0.0,9.504670015303418e-05,0.00011275296128587797,7.553536852356046e-05,5.060036710347049e-05,0.0,0.0,0.0,0.0,0.0,4.891512799076736e-05,0.00016006587247829884,0.0002246975345769897,0.00023983890423551202,0.00019991373119410127,0.00011625148908933625,5.9187204897170886e-05,9.238076017936692e-06,0.0,3.195859972038306e-05,9.755977225722745e-05,0.0001543115940876305,0.00023331039119511843,0.00030021360726095736,0.0003769150353036821,0.0004320795414969325
2025-12-09T16:21:56.336348,1765297316.336348,0.00024491420481354,0.00033772666938602924,0.00040220373193733394,0.0004238408582750708,0.000322963809594512,0.00012770210742019117,0.0,0.0,0.0,0.0,9.921452146954834e-05,0.0001612683554412797,0.00015517276187893003,0.00014511092740576714,0.00017085987201426178,0.0002434203925076872,0.00040889609954319894,0.0007082386873662472,0.0011363634839653969,0.001540463068522513,0.0019015768775716424,0.002143710386008024,0.0022428459487855434,0.002273950260132551,0.002317519159987569,0.0023415519390255213,0.0022021697368472815,0.0018176301382482052,0.0013770422665402293,0.001159630250185728,0.001260945457033813,0.0016369334189221263,0.0022197829093784094,0.0029207123443484306,0.003891822649165988,0.00482671894133091,0.005436678882688284,0.005514801945537329,0.005182698369026184,0.0046746511943638325,0.004017672035843134,0.0034383172169327736,0.00315900263376534,0.0032941645476967096,0.003576957853510976,0.003867020830512047,0.003908723592758179,0.0039849309250712395,0.004204895347356796,0.004040478728711605,0.0039136698469519615,0.004010160453617573,0.004421848803758621,0.005028878338634968,0.005574767477810383,0.006151558831334114,0.006633563432842493,0.006951604038476944,0.007053883746266365,0.006889207288622856,0.006213576532900333,0.005316260736435652,0.004005189519375563,0.0028330038767307997,0.001772451912984252,0.0012223133817315102,0.0008986245957203209,0.0009538843878544867,0.0012350581819191575,0.0015417673857882619,0.0019363005412742496,0.0020420500077307224,0.0019634184427559376,0.0016425281064584851,0.001190402079373598,0.0005613566609099507,0.0,0.0,0.0,0.0,0.0,0.0,0.0,0.0,0.0,0.00035180244594812393,0.0007213884964585304,0.0009364318684674799,0.0011339628836140037,0.0010992154711857438,0.0010254810331389308,0.0008554288651794195,0.0006431917427107692,0.0005317433970049024,0.00021257137996144593,0.0,0.0,0.0,0.0,0.0,0.0,0.0,0.0,0.0,0.00016780258738435805,0.00027949080686084926,0.00030842883279547095,0.0003192168951500207,0.00037300787516869605,0.00046258806833066046,0.0005550886271521449,0.0006359046674333513,0.000638750905636698,0.0006299677770584822,0.0005814086180180311,0.00045642329496331513,0.00020587917242664844,0.0,0.0,0.0,0.0,0.0,0.0,0.0,0.0,0.0,0.00013519385538529605,0.00027723066159524024,0.0004065825487487018,0.0004878762410953641,0.0005425463896244764,0.0005198998260311782,0.0005510699120350182,0.0005531067145057023,0.0005201061139814556
2025-12-09T16:21:58.003214,1765297318.003214,0.0,0.0,0.0,0.0,5.517148747458123e-05,0.00025093182921409607,0.000466756901005283,0.0004911483847536147,0.00043503884808160365,0.0001746718044159934,0.0,0.0,0.0,0.00023189543571788818,0.0004085794498678297,0.00044597574742510915,0.0003911071107722819,0.00039258046308532357,0.0005517913377843797,0.0009232108714058995,0.0014166439650580287,0.001961495727300644,0.0024744165129959583,0.0027992709074169397,0.0028483946807682514,0.0027471452485769987,0.0025361233856528997,0.0022595729678869247,0.0018959856824949384,0.0015964541817083955,0.0015129229286685586,0.0017661545425653458,0.002253999002277851,0.0029412568546831608,0.003807207103818655,0.00461719511076808,0.005037577822804451,0.004880479071289301,0.004432775545865297,0.003953978884965181,0.0033780825324356556,0.003078652545809746,0.0032287188805639744,0.003563549602404237,0.003971047233790159,0.004391591064631939,0.004438785836100578,0.0043543362990021706,0.0042348443530499935,0.0038722732570022345,0.003648223588243127,0.0036692495923489332,0.003961713053286076,0.004540655296295881,0.005306038539856672,0.006196565926074982,0.006895401980727911,0.007480838801711798,0.007707089185714722,0.0073712714947760105,0.006524608004838228,0.0052753230556845665,0.0037245540879666805,0.0022819170262664557,0.0012506244238466024,0.0006676078191958368,0.0007250613998621702,0.0010326877236366272,0.0015300435479730368,0.0019130405271425843,0.00197034003213048,0.001821999903768301,0.0015874305972829461,0.0013148118741810322,0.001032417407259345,0.0006129718967713416,0.0002610128722153604,0.0,0.0,0.0,0.0,0.0,0.0002184475597459823,0.0005668840021826327,0.0006715924828313291,0.0005547647597268224,0.0004951171576976776,0.0006859842105768621,0.0009192493744194508,0.0010974659817293286,0.0011589557398110628,0.0008599450811743736,0.0002708917891141027,0.0,0.0,0.0,0.0,0.0,0.0,0.0,1.8255625036545098e-05,0.0002431839529890567,0.00035012452281080186,0.00043979324982501566,0.0004196537774987519,0.0004122924874536693,0.00046411846415139735,0.0005491263582371175,0.0006178348558023572,0.0005605791229754686,0.0003402938018552959,0.0,0.0,0.0,0.0,0.0,0.0,0.0,0.0,5.6970045989146456e-05,0.0002674634743016213,0.0004155148344580084,0.0005722956848330796,0.0006479397416114807,0.0006396950338967144,0.0005109841004014015,0.00031355052487924695,0.0001531429443275556,5.284186772769317e-05,3.265263785579009e-06,0.0,9.64207538345363e-06,4.0211063605966046e-05,3.334939174237661e-05,6.634738838329213e-06
2025-12-09T16:21:59.671888,1765297319.671888,0.0016511344583705068,0.0012014071689918637,0.0008872940088622272,0.0006295322091318667,0.0002488250902388245,6.720620876876637e-05,0.00012375654478091747,0.0002771570289041847,0.0005316334427334368,0.0006794175715185702,0.0006115804426372051,0.00037437406717799604,0.0001683645969023928,0.0002368928981013596,0.0004307788040023297,0.0005062812124378979,0.00035776960430666804,0.00022399747103918344,0.0003419955028221011,0.0007344158366322517,0.0014350221026688814,0.0022356349509209394,0.002870518248528242,0.0031483271159231663,0.0030611276160925627,0.0026742101181298494,0.0020759538747370243,0.0014396451879292727,0.001024569501169026,0.0010752204107120633,0.0015957916621118784,0.0023602622095495462,0.003054817905649543,0.003478782717138529,0.0036492440849542618,0.0036967452615499496,0.0037492394912987947,0.003922614268958569,0.004243373405188322,0.004446352832019329,0.004604160785675049,0.004661700688302517,0.004401593003422022,0.003916952293366194,0.0034383817110210657,0.00308820977807045,0.002890510717406869,0.002970371162518859,0.0033442515414208174,0.0038880074862390757,0.004595577251166105,0.005316530354321003,0.005824645049870014,0.006082567386329174,0.006246959790587425,0.006326396018266678,0.006438859738409519,0.006326192989945412,0.00613489281386137,0.005904939025640488,0.005461549386382103,0.00504481652751565,0.004381371662020683,0.0038695784751325846,0.0032574168872088194,0.0026352291461080313,0.002026995876803994,0.0013977399794384837,0.0007985184201970696,0.00042305648094043136,0.00029454106697812676,0.0002661435282789171,0.0003213679592590779,0.000460820272564888,0.00043617261690087616,0.0004836163716390729,0.0007068322156555951,0.0006639861385338008,0.0008351537398993969,0.0009629253181628883,0.0007387661025859416,0.0007302499143406749,0.00039255383308045566,0.00032891749287955463,0.00023385875101666898,7.44239441701211e-05,0.0,0.0,0.0,0.0,0.0,0.0,0.0,0.0,0.0004009677213616669,0.0008123438456095755,0.0010343135800212622,0.0009859782876446843,0.000709163723513484,0.00034189302823506296,0.0,0.0,0.0,0.0,0.0,0.0,0.0,6.768476305296645e-05,0.00010526035475777462,9.423236042493954e-05,6.839391426183283e-05,4.9334899813402444e-05,4.6185807150322944e-05,0.00010359186853747815,0.00017626391490921378,0.00026020652148872614,0.0003684474795591086,0.00044733783579431474,0.0005066061858087778,0.0004935134784318507,0.0003824692976195365,0.00017160196148324758,0.0,0.0,0.0,0.0,0.0,0.0,0.0,0.0,0.0,0.0,0.0,0.00010553736501606181,0.0001513492752565071
2025-12-09T16:22:01.340171,1765297321.3401713,9.110419341595843e-05,0.0,0.0,0.0,0.0,0.0,0.0,0.0002877103688661009,0.0004635769291780889,0.00039927614852786064,0.0002161667071050033,0.00019577318744268268,0.000301218155073002,0.000410130392992869,0.00034673232585191727,0.00015453867672476918,2.6462030291440897e-05,0.00011861423990922049,0.00048782522208057344,0.0010128440335392952,0.0015314735937863588,0.002019834006205201,0.002482730895280838,0.002853579819202423,0.002916936296969652,0.002607148140668869,0.002068710746243596,0.0017271843971684575,0.0018230293644592166,0.002241365145891905,0.0026925799902528524,0.002951491391286254,0.0030015974771231413,0.003111321711912751,0.0033194823190569878,0.0036191733088344336,0.003954309970140457,0.004212471190840006,0.004477869253605604,0.004488307051360607,0.00426898617297411,0.004066003952175379,0.0038509396836161613,0.0036169157829135656,0.003315193811431527,0.0031781005673110485,0.0032751942053437233,0.0035766414366662502,0.003936246503144503,0.004347268026322126,0.004723588470369577,0.0050079370848834515,0.005214765667915344,0.005371073726564646,0.005440174136310816,0.005647637415677309,0.006001748144626617,0.006365505047142506,0.006460889242589474,0.006287502124905586,0.005720476154237986,0.00501093827188015,0.004028720781207085,0.003211264032870531,0.0026436098851263523,0.002070610411465168,0.0019073153380304575,0.0016742044826969504,0.0013340915320441127,0.001188474940136075,0.0009891919326037169,0.0008499148534610868,0.0007779537700116634,0.0006881795707158744,0.0006225425750017166,0.0006450910004787147,0.0004974696203134954,0.00028279906837269664,0.0003739732492249459,0.0006171711138449609,0.0006656484329141676,0.0006940968451090157,0.0009119042078964412,0.0007056834874674678,0.0002680697070900351,0.0,0.0,0.0,0.0,0.0,0.00012014740786980838,0.0004517458437476307,0.0006236874614842236,0.0005699614994227886,0.0004646273737307638,0.00027246124227531254,0.00011458982044132426,1.4998521692177746e-05,0.0,5.0408460083417594e-05,4.5138025598134845e-05,1.7363328879582696e-05,0.0,0.0,0.0,0.0,0.0,0.0,0.0,0.0,0.0,0.0,0.0,3.138691681670025e-05,8.030993194552138e-05,0.0001264798775082454,0.0001359023153781891,0.0001344247575616464,8.551748760510236e-05,0.0,0.0,0.0,0.0,0.0,0.0,0.0,0.0,0.0,0.0,0.0,0.0,0.0,0.0,0.0,0.0
2025-12-09T16:22:03.007882,1765297323.0078816,0.0,0.0,0.0,0.0,0.0,0.0,1.3197294720157515e-05,2.8634825866902247e-05,0.0,0.0,0.0,0.0,0.0001939888607012108,0.0003116213483735919,0.00022080662893131375,0.0,0.0,0.00015610943955834955,0.000550624099560082,0.0009907383937388659,0.0014900361420586705,0.002075325231999159,0.002569969743490219,0.002793760970234871,0.0027024203445762396,0.0024718891363590956,0.0023335786536335945,0.002323092892765999,0.0023999428376555443,0.0024093135725706816,0.0022463598288595676,0.0019663292914628983,0.0019078354816883802,0.002314233221113682,0.0031430476810783148,0.004226274788379669,0.004995290655642748,0.005084313452243805,0.004672210197895765,0.004040303640067577,0.0033893734216690063,0.003119176486507058,0.003344437573105097,0.003837636671960354,0.004277525469660759,0.00455410685390234,0.004500215407460928,0.004147843457758427,0.0038000575732439756,0.003558127908036113,0.0034413093235343695,0.0035580345429480076,0.004095272161066532,0.004862433765083551,0.0056953649036586285,0.006560362875461578,0.007350871805101633,0.007847900502383709,0.007903875783085823,0.007312350440770388,0.006162933073937893,0.004801356233656406,0.003343193791806698,0.0022594069596379995,0.001476456061936915,0.0011117670219391584,0.001065266551449895,0.001354510779492557,0.001504229148849845,0.0018920388538390398,0.0022525538224726915,0.0022832639515399933,0.0019587522838264704,0.0013033444993197918,0.0006148749962449074,0.0,0.0,0.0,0.0,0.0,0.0,0.00031454279087483883,0.0008815309847705066,0.0011914607603102922,0.0011327553074806929,0.0008653221884742379,0.0005979306297376752,0.0003198033373337239,0.0003131801204290241,0.00045733072329312563,0.0005818754434585571,0.0005619490402750671,0.00041028522537089884,0.0001631267077755183,0.0,0.0,0.0,0.0,0.0,0.0,0.0,0.0,0.0,0.00019636398064903915,0.00039920315612107515,0.0005569956847466528,0.0006208957638591528,0.0005478471284732223,0.00040764291770756245,0.0001642168645048514,0.0,0.0,0.0,0.0,0.0,0.0,0.0,0.0,0.0,0.0,0.0,0.0,0.0,0.0,0.0,0.0,0.0,0.0,0.0,0.0,0.0,0.0,0.0,0.0,0.0
2025-12-09T16:22:04.675035,1765297324.6750352,0.0,0.0,0.0,0.0,0.0,7.544065010733902e-05,0.0,0.0,0.0,0.0,0.00039387811557389796,0.00071388587821275,0.0006542702903971076,3.434185418882407e-05,0.0,0.0,0.0,1.6704540030332282e-05,0.0005500660045072436,0.0010283049196004868,0.001511652022600174,0.0020616818219423294,0.002574474085122347,0.0029008113779127598,0.0029670330695807934,0.0028437632136046886,0.002536651212722063,0.0021436086390167475,0.0018368770834058523,0.0017821327783167362,0.001953582279384136,0.002272453159093857,0.002618160331621766,0.003040637355297804,0.003445056965574622,0.003876594128087163,0.004120003432035446,0.00433112820610404,0.0044576674699783325,0.0044334279373288155,0.004393293987959623,0.0042983051389455795,0.0041481913067400455,0.003917820751667023,0.0036721874494105577,0.0035262403544038534,0.0032921612728387117,0.002980858087539673,0.003024972975254059,0.0033716221805661917,0.0037808509077876806,0.004441853612661362,0.005252284463495016,0.005999579094350338,0.006556762848049402,0.007007179781794548,0.007185597904026508,0.006963697262108326,0.006577800493687391,0.005915451794862747,0.005035486072301865,0.004205800127238035,0.0035770118702203035,0.0031923025380820036,0.0028873260598629713,0.0025700314436107874,0.002124431310221553,0.001809899928048253,0.0015829443000257015,0.00124435278121382,0.0009453446255065501,0.0008501565898768604,0.0006545920041389763,0.0004600753600243479,0.0002761217183433473,9.009648238134105e-06,8.877128857420757e-05,0.0003150205302517861,0.00038075479096733034,0.0002497070236131549,0.0005795778124593198,0.0009040752775035799,0.001048338832333684,0.000946482177823782,0.0006179160554893315,0.0004061938379891217,0.0,0.0,0.0,0.0,0.0,0.0,0.0,4.188966704532504e-05,5.001416866434738e-05,0.0,7.365064811892807e-05,0.00021555587591137737,0.0004941592924296856,0.0006049515795893967,0.0007400164613500237,0.0006391352508217096,0.00037508487002924085,4.5451539335772395e-05,0.0,0.0,0.0,0.0,0.0,0.0,0.00011605581676121801,0.0003599271294660866,0.000479970098240301,0.0005314063164405525,0.00043031718814745545,0.00011167901539010927,0.0,0.0,0.0,0.0,0.0,0.0,0.0,0.0,0.0,0.0,9.477286221226677e-05,0.00016677957319188863,0.0001508706627646461,9.806622983887792e-05,4.769820225192234e-05,0.0,0.0,0.0,0.0
2025-12-09T16:22:06.342773,1765297326.3427732,0.0,0.0,0.0,6.151502020657063e-05,0.00013132217281963676,0.00016250032058451325,2.252177546324674e-05,0.0,0.0,0.0,0.0,0.00023140592384152114,0.0005567549378611147,0.000547158473636955,0.00041391453123651445,0.000331754214130342,0.0003293038171250373,0.00043214322067797184,0.0006769956089556217,0.001174449222162366,0.0018491913797333837,0.002428521169349551,0.0026572844944894314,0.0025817083660513163,0.002443675883114338,0.0024063808377832174,0.002299920190125704,0.0019558898638933897,0.0015051383525133133,0.0013080284697934985,0.0015539682935923338,0.0022369823418557644,0.0030708962585777044,0.003777936799451709,0.00417591817677021,0.004245774820446968,0.004089161287993193,0.0038843327201902866,0.0038184686563909054,0.003974913153797388,0.004141633398830891,0.004267853684723377,0.004406184423714876,0.0042145149782299995,0.003854038892313838,0.003460874082520604,0.003106091171503067,0.0029923152178525925,0.003141682595014572,0.003473542630672455,0.0039751059375703335,0.004604315850883722,0.005205036140978336,0.005837056320160627,0.00636668736115098,0.006671355105936527,0.006769930943846703,0.006619894411414862,0.006208079867064953,0.005618030205368996,0.00508005078881979,0.004746341146528721,0.004178550560027361,0.0037820839788764715,0.00343520101159811,0.002974187722429633,0.0024816712830215693,0.0018308261642232537,0.001214225310832262,0.0007528850110247731,0.00044246207107789814,0.0003335325454827398,0.0004445668892003596,0.0006567310192622244,0.00042743474477902055,0.00047514872858300805,0.0004008096002507955,4.0586033719591796e-05,0.0,0.0,0.0,0.0,0.00014551608182955533,0.00026367101236246526,0.0004126120766159147,0.000426746642915532,0.00046632500016130507,0.0003149381373077631,5.049298852100037e-05,0.0,0.0,0.0,0.0,0.00019422921468503773,0.0006432521622627974,0.0009011288057081401,0.0010364038171246648,0.0009543904452584684,0.0007166360155679286,0.00039940892020240426,8.819534559734166e-05,0.0,0.0,0.0,0.0,0.0,0.0,2.6496143618714996e-05,1.1991210158157628e-05,0.0,0.0,0.0,0.0,0.0,3.4034215786959976e-05,9.244780812878162e-05,0.00015795759100001305,0.00029477887437678874,0.000400372693547979,0.0004524743708316237,0.0004508747369982302,0.000361292070010677,0.0002775196626316756,0.00023124193830881268,0.00021449432824738324,0.0002127485058736056,0.00026391277788206935,0.000332220719428733,0.0003810891357716173,0.0004378804878797382,0.0004904635134153068,0.0005515863304026425,0.0005419676890596747,0.0005736391176469624,0.0005817556520923972
2025-12-09T16:22:08.010333,1765297328.0103326,0.0010272844228893518,0.0007129961159080267,0.0004787533252965659,0.0002486499724909663,0.0,0.0,5.792890442535281e-05,0.00023001151566859335,0.00042985010077245533,0.0005022196564823389,0.0003558257012628019,0.0001435695303371176,2.003527015403961e-06,8.260428148787469e-05,0.0002832760801538825,0.000370157475117594,0.0002779692003969103,0.0001283564924960956,0.0002289743861183524,0.0006241850787773728,0.0012347339652478695,0.0017738639144226909,0.0020508035086095333,0.002118711592629552,0.0021025699097663164,0.0021557442378252745,0.002278662519529462,0.0024549057707190514,0.0025160154327750206,0.0024190309923142195,0.002257697517052293,0.002189801074564457,0.0024179331958293915,0.0029087886214256287,0.0035420204512774944,0.004217225592583418,0.004405327141284943,0.004113837145268917,0.003787473076954484,0.003494839882478118,0.0035513972397893667,0.0037396461702883244,0.004021217580884695,0.004442962352186441,0.004574749618768692,0.004288352094590664,0.003824536455795169,0.003466635709628463,0.0032478373032063246,0.0033446678426116705,0.00341411167755723,0.0035980825778096914,0.004055718891322613,0.0047621834091842175,0.00560366827994585,0.006396935787051916,0.007045434322208166,0.007467411458492279,0.007351122330874205,0.006763764191418886,0.005796497222036123,0.004936826415359974,0.003759458428248763,0.002938400022685528,0.002320299856364727,0.0018703126115724444,0.0015213440638035536,0.001407307107001543,0.0012763113481923938,0.0013736247783526778,0.0016970349242910743,0.0018188261892646551,0.0017681940225884318,0.0014368992997333407,0.0009895645780488849,0.00033479745616205037,0.0,0.0,0.0,0.0,0.0,0.0,0.0,0.00038640527054667473,0.000825676484964788,0.0012372900964692235,0.001253664493560791,0.00102249498013407,0.000807041535153985,0.0005070982733741403,0.00023548379249405116,0.0,0.0,0.0,0.0,0.0,0.0,0.0,0.0,0.0,0.0,0.0,0.0,0.0001542715763207525,0.00042153336107730865,0.0006210620049387217,0.0007199443643912673,0.0007051209686324,0.0006339930114336312,0.0005500728730112314,0.000495914020575583,0.00044004403753206134,0.00036912396899424493,0.0002537122636567801,9.552823757985607e-05,0.0,0.0,0.0,0.0,0.0,0.0,0.0,0.0,0.0,0.0,0.0,0.0,0.0,0.0,3.376278527866816e-06,0.0,8.575409447075799e-05,0.00016582869284320623,0.0002316292520845309,0.0002509067708160728
2025-12-09T16:22:09.677927,1765297329.6779265,0.0,0.0,0.0,0.0,0.0,0.0,0.0,0.0,0.0,0.0,0.0,0.0,0.0,2.023999059019843e-06,0.00019953912124037743,0.0003710260207299143,0.0005033962661400437,0.0005008025909774005,0.0005126277101226151,0.0006870325887575746,0.001031161518767476,0.0015083865728229284,0.0019837950821965933,0.0023532630875706673,0.0024766752030700445,0.0022578309290111065,0.0017878691432997584,0.0013644613791257143,0.001241569989360869,0.0014102106215432286,0.0017105370061472058,0.002118862234055996,0.0027053693775087595,0.0034023653715848923,0.003920063842087984,0.004268313758075237,0.004326075315475464,0.004214208573102951,0.004114456474781036,0.004005949478596449,0.00397862121462822,0.004006428178399801,0.0040525589138269424,0.003934503998607397,0.0036824150010943413,0.0035706814378499985,0.003567770589143038,0.003516134340316057,0.003624959150329232,0.003960638307034969,0.00428393529728055,0.004634889308363199,0.004965576808899641,0.005185630172491074,0.005433628801256418,0.005774111021310091,0.006199810188263655,0.006593578960746527,0.00676516629755497,0.006503806449472904,0.005897905211895704,0.005051369313150644,0.004073949530720711,0.0033469791524112225,0.0027316787745803595,0.002199052134528756,0.0019483243813738227,0.0016679472755640745,0.0014689401723444462,0.0013937673065811396,0.0012445166939869523,0.0009464542963542044,0.0007404366042464972,0.00061293930048123,0.00028689877944998443,0.00037595193134620786,0.0003075147105846554,0.0,0.0,0.0,0.0,0.0,0.0004078236815985292,0.0007209086325019598,0.0007710328209213912,0.0005566386389546096,0.0003603848163038492,0.00016258300456684083,6.504990597022697e-05,1.1330932466080412e-05,0.0001351167302345857,0.00032690473017282784,0.00044242097646929324,0.00031942687928676605,0.00015838592662476003,0.0,0.0,0.0,0.0,0.0,0.0,0.0,0.00019584016990847886,0.000354927935404703,0.0003160603519063443,0.00019069391419179738,3.85647508664988e-05,0.0,0.0,0.0,0.0,0.0,0.0,0.0,0.00011677542352117598,0.0002786598925013095,0.0003562455822248012,0.00030398182570934296,0.0002220305905211717,0.0001572387118358165,0.00012059170694556087,0.00014945887960493565,0.00023959015379659832,0.00031163200037553906,0.0003319844836369157,0.0003361299750395119,0.00035036029294133186,0.00043867932981811464,0.0005796311888843775,0.0007061646319925785,0.0007889372063800693,0.0009647749247960746,0.000935321964789182,0.0008631169330328703,0.000760244089178741
2025-12-09T16:22:11.345037,1765297331.3450372,3.9666210795985535e-05,0.0,0.0,0.0,0.0,0.0,0.0,9.654103632783517e-05,0.0002038526872638613,0.00021369097521528602,0.0002447261940687895,0.00041994641651399434,0.000584930763579905,0.0005210519884712994,0.00033929565688595176,0.00020043701806571335,0.00025165610713884234,0.00036454471410252154,0.0005527058965526521,0.0007623045239597559,0.0010157179785892367,0.0013482117792591453,0.0018154190620407462,0.0024602494668215513,0.003086675191298127,0.003385272342711687,0.0030774076003581285,0.0022121190559118986,0.001327986246906221,0.0010781011078506708,0.0015429380582645535,0.0024661084171384573,0.003252224763855338,0.003627485129982233,0.003763031680136919,0.0038608366157859564,0.003877810901030898,0.0038872193545103073,0.004037337377667427,0.004313791636377573,0.0045706056989729404,0.004419796634465456,0.004110085777938366,0.0039968788623809814,0.003871354041621089,0.0037034570705145597,0.003457812825217843,0.0034570919815450907,0.0037227363791316748,0.0040291231125593185,0.004229895770549774,0.004491066560149193,0.004856663290411234,0.0053022741340100765,0.0057070874609053135,0.006044177338480949,0.006185194011777639,0.006268947850912809,0.006287835072726011,0.0061307563446462154,0.0057816458866000175,0.0053543271496891975,0.004590146243572235,0.003828082699328661,0.003137540305033326,0.002493270207196474,0.0017883223481476307,0.0011721632909029722,0.0008233072003349662,0.0007125307456590235,0.0007914720918051898,0.0008830835577100515,0.0011153285158798099,0.0011839725775644183,0.0010579782538115978,0.0008626527269370854,0.00025226708385162055,0.0,0.0,0.0,0.0,0.0,6.787532038288191e-05,0.00039697554893791676,0.00045668063103221357,0.0003684125258587301,0.00023506209254264832,0.0003240801743231714,0.000675684423185885,0.0007542874664068222,0.0007584834820590913,0.0005659697344526649,0.0002401091333013028,5.873838017578237e-05,0.0,0.0,9.290432353736833e-05,0.00020099706307519227,0.00020200035942252725,5.9120771766174585e-05,0.0,0.0,0.0,0.0,0.0,0.0,0.0,3.5668668715516105e-05,0.00016256865637842566,0.00019682827405631542,9.150262485491112e-05,0.0,0.0,0.0,0.0,0.0,0.0,0.0,3.148422183585353e-05,9.447077172808349e-05,0.00011331801215419546,6.062542161089368e-05,2.6025956685771234e-05,1.6859628885868005e-05,7.099801678123185e-06,1.2248516441104584e-06,0.0,6.66847154207062e-06,0.00010865497461054474,0.00021573052799794823,0.00025579819339327514,0.00014884935808368027,0.0001495109754614532,0.00015556493599433452,0.00013264684821479023
2025-12-09T16:22:13.012327,1765297333.0123267,0.0,0.0,0.0,0.0,0.0,0.0,0.0,0.0,0.0,0.0,2.3118696844903752e-05,0.0,0.0,0.0,0.0,0.0,0.0,0.0002886341535486281,0.000683654798194766,0.000943642808124423,0.0012048347853124142,0.0016526459949091077,0.0022785402834415436,0.0027495832182466984,0.0028269500471651554,0.002542802831158042,0.0022021320182830095,0.002048165537416935,0.002119324402883649,0.002246883464977145,0.0022910807747393847,0.0022247403394430876,0.0022328984923660755,0.0025050933472812176,0.0029438547790050507,0.003546901512891054,0.0041619702242314816,0.0043815127573907375,0.00446298997849226,0.004260230343788862,0.003916196059435606,0.00369053496979177,0.0035683431196957827,0.0035495248157531023,0.0037070135585963726,0.003991951700299978,0.004362341947853565,0.004454055801033974,0.004433221649378538,0.004435473587363958,0.004317699931561947,0.004227483179420233,0.004407217726111412,0.004664141219109297,0.005024360027164221,0.005533099640160799,0.006205068901181221,0.006646757014095783,0.006726671941578388,0.006396278738975525,0.005614061374217272,0.004600746091455221,0.0037705209106206894,0.00324242003262043,0.0029440962243825197,0.0026160755660384893,0.0024156589061021805,0.0020265968050807714,0.001590079627931118,0.0011816497426480055,0.0007756796549074352,0.0006191206048242748,0.0005467189475893974,0.0005567385233007371,0.0003889166400767863,0.0003289635933469981,9.560181206325069e-05,8.299022738356143e-05,0.00013121947995387018,0.0003342117415741086,0.0006930615054443479,0.0006312009645625949,0.0006986892549321055,0.000275976984994486,0.0,0.0,0.0,0.0,0.0,0.0,7.483774243155494e-05,0.00033164065098389983,0.0005039216484874487,0.000571077165659517,0.0005199471488595009,0.00041443866211920977,0.0003084747295361012,0.00022416790307033807,0.00019590735610108823,0.00011700153845595196,5.97501675656531e-05,0.0,0.0,0.0,0.0,0.0,0.0,0.0,0.0,0.00013193477934692055,0.0003224031825084239,0.0004219597321934998,0.0003889036597684026,0.00028205703711137176,0.00011439304216764867,0.0,0.0,0.0,0.0,0.0,0.0,0.0,0.0,0.0,0.0,0.0,7.483533408958465e-05,0.0001459343620808795,0.00015403325960505754,0.00013402877084445208,0.00016181728278752416,6.210784340510145e-05,4.282490044715814e-05,2.913466414611321e-05,1.737847378535662e-05
2025-12-09T16:22:14.679260,1765297334.6792595,0.0,0.0,0.0,0.0,0.0,0.0,0.00020124914590269327,0.00025348245981149375,0.0002598239225335419,1.4158212252368685e-05,0.0,0.0,0.0,5.794247772428207e-05,0.0002834167389664799,0.00024621389457024634,0.0002239164459751919,0.00031842090538702905,0.000593706383369863,0.0009331984329037368,0.001399864093400538,0.002015839098021388,0.0026609140913933516,0.003060084069147706,0.003052724525332451,0.0026437395717948675,0.0020645828917622566,0.0017383148660883307,0.0018701809458434582,0.002225231844931841,0.0024763511028140783,0.0024890033528208733,0.0024886352475732565,0.0027218118775635958,0.0031891181133687496,0.0037764881271868944,0.004300483036786318,0.0045047239400446415,0.004514467436820269,0.004277455620467663,0.0038211126811802387,0.003614692250266671,0.0036963915918022394,0.0038418620824813843,0.004038798622786999,0.004273442085832357,0.004383950959891081,0.004360860679298639,0.00419990811496973,0.003979021683335304,0.0038946412969380617,0.004064440261572599,0.00449266005307436,0.005009277258068323,0.0054808203130960464,0.006002021487802267,0.006518943700939417,0.007005115505307913,0.00717551726847887,0.006735044065862894,0.005846942309290171,0.004641180392354727,0.003420684253796935,0.0025198517832905054,0.0019573860336095095,0.0016407342627644539,0.0014646652853116393,0.0014166076434776187,0.0013847132213413715,0.0015545121859759092,0.0018228047993034124,0.001829120796173811,0.0017809377750381827,0.001459138817153871,0.001013484550639987,0.0004237773537170142,0.0,0.0,0.0,0.0,0.0,0.0,0.0,2.5991441361838952e-05,2.1339539671316743e-05,0.0,2.603980465210043e-05,0.00014579278649762273,0.00044344799243845046,0.0005671663675457239,0.0006514355773106217,0.0006344669382087886,0.0005110136698931456,0.00034979224437847733,0.0002415770140942186,0.00016066855459939688,6.498879520222545e-05,0.0,0.0,0.0,0.0,0.0,0.0,0.0,0.00013639657117892057,0.00027353374753147364,0.0003346373559907079,0.00030911705107428133,0.00024344742996618152,0.00012856125249527395,0.0,0.0,0.0,0.0,0.0,0.0,0.00020782767387572676,0.0003649323480203748,0.0004555359191726893,0.00042671995470300317,0.00031205930281430483,0.00010651472985045984,0.0,0.0,0.0,0.0,0.0,0.0,0.0,0.0,0.0,0.0,0.0,0.00016690412303432822,0.00028641356038860977
2025-12-09T16:22:16.348341,1765297336.3483407,0.0,0.0,0.0,0.0,0.0,6.887431663926691e-05,0.00023974267242010683,0.0004462163778953254,0.0004939186037518084,0.0004020445339847356,0.00018798942619469017,6.155658047646284e-05,0.00011104362056357786,0.0003072961699217558,0.00044188214815221727,0.00043153075966984034,0.0004420248151291162,0.000599899678491056,0.0008957631653174758,0.0011621793964877725,0.0013351037632673979,0.0015333310002461076,0.0018223082879558206,0.0021286674309521914,0.0023138460237532854,0.002357320161536336,0.0023467307910323143,0.0023577490355819464,0.0023658995050936937,0.0023582279682159424,0.0024233285803347826,0.002612573327496648,0.0028610932640731335,0.0030033872462809086,0.0031701126135885715,0.00360672059468925,0.004170408938080072,0.004685509484261274,0.005098902620375156,0.0049066548235714436,0.004268912598490715,0.0035919647198170424,0.0029078663792461157,0.002516771899536252,0.002624483546242118,0.003273336449638009,0.0038163624703884125,0.0043080090545117855,0.004693277645856142,0.004734749905765057,0.00453523313626647,0.004502401687204838,0.0046478500589728355,0.004940912593156099,0.005414550192654133,0.005998996552079916,0.006548285949975252,0.006861454341560602,0.0068220291286706924,0.006307229865342379,0.005420595407485962,0.0045542302541434765,0.003759004408493638,0.0030609576497226954,0.00247737905010581,0.0020309973042458296,0.0015867168549448252,0.0012386271264404058,0.0011511921184137464,0.0010017820168286562,0.0008933119243010879,0.0007032907451502979,0.0006525875069200993,0.0006863410817459226,0.0007465131347998977,0.0007210280164144933,0.0009118188172578812,0.0005532646900974214,0.0003125720249954611,0.0002471086336299777,0.00021233603183645755,0.0002343556989217177,0.00020848579879384488,0.0,0.0,0.0,0.0,0.0,0.0003007257473655045,0.0006359195685945451,0.0007959252689033747,0.0006921881577000022,0.000384494720492512,5.702579073840752e-05,0.0,0.0,1.1210458069399465e-05,9.664153913035989e-05,0.00014138127153273672,0.00010452421702211723,5.143940506968647e-05,0.0,0.0,0.0,0.0,2.4071007374004694e-06,0.0001025210294756107,0.00017236846906598657,0.0002481695846654475,0.0002772896841634065,0.00023714624694548547,0.00011971294588875026,1.8414510805087048e-06,0.0,0.0,0.0,0.0,0.0,0.0,0.0,0.0,1.4246499631553888e-05,3.694464248837903e-05,1.4832071428827476e-05,1.7282467524637468e-05,4.2670788388932124e-05,7.947169797262177e-05,6.10775823588483e-05,4.7642319259466603e-05,0.0,0.0,0.0,0.0,0.0,0.0
2025-12-09T16:22:18.020348,1765297338.020348,0.0,0.0,0.0,0.0,4.073024683748372e-05,0.0001314025284955278,0.00015211492427624762,0.00013032199058216065,0.0001234000374097377,7.101936353137717e-05,6.557621236424893e-05,9.499953739577904e-05,0.0001181794359581545,0.0002645354834385216,0.0005054936045780778,0.0006969093810766935,0.0006735330098308623,0.000551800592802465,0.0005505342851392925,0.0008276942535303533,0.001245173392817378,0.001701115514151752,0.002154997084289789,0.002528547076508403,0.002796132816001773,0.002891529817134142,0.0027459776028990746,0.002305326284840703,0.001766957575455308,0.0015656972536817193,0.0019073225557804108,0.002683246973901987,0.0033629813697189093,0.0036204198841005564,0.003528179368004203,0.0033698088955134153,0.003466935595497489,0.0037019257433712482,0.004080912563949823,0.004453431814908981,0.004725976847112179,0.0047661904245615005,0.004565963987261057,0.004183107055723667,0.004001467954367399,0.004016650840640068,0.00391298346221447,0.0038819429464638233,0.003972734324634075,0.004041424952447414,0.004145211540162563,0.0043231588788330555,0.004590865224599838,0.004903166554868221,0.005372721701860428,0.005930284503847361,0.006370798218995333,0.006573115941137075,0.0064256805926561356,0.006061295513063669,0.0055588181130588055,0.0051177749410271645,0.0045095826499164104,0.003950776066631079,0.003426171373575926,0.002849757671356201,0.002289714990183711,0.0015882946318015456,0.0010152750182896852,0.0003909752704203129,0.0,0.0,0.00013285063323564827,0.0005068382015451789,0.0007539677317254245,0.0013192726764827967,0.001622761134058237,0.0018068293575197458,0.0014704877976328135,0.0007295786053873599,0.0,0.0,0.0,0.0,0.0,0.0,0.0005262449849396944,0.0006747584557160735,0.00040111845009960234,0.00016461194900330156,0.0,0.0,4.890741183771752e-05,0.0002375078183831647,0.00043073701090179384,0.0005306048551574349,0.0005429631564766169,0.0004305644251871854,0.0002777570625767112,4.653892028727569e-05,0.0,0.0,0.0,0.0,0.0,0.0,0.0,0.0,0.0,0.0,0.0,0.0,0.0,0.00015547312796115875,0.0003887289494741708,0.0006242489325813949,0.0007672709180042148,0.0008562046568840742,0.0008985988679341972,0.000897473597433418,0.0008281354676000774,0.0006632054573856294,0.00042932620272040367,0.00023199782299343497,7.152686885092407e-05,0.0,0.0,0.0,0.0,0.0,0.0,0.0,0.0,0.0,0.0
2025-12-09T16:22:19.686749,1765297339.686749,0.0,0.0,0.0,0.0,0.0,0.0,0.0,0.0,0.0,4.1639232222223654e-05,0.00046883514733053744,0.0007680801791138947,0.0008131578215397894,0.0005066220765002072,0.00016842198965605348,0.0,0.0,0.0,9.90370062936563e-06,0.0005814983742311597,0.0013385278871282935,0.002069063251838088,0.0025139080826193094,0.002654117066413164,0.002650600392371416,0.0026290486566722393,0.0024870873894542456,0.0022840506862848997,0.0021353282500058413,0.002126636914908886,0.0021998591255396605,0.002317091915756464,0.0025036553852260113,0.0028692595660686493,0.0032987776212394238,0.0038059905637055635,0.004259743727743626,0.004619394429028034,0.004713134840130806,0.004541656468063593,0.004229584708809853,0.003884342033416033,0.0036567538045346737,0.0034641006495803595,0.003324646968394518,0.003381924005225301,0.0034321954008191824,0.0034985204692929983,0.003659949405118823,0.0039108870550990105,0.004182090517133474,0.004659328144043684,0.005094591993838549,0.005526451859623194,0.006005091592669487,0.00640821224078536,0.006753937806934118,0.006902144756168127,0.006727080326527357,0.00633450411260128,0.005661348812282085,0.005037954542785883,0.00426194304600358,0.003597823902964592,0.002813742496073246,0.0022503258660435677,0.0015121159376576543,0.0010524478275328875,0.0009091105312108994,0.0008171189692802727,0.0009214767487719655,0.0009499047882854939,0.001114164711907506,0.0012292840983718634,0.0013471855781972408,0.001246419153176248,0.0008101114071905613,0.0003582542994990945,6.759789539501071e-05,3.6650639231083915e-05,0.0,0.0,0.0,0.0,0.0,1.914620770548936e-05,1.2939732187078334e-05,6.006415787851438e-06,0.0002561554138083011,0.00034872820833697915,0.0004625297151505947,0.000544683774933219,0.0004754500405397266,0.0004636701487470418,0.0003419025451876223,0.00023327967210207134,0.00012169399269623682,3.165389716741629e-05,0.0,0.0,0.0,0.0,0.0,0.0,0.0,1.7158285118057393e-05,4.388208981254138e-05,2.8468810342019424e-05,7.798382284818217e-06,0.0,0.0,2.5750180157047e-06,3.786921297432855e-05,7.192812336143106e-05,6.482505705207586e-05,5.85406887694262e-05,4.4004846131429076e-05,2.62870507867774e-05,0.0,0.0,0.0,0.0,0.0,0.0,0.0,0.0,0.0,9.946577483788133e-05,0.00017867858696263283,0.00014080746041145176,0.00018796739459503442,5.645435521728359e-05,0.0,0.0,0.0
2025-12-09T16:22:21.354510,1765297341.3545096,0.0,0.0,0.0,0.0,0.0,9.970006794901565e-05,5.92262513237074e-05,0.0,0.0,0.0,0.00018803373677656054,0.0004425118677318096,0.0005147327319718897,0.0003196953039150685,4.1306240746052936e-05,0.0,0.0,0.00011172869562869892,0.00041959190275520086,0.0008022150141187012,0.0012872519437223673,0.0017853480530902743,0.0022804122418165207,0.0026308277156203985,0.0027315679471939802,0.00266993953846395,0.002511237980797887,0.0024491273798048496,0.002443960402160883,0.0024341074749827385,0.002360784448683262,0.0024045375175774097,0.0025874010752886534,0.0029429185669869184,0.003440357744693756,0.0038777475710958242,0.003980524372309446,0.003645343240350485,0.0034081751946359873,0.003316106740385294,0.003310183994472027,0.0036277647595852613,0.00406294409185648,0.004378557205200195,0.004684215411543846,0.004663899540901184,0.004365005064755678,0.00412964029237628,0.003968740347772837,0.004009233321994543,0.004069206304848194,0.004218404181301594,0.004504067823290825,0.0049471668899059296,0.005301352124661207,0.005646820645779371,0.0059807091020047665,0.006258654873818159,0.006336381658911705,0.006207100115716457,0.00580585515126586,0.0051925089210271835,0.004453723318874836,0.003767469199374318,0.003192886710166931,0.0026009874418377876,0.001992588397115469,0.0014173368690535426,0.0009490310912951827,0.0006944939959794283,0.0006697874632664025,0.0007648949394933879,0.000983644393272698,0.00114821910392493,0.0009853770025074482,0.00093712197849527,0.0007995045743882656,0.00035982535337097943,0.0,0.0,0.0,0.0,0.0,0.0,2.9180075216572732e-05,0.00010964874672936276,9.645781392464414e-05,0.0,0.0,0.0,0.0,0.0,0.00037705691647715867,0.0007825170760042965,0.0010734302923083305,0.0011052013142034411,0.0010012785205617547,0.0007631732732988894,0.0004760752199217677,0.000199608359253034,7.454029400832951e-06,0.0,0.0,0.0,0.0,0.0,0.0,0.0,0.0,0.0,0.0,0.0,0.0,0.0,0.0,0.0,0.0,1.9708637410076335e-05,3.358415051479824e-05,1.106727449950995e-05,0.0,0.0,0.0,0.0,0.0,0.0,5.173483077669516e-05,0.00019493747095111758,0.0003482275933492929,0.0005133721278980374,0.0006498696748167276,0.0009068138315342367,0.0009494838304817677,0.000997680937871337,0.0010554142063483596
2025-12-09T16:22:23.021317,1765297343.0213168,0.0007610314642079175,0.00047672915388830006,0.0002319265331607312,3.094842395512387e-05,0.0,0.0,0.0,0.0,0.0,5.576602416113019e-05,0.00048578434507362545,0.0006260897498577833,0.00046855490654706955,0.000230599835049361,0.0002002660621656105,0.0003332989290356636,0.0004104798717889935,0.0004580351524055004,0.0005810406291857362,0.0009245176916010678,0.0013555451296269894,0.0017591390060260892,0.0020967337768524885,0.0024310064036399126,0.0027655125595629215,0.002941967686638236,0.002871876582503319,0.0024523576721549034,0.0019180282251909375,0.0016177267534658313,0.001695592305622995,0.0021908541675657034,0.002869358751922846,0.0033345534466207027,0.0034680271055549383,0.0035019784700125456,0.003478958737105131,0.003654374508187175,0.004039875231683254,0.004498275928199291,0.005122929811477661,0.005326517857611179,0.005071608349680901,0.004349010530859232,0.003538590855896473,0.0029416901525110006,0.0025108354166150093,0.0025366328191012144,0.0031074080616235733,0.004045052919536829,0.004887763876467943,0.00534962909296155,0.005486773792654276,0.005461118184030056,0.005498726386576891,0.0056287748739123344,0.005726891569793224,0.005717147141695023,0.0055924360640347,0.005446272902190685,0.005310468375682831,0.0052664135582745075,0.0050386833027005196,0.004802149720489979,0.004481770098209381,0.0038511513266712427,0.0030237885657697916,0.00204644538462162,0.0011210473021492362,0.00034932763082906604,0.0,0.0,0.0,0.0,1.3529634998121765e-05,0.00030002734274603426,0.00032729716622270644,0.00031000273884274065,0.00036905970773659647,0.0005594094400294125,0.0005859392695128918,0.00032549723982810974,0.00010815302812261507,0.0,0.0,0.0,0.0,0.0,0.0,0.0,0.0,0.0,2.325217610632535e-05,0.00024622498312965035,0.0004342888423707336,0.0006191041320562363,0.0006439713179133832,0.0006093265837989748,0.0005102024879306555,0.000371646776329726,0.0003002618032041937,0.00023135477385949343,0.00018316431669518352,4.5150121877668425e-05,0.0,0.0,0.0,0.0,0.0,0.0,0.0,4.941517181578092e-05,0.00042263694922439754,0.0006869317148812115,0.0008372869342565536,0.0009275277843698859,0.0008214120753109455,0.0005496320081874728,0.0002576076949480921,4.671503120334819e-05,0.0,0.0,0.0,0.0,0.0,0.0,0.0,0.0,0.0,0.0,0.0,0.0,0.0,6.296795618254691e-05,0.00016997434431686997
2025-12-09T16:22:24.687915,1765297344.687915,0.0005673611303791404,0.00040824507595971227,0.0002651488466653973,0.00010985232802340761,0.0,0.0,0.0,0.0,0.0,9.923546167556196e-05,0.00017958723765332252,0.00012739523663185537,5.985301686450839e-05,9.905580373015255e-05,0.00025508945691399276,0.0004176015208940953,0.000532810518052429,0.0005630652885884047,0.0006774599896743894,0.0010475191520527005,0.0016722698928788304,0.002333585172891617,0.0027617127634584904,0.002814832841977477,0.0025500799529254436,0.0021713273599743843,0.0018390691839158535,0.0016561609227210283,0.0015960604650899768,0.001573116984218359,0.0016216920921579003,0.0018189281690865755,0.002309397328644991,0.0031054471619427204,0.004014148376882076,0.004623996559530497,0.004956635646522045,0.00497505022212863,0.004633290693163872,0.004176423419266939,0.0037117190659046173,0.003455156460404396,0.0035379936452955008,0.003775215009227395,0.003927451558411121,0.004114948678761721,0.004167715087532997,0.00409360509365797,0.004032080993056297,0.0038274063263088465,0.0038161335978657007,0.004073148127645254,0.0045587788335978985,0.00514103751629591,0.00588600616902113,0.006576319690793753,0.007058544084429741,0.007160112727433443,0.006959251593798399,0.006388918496668339,0.005501041654497385,0.004679366480559111,0.003704543923959136,0.0030558970756828785,0.002567778341472149,0.002374593634158373,0.002335903700441122,0.0023007821291685104,0.0019970277789980173,0.0018156599253416061,0.001559365657158196,0.001253597205504775,0.0009585347725078464,0.0006698418292216957,0.00023127603344619274,0.0,0.0,0.0,0.0,0.0,0.0,0.0,0.0,0.0003054614062421024,0.0005398454959504306,0.0007032920839264989,0.0006099964957684278,0.00046342407586053014,0.00029655444086529315,0.00014597928384318948,0.0001656856038607657,0.00025936562451533973,0.0002956044627353549,0.0003617748152464628,0.00024291804584208876,0.0,0.0,0.0,0.0,0.0,0.0,0.0,0.0,9.511405369266868e-05,0.0002808728313539177,0.00036369444569572806,0.0003513199044391513,0.0002667766239028424,0.00018160438048653305,0.00010204919090028852,7.516293408116326e-05,8.125144086079672e-05,9.124177449848503e-05,0.00014035780623089522,0.000186209159437567,0.00018295385234523565,0.00010646763985278085,0.0,0.0,0.0,0.0,0.0,0.0,0.0,0.0,0.0,3.903622928191908e-05,0.00019423896446824074,0.0003465017944108695,0.00044155787327326834,0.0005188459763303399,0.0005163298337720335,0.0004878503968939185,0.00039124980685301125,0.00028433988336473703
2025-12-09T16:22:26.355554,1765297346.3555536,0.00027608597883954644,0.0001588741288287565,5.019021045882255e-05,0.0,0.0,0.0,0.0,0.0,0.00016869102546479553,0.0004689905617851764,0.0006943970220163465,0.0007454821607097983,0.0006374429212883115,0.0003364740405231714,1.3547503840527497e-05,0.0,0.0,0.00014303956413641572,0.0005535486270673573,0.0010006092488765717,0.0013704848242923617,0.001667703501880169,0.0019408338703215122,0.0022475605364888906,0.0025176515337079763,0.002591610187664628,0.00232850294560194,0.0020239166915416718,0.0019531185971572995,0.002129799220710993,0.002343118889257312,0.002559682819992304,0.0028145883698016405,0.0032790328841656446,0.0037570891436189413,0.00413939356803894,0.004336080513894558,0.004216755274683237,0.004165455233305693,0.003965814597904682,0.0038407109677791595,0.003922316711395979,0.003972459118813276,0.003910057712346315,0.0038877646438777447,0.0037448450457304716,0.0035863532684743404,0.0034995530731976032,0.003519929014146328,0.0036791241727769375,0.003890363033860922,0.0041900030337274075,0.004666392225772142,0.005266360007226467,0.005845832172781229,0.006404981482774019,0.006908567156642675,0.007105663418769836,0.00689166272059083,0.006305659655481577,0.005370457656681538,0.004291586112231016,0.0034987651742994785,0.0028929293621331453,0.002555730054154992,0.0025027974043041468,0.002475651679560542,0.0024225320667028427,0.002225980395451188,0.0018236743053421378,0.0012248613638803363,0.0007705880561843514,0.0002631743554957211,0.0,0.0,0.0,0.0,0.0,0.0,0.0001555284979986027,0.00043672873289324343,0.0007101099472492933,0.0007527399575337768,0.0007492280565202236,0.0008210152154788375,0.001082344213500619,0.0009004162857308984,0.0005196936544962227,0.0,0.0,0.0,0.0,0.0,0.0,0.0,0.0,0.0,0.0,4.7460525820497423e-05,0.00019336977857165039,0.0004103530081920326,0.0006466110935434699,0.0009355914662592113,0.0010732063092291355,0.0011253288248553872,0.0009984502103179693,0.0007139098597690463,0.00033870514016598463,0.0,0.0,0.0,0.0,0.0,0.0,0.0,0.0,0.0,0.0,0.0,0.0,0.0,0.0,1.479024467698764e-05,6.416178803192452e-05,0.00011710060061886907,0.00020421136287041008,0.00027159228920936584,0.0003002183511853218,0.00029352589626796544,0.0002442634722683579,0.00017842429224401712,8.778224582783878e-05,8.135581447277218e-05,4.0674087358638644e-05,4.085841646883637e-05
2025-12-09T16:22:28.022690,1765297348.0226903,0.0,0.0,0.0,0.0,0.00017028424190357327,0.0,0.0,0.0,0.0,0.0,0.0,6.559359462698922e-05,0.00034092721762135625,0.00031708271126262844,0.00014204415492713451,0.0,3.516702236083802e-07,0.00012287514982745051,0.00036263480433262885,0.0007619305397383869,0.001237794873304665,0.0016380574088543653,0.0019094687886536121,0.0020425505936145782,0.002130742184817791,0.0021894306410104036,0.0021660993807017803,0.002108862856402993,0.0020573758520185947,0.0019737565889954567,0.0018102900357916951,0.0017514611827209592,0.0020121587440371513,0.002798505127429962,0.003792738076299429,0.0044853161089122295,0.004640595056116581,0.004275396000593901,0.003658666741102934,0.003382539376616478,0.0033043334260582924,0.003668657736852765,0.004255570936948061,0.004692520946264267,0.004851394798606634,0.004583428148180246,0.003966673277318478,0.0034363262820988894,0.0030148231890052557,0.0030354803893715143,0.003532928181812167,0.004402196500450373,0.005337701644748449,0.006210701074451208,0.00680910749360919,0.007121280767023563,0.007116846740245819,0.006848814431577921,0.006342387292534113,0.005700354930013418,0.005001359153538942,0.0044053890742361546,0.0037760555278509855,0.003292581532150507,0.0029929904267191887,0.002661893144249916,0.002407949883490801,0.0021223982330411673,0.0016306093893945217,0.0012513932306319475,0.0010437818709760904,0.0008342971559613943,0.0006576293963007629,0.00046693236799910665,0.0004732085217256099,0.00018974168051499873,0.0003871771041303873,0.0004997733631171286,0.0004340564482845366,0.00025022352929227054,0.00018328355508856475,0.00011743315553758293,2.2134161554276943e-05,0.00013434833090286702,0.0001657365937717259,0.0001637973909964785,6.737658259226009e-05,0.0,0.0,0.0,0.0,0.0,0.0,0.0,0.0,0.0,0.0,0.0,0.00020098211825825274,0.00041893013985827565,0.0006002300651744008,0.0005626892088912427,0.00039608360384590924,6.745716382283717e-05,0.0,0.0,0.0,0.0,0.0,0.0,0.0,0.0,0.0,0.0,0.0,0.0,0.0,0.0,0.0,0.0,0.0,6.581749858014518e-06,0.00015506442287005484,0.0002752442960627377,0.00029104333953000605,0.00020210721413604915,4.401414844323881e-05,0.0,0.0,0.0,0.0,0.0,0.0,0.0,0.0
2025-12-09T16:22:29.691126,1765297349.691126,0.0,0.0,0.0,0.0,4.9449754442321137e-05,4.367018846096471e-05,8.83419306774158e-06,0.0,1.8436874597682618e-05,0.0001648321485845372,0.000296776182949543,0.000392275454942137,0.0004428900429047644,0.00037249730667099357,0.00020720329484902322,1.6489335393998772e-05,0.0,0.0,0.00034639163641259074,0.0009355052025057375,0.0015945315826684237,0.002128477906808257,0.002492940751835704,0.002624296583235264,0.002574773970991373,0.002426058053970337,0.0021645650267601013,0.0019513147417455912,0.0018398984102532268,0.001903619384393096,0.0021057112608104944,0.002418642397969961,0.002768385224044323,0.003073521424084902,0.0033766631968319416,0.0038744660560041666,0.0044929939322173595,0.004947648383677006,0.0051461574621498585,0.005046204663813114,0.0044480785727500916,0.003821526886895299,0.0033550343941897154,0.002957656979560852,0.0029271484818309546,0.0032792757265269756,0.0036812196485698223,0.0040449295192956924,0.004394027404487133,0.004517784342169762,0.004572067875415087,0.004760608077049255,0.004945918917655945,0.0051266783848404884,0.005390017759054899,0.00571407051756978,0.0060924142599105835,0.006584521383047104,0.006815269589424133,0.006675300188362598,0.006189584266394377,0.00549436267465353,0.004668984096497297,0.0037639618385583162,0.0029905643314123154,0.002330590272322297,0.001628800993785262,0.001054720371030271,0.0007756400154903531,0.000622803287114948,0.0006338307866826653,0.000678998592775315,0.0007885459344834089,0.0008815830224193633,0.0008790515130385756,0.0009557994781062007,0.0007550068548880517,0.0006438106647692621,0.00038083046092651784,0.0,0.0,0.0,0.0,0.0,0.0,0.0001529897708678618,0.0003955948050133884,0.0005065001896582544,0.0006136462325230241,0.0004502724332269281,0.00027358668739907444,0.00017885318084154278,0.00012711607269011438,0.00013240276894066483,6.032798410160467e-05,0.00011745936353690922,7.42003321647644e-05,4.995577546651475e-05,5.311432687449269e-05,9.220781066687778e-05,0.0001924360985867679,0.0003273927723057568,0.00048041169065982103,0.0005804567481391132,0.0006670597358606756,0.0006048123468644917,0.00039851691690273583,0.000107717773062177,0.0,0.0,0.0,0.0,0.0,0.0,8.222990436479449e-05,0.0002745257515925914,0.0004704654566012323,0.0006501601310446858,0.0007497593178413808,0.0007577752694487572,0.0006949740345589817,0.0005813386524096131,0.00042929680785164237,0.00030175375286489725,0.00021748764265794307,0.00018060403817798942,0.00012876951950602233,8.671098476042971e-05,9.075694833882153e-05,7.753202226012945e-05,2.1852167265024036e-05,0.0,0.0,0.0,0.0
2025-12-09T16:22:31.357841,1765297351.357841,0.0007199354004114866,0.0005520451813936234,0.00038065871922299266,0.00020776616293005645,3.371063939994201e-05,0.0,0.0,0.0,0.0,0.0,0.00016925038653425872,0.0004403473867569119,0.0005945515003986657,0.0005165144102647901,0.00032724838820286095,7.821269537089393e-05,0.0,0.0,9.522120762994746e-07,0.0005288547254167497,0.001229619374498725,0.001987772062420845,0.002583120483905077,0.002881895285099745,0.0029015636537224054,0.0027737761847674847,0.0025650206953287125,0.002332021715119481,0.0021217293106019497,0.0019993893802165985,0.002033061347901821,0.0022666072472929955,0.002717511961236596,0.003265189006924629,0.0037157973274588585,0.003967092372477055,0.0040009054355323315,0.003903444390743971,0.003954754211008549,0.004048996139317751,0.00404288899153471,0.004195458721369505,0.004403213504701853,0.004351325333118439,0.004239535890519619,0.003953478764742613,0.0035789916291832924,0.0033485833555459976,0.00322168180719018,0.0033238395117223263,0.003635296132415533,0.004249606281518936,0.005007271654903889,0.005763030145317316,0.006307016592472792,0.0066925096325576305,0.006910733878612518,0.006882870569825172,0.0065127466805279255,0.00586354685947299,0.005266135558485985,0.0047487118281424046,0.004190383013337851,0.00374520942568779,0.0035085370764136314,0.0028996686451137066,0.0023626352194696665,0.001613479107618332,0.0010301758302375674,0.0006243310053832829,0.00031952219433151186,0.000306977512082085,0.0004058947670273483,0.0006469035288318992,0.0006494840490631759,0.0009274288895539939,0.0013905578525736928,0.001370820333249867,0.0010266144527122378,0.0007265023305080831,0.00019234437786508352,0.0,0.0,0.0,0.0,0.0001398479362251237,0.0001325384946539998,8.713746501598507e-05,0.0,0.0,0.0,0.0,0.0,0.0,0.00023764700745232403,0.0004310796794015914,0.000624680717010051,0.000781580398324877,0.0008774718153290451,0.000890448980499059,0.0007523323874920607,0.0005294985603541136,0.00027843020507134497,0.0,0.0,0.0,0.0,0.0,0.0,0.0,0.0,0.0,0.0,0.00011668192018987611,0.00021757656941190362,0.00024431594647467136,0.00015054877439979464,0.0001048180420184508,7.991606980795041e-05,0.00014346044918056577,0.0002598825958557427,0.0003619174531195313,0.00041448333649896085,0.0004675041127484292,0.0004638076643459499,0.000407065061153844,0.0003176737518515438,0.00020811027206946164,6.071716779842973e-05,0.0,0.0,0.0,0.0,0.0,0.0
2025-12-09T16:22:33.025495,1765297353.0254946,0.0,0.0,0.0,0.0,0.0,0.0,0.0,0.0,0.0,0.0,0.0005092612118460238,0.0008332798606716096,0.000785913725849241,0.00026412116130813956,0.0,0.0,0.0,9.031857916852459e-05,0.00040853669634088874,0.000947976834140718,0.0016405154019594193,0.002307940972968936,0.002646162873134017,0.002680530771613121,0.002573662903159857,0.002452495042234659,0.0022222097031772137,0.0018999130697920918,0.0016879091272130609,0.001777101424522698,0.002100396202877164,0.0024450328201055527,0.0028130284044891596,0.003142304951325059,0.0033593971747905016,0.003638255875557661,0.003954475745558739,0.004091779701411724,0.004152216948568821,0.004206216428428888,0.004207332152873278,0.004119513556361198,0.004037299659103155,0.003952537663280964,0.0037828530184924603,0.0036615130957216024,0.003489478025585413,0.003286503255367279,0.0032226908951997757,0.0033653401769697666,0.003692487021908164,0.004175890702754259,0.0048789381980896,0.005631898529827595,0.0062397317960858345,0.006711982190608978,0.006883102003484964,0.00674833869561553,0.006450890563428402,0.005891183856874704,0.005087034776806831,0.00444198539480567,0.0038661465514451265,0.0035690523218363523,0.00330441165715456,0.0030375043861567974,0.0026265361811965704,0.0021423499565571547,0.0015310365706682205,0.0008962341235019267,0.0004022274515591562,0.00011696477304212749,0.0,0.0,7.477887265849859e-05,0.0,0.0,1.8874457964557223e-05,0.00037410977529361844,0.0008394187316298485,0.0010631037876009941,0.0012388515751808882,0.001048882957547903,0.0005262073827907443,0.0001917353947646916,0.00016555603360757232,0.0,0.0,0.0,0.0,0.0,0.0,0.0,0.0,0.0001030978310154751,0.00045685586519539356,0.0007161793764680624,0.000866516085807234,0.0009071957902051508,0.000911081035155803,0.0007576672942377627,0.0006159889744594693,0.0005262090126052499,0.0002893097698688507,9.689869330031797e-05,0.0,0.0,0.0,0.0,0.0,0.0,0.0,0.0,0.0,9.702704846858978e-05,0.00038804567884653807,0.0005635875277221203,0.0006906017661094666,0.0007364409393630922,0.0006869446951895952,0.0005981114227324724,0.00046479617594741285,0.0002575170074123889,4.7398316382896155e-05,0.0,0.0,0.0,0.0,0.0,0.0,0.0,0.0,0.0,0.0,0.0
2025-12-09T16:22:34.691228,1765297354.6912277,0.0,0.0,0.0,0.0,0.0,0.0,0.0,0.0,0.0,0.0,7.68937316024676e-05,0.0003854628012049943,0.0006095229764468968,0.0006492728716693819,0.0005121850990690291,0.00019687046005856246,0.0,0.0,0.0,0.0004757968126796186,0.001405123039148748,0.0022943338844925165,0.0028069838881492615,0.002860928187146783,0.002560773864388466,0.002222823677584529,0.0020917304791510105,0.0021604476496577263,0.0022878360468894243,0.0023669947404414415,0.0023826174437999725,0.002426745370030403,0.0026323338970541954,0.0029006137046962976,0.003217406803742051,0.003608997678384185,0.0039563532918691635,0.00428949948400259,0.004311173688620329,0.0043101548217237,0.004414387512952089,0.004485026933252811,0.004581800661981106,0.004549880977720022,0.004403328523039818,0.004108774475753307,0.003555228468030691,0.0029625478200614452,0.0026787708047777414,0.0028406656347215176,0.0033180604223161936,0.004099118523299694,0.005041466560214758,0.006011352874338627,0.006746351253241301,0.007279207464307547,0.007387810852378607,0.007131516467779875,0.006495547015219927,0.005655672866851091,0.004821117501705885,0.0043611121363937855,0.004068134352564812,0.003949268721044064,0.0038820814806967974,0.0036098849959671497,0.0030150183010846376,0.0021915575489401817,0.00127069978043437,0.0005256392760202289,5.326107202563435e-05,0.0,0.0,0.00023807724937796593,0.0006240970687940717,0.0006990430993027985,0.000587474147323519,0.0004512343439273536,0.0001900739734992385,0.00020486998255364597,0.00020060283713974059,0.0001967261778190732,4.540103327599354e-05,0.0,0.0,0.0,0.0,0.0,9.890113142319024e-05,0.0,0.0,0.0,3.2272848329739645e-05,0.00021026776812504977,0.00042844621930271387,0.0005860474775545299,0.0006422184524126351,0.0005499785766005516,0.00035937357461079955,0.00010395798017270863,0.0,0.0,0.0,0.0,0.0,0.0,0.0,0.0,0.0,0.0,0.0,0.0,4.138762233196758e-05,0.00020099109678994864,0.0002705322112888098,0.0002765932586044073,0.0002372741437284276,0.00021022636792622507,9.28845620364882e-05,0.0,0.0,0.0,0.0,0.0,0.0,0.0,0.0,1.3406764082901645e-05,0.00012114328274037689,0.00021250851568765938,0.0002593868994154036,0.00017740672046784312,9.716683416627347e-05,1.8689794160309248e-05,0.0
2025-12-09T16:22:36.358257,1765297356.3582566,0.0011211215751245618,0.0009788634488359094,0.000838064297568053,0.0006957793375477195,0.0005438401130959392,0.0004224030126351863,0.0002489828912075609,0.0001251597423106432,0.0,0.0,0.0,0.0,0.0,0.0,4.4896201870869845e-05,0.00033408310264348984,0.0005718932952731848,0.0006595374434255064,0.0007231199415400624,0.000907781592104584,0.0013037113239988685,0.0019118950003758073,0.002542296191677451,0.00296679581515491,0.0029482536483556032,0.002548268297687173,0.0020265094935894012,0.001641917391680181,0.0015705447876825929,0.0017984334845095873,0.002112580696120858,0.002392340451478958,0.002669505774974823,0.0029308225493878126,0.003455770667642355,0.004127876833081245,0.004705153405666351,0.0049869767390191555,0.004895361606031656,0.0045570735819637775,0.0038007472176104784,0.002988185966387391,0.00265645794570446,0.0027425445150583982,0.003211924573406577,0.003692900761961937,0.004121781792491674,0.004397902637720108,0.004605855792760849,0.0045238519087433815,0.004347766283899546,0.004258088767528534,0.004367697983980179,0.004750367254018784,0.005223206710070372,0.005791580304503441,0.0062498776242136955,0.006587106268852949,0.006752416957169771,0.0066552916541695595,0.006304671987891197,0.005587483756244183,0.004511823412030935,0.0034051842521876097,0.0024017170071601868,0.0015346440486609936,0.0006417834665626287,9.543537453282624e-05,0.0,4.322389031585772e-06,0.0004474862653296441,0.0009661270887590945,0.0016116105252876878,0.001992792822420597,0.0022682396229356527,0.0021759183146059513,0.0017693027621135116,0.0009920414304360747,6.154897710075602e-05,0.0,0.0,0.0,0.0,0.0,0.0,0.0,0.00011733766586985439,0.0007016081362962723,0.0013664945727214217,0.0015429044142365456,0.0013611122267320752,0.0008902294212020934,0.0003527482913341373,0.0,0.0,2.7579973902902566e-05,7.804029155522585e-05,9.618509648134932e-05,0.0,0.0,0.0,0.0,0.0,0.0,0.0,6.202238000696525e-05,0.0003594062873162329,0.0005847245920449495,0.000696302333381027,0.0006530845421366394,0.0004598436353262514,0.000199700181838125,0.0,0.0,0.0,0.0,0.0,7.913160516181961e-05,0.00026234594406560063,0.0003752755292225629,0.00038096593925729394,0.00025066520902328193,0.00013861515617463738,3.740691317943856e-05,0.0,0.0,0.0,0.0,0.0,0.0,0.0,1.9044038708670996e-05,0.0002179544826503843,0.0004074680036865175,0.0005560553981922567
2025-12-09T16:22:38.025820,1765297358.0258203,0.0,0.0,0.0,0.0,0.0,0.0,0.0,0.00024662850773893297,0.000461829942651093,0.000520653382409364,0.0002992651716340333,0.0,0.0,0.0,0.0,0.0001737268758006394,0.0003330257604829967,0.0005807378329336643,0.0008389913709834218,0.0011019631056115031,0.0014089761534705758,0.001848397427238524,0.002374945906922221,0.002728156978264451,0.0027541283052414656,0.002582058310508728,0.0023830479476600885,0.0023113125935196877,0.0022409416269510984,0.002083762548863888,0.001879550633020699,0.0018432490760460496,0.002131517743691802,0.0027187217492610216,0.003512272611260414,0.00423476193100214,0.004705667030066252,0.004916300997138023,0.004945548716932535,0.0046785809099674225,0.0041149272583425045,0.003694108221679926,0.0033930810168385506,0.003135044127702713,0.0031400546431541443,0.003524096915498376,0.003867900697514415,0.004092007409781218,0.004335447680205107,0.0042608813382685184,0.004157607443630695,0.0041983239352703094,0.004443830344825983,0.004710791166871786,0.005148251075297594,0.005741451866924763,0.006423524115234613,0.006839508656412363,0.0070032840594649315,0.0067392694763839245,0.005981971509754658,0.0049789343029260635,0.004061753395944834,0.0032593163195997477,0.0025787902995944023,0.0020374709274619818,0.0017711939290165901,0.0013841533800587058,0.001049426500685513,0.0007051478605717421,0.000505771313328296,0.00030429629259742796,0.00020089466124773026,0.00011380409705452621,0.0005058568785898387,0.0005763801746070385,0.0007476996979676187,0.0010169829474762082,0.0010530452709645033,0.001447006594389677,0.0010724912863224745,0.0007286627078428864,0.0003357308451086283,0.0,0.0,0.0,0.0,0.0,0.0,0.00018948112847283483,0.0003150048141833395,0.00032672868110239506,0.0001654785592108965,0.00010350198135711253,9.954188135452569e-05,0.00027466248138807714,0.00035283100442029536,0.0003880623553413898,0.0003454528050497174,0.00038253635284490883,0.00024706454132683575,0.00015471255755983293,2.695463081181515e-05,0.0,0.0,6.759838925063377e-06,0.00011853665637318045,0.0002237192529719323,0.00028374523390084505,0.00021932316303718835,8.914359204936773e-05,0.0,0.0,0.0,4.021350832772441e-05,0.00012473895912989974,0.00013498547195922583,0.00017190062499139458,0.00023013779718894511,0.00025936809834092855,0.00022696569794788957,0.0001782039471436292,0.00010094187018694356,0.0,0.0,0.0,0.0,0.0,0.0,0.0,0.0,0.0,0.0,0.0,2.1176254449528642e-05
2025-12-09T16:22:39.693489,1765297359.693489,0.0005851672030985355,0.0006379791884683073,0.0006359511753544211,0.0005925738369114697,0.0004637566744349897,0.00025728909531608224,2.6559486286714673e-05,0.0,0.0,0.0,0.0,0.0,3.188928894815035e-05,0.00011562937288545072,0.00035791314439848065,0.0006276931380853057,0.0007686787866987288,0.0007440054905600846,0.0007296322728507221,0.0009448722703382373,0.001429324271157384,0.002047655638307333,0.0024945298209786415,0.0025386526249349117,0.0022102713119238615,0.0017632064409554005,0.0015289545990526676,0.0016615717904642224,0.001980613451451063,0.0021993399132043123,0.002277014311403036,0.002389788394793868,0.002652825089171529,0.003106217598542571,0.0036091108340770006,0.0039343941025435925,0.004141141194850206,0.0041053867898881435,0.003915928769856691,0.0037841740995645523,0.0036734011955559254,0.003855621675029397,0.004012425430119038,0.004206551238894463,0.0042931074276566505,0.004164553247392178,0.003925839904695749,0.0036518245469778776,0.003392257494851947,0.0032870471477508545,0.0035695985425263643,0.004296233411878347,0.0050919800996780396,0.005943059455603361,0.006483518518507481,0.006742574740201235,0.006831295322626829,0.0067769866436719894,0.0064056552946567535,0.005804711487144232,0.00496206060051918,0.004159632604569197,0.0035266452468931675,0.003071501851081848,0.002722643781453371,0.0025186100974678993,0.0022970233112573624,0.0019457311136648059,0.0015854666708037257,0.0013161675306037068,0.0011325308587402105,0.000938516401220113,0.0009116730070672929,0.0009178227628581226,0.0007220375118777156,0.0008318626787513494,0.000434701592894271,0.0003682966053020209,7.975375046953559e-05,0.0,0.0,0.0,8.605095354141667e-05,0.00041326138307340443,0.000661710393615067,0.000783861440140754,0.0007697086548432708,0.000565763097256422,0.00037734059151262045,0.00016326719196513295,0.0,0.0,0.0,0.0,0.0,0.0,0.0,0.0,0.0,0.0,0.0,9.847542241914198e-05,0.0002942941209767014,0.0002928443136624992,0.0003022298915311694,0.00029115116922184825,0.0002554050588514656,0.00019162301032338291,7.685054879402742e-05,6.420110366889276e-06,0.0,0.0,2.9839704893674934e-06,2.344075073779095e-05,5.234841592027806e-05,0.00011133567750221118,0.00017101882258430123,0.00014939362881705165,0.00015808106400072575,0.00018670853751245886,0.0001440127962268889,5.933814463787712e-05,0.0,0.0,0.0,0.0,0.0,0.0,0.0,0.0,8.183562749763951e-05,0.0001928957353811711,0.0002705655060708523,0.00029850940336473286,0.00028355582617223263
2025-12-09T16:22:41.361146,1765297361.3611465,0.0005016541108489037,0.00047502326196990907,0.00045613234397023916,0.0004673452058341354,0.0004394907446112484,0.0002971044450532645,0.0,0.0,0.0,0.0,0.0,0.0001724353205645457,0.000748908962123096,0.0009702141396701336,0.0007560183294117451,0.00034132946166209877,0.0,0.0,0.0002167502389056608,0.0006918617291375995,0.0012466706102713943,0.001756484853103757,0.002096921671181917,0.0021199588663876057,0.0018159238388761878,0.0013887959066778421,0.0010617462685331702,0.0010273156221956015,0.0012517452705651522,0.001571182394400239,0.0018069680081680417,0.0018630851991474628,0.0018691873410716653,0.0020173508673906326,0.0024332005996257067,0.00312790903262794,0.003944677766412497,0.004338471684604883,0.004296449013054371,0.003819792764261365,0.0030358065851032734,0.0024704330135136843,0.0021722009405493736,0.0022414084523916245,0.002613713499158621,0.0030615522991865873,0.0034256225917488337,0.003472784534096718,0.003244680818170309,0.0028305179439485073,0.002611745847389102,0.0026870055589824915,0.003189604729413986,0.003915160428732634,0.0045222328044474125,0.005047180689871311,0.005535048432648182,0.005816241260617971,0.005799716804176569,0.005400278139859438,0.004660378210246563,0.003837259951978922,0.002958965953439474,0.0022741800639778376,0.0018589766696095467,0.0015026137698441744,0.0012059324653819203,0.0009560195612721145,0.0007738573476672173,0.0006660621729679406,0.000715487462002784,0.0008558139088563621,0.0010730073554441333,0.001169162685982883,0.0011582779698073864,0.000812151818536222,0.00043105645454488695,0.00013688027684111148,0.0,0.0,0.0,0.0,0.0,0.0,0.0,0.0002457374648656696,0.0004284233145881444,0.0007463017827831209,0.001034511486068368,0.0011102304561063647,0.0009869802743196487,0.0006579571636393666,0.0002508835750631988,0.0,0.0,0.0,0.0,0.0,0.0,0.0,0.0,0.0,2.5616958737373352e-05,0.00014110283518675715,0.0002399286167928949,0.00031493266578763723,0.000388810207368806,0.0004357588477432728,0.0004793157859239727,0.0005063386051915586,0.0004972147871740162,0.00045439996756613255,0.0003456684935372323,0.00022244136198423803,7.013131107669324e-05,0.0,0.0,0.0,0.0,0.0,0.0,0.0,0.0,0.0,0.0,0.0,0.0,0.0,0.0,0.0,3.339876275276765e-05,6.603909810110054e-07,0.0,0.0,0.0
2025-12-09T16:22:43.029524,1765297363.0295238,0.0,0.0,0.0,0.0,0.0,0.0,0.0,0.0,0.0,0.0,3.717971776495688e-05,0.0003622769145295024,0.0006167610408738256,0.0005609978688880801,0.00033230832195840776,8.995607640827075e-05,0.0,0.0,3.446538539719768e-05,0.00022799018188379705,0.0004855081788264215,0.000908668793272227,0.0014499578392133117,0.0019785796757787466,0.0022352938540279865,0.0020766041707247496,0.0016125102993100882,0.0011474787024781108,0.001009989297017455,0.0012228849809616804,0.001560947042889893,0.0018235426396131516,0.0019242733251303434,0.0018174464348703623,0.0015270422445610166,0.0013590460876002908,0.0015640381025150418,0.0020202072337269783,0.002572942292317748,0.0028938381001353264,0.0030633157584816217,0.0030185841023921967,0.0027549434453248978,0.002338242018595338,0.0021353999618440866,0.0020511772017925978,0.002159163821488619,0.0022153048776090145,0.002221209229901433,0.0024334865156561136,0.0024668341502547264,0.0023317637387663126,0.0024507774505764246,0.0026778203900903463,0.0029653150122612715,0.0033634346909821033,0.0037594777531921864,0.0039032804779708385,0.0038674662355333567,0.0035889563150703907,0.003101673675701022,0.0026930260937660933,0.0022461931221187115,0.002037809230387211,0.0017685219645500183,0.0014718337915837765,0.0011420808732509613,0.0008363609085790813,0.0005405358970165253,0.0003910730010829866,0.00022583140525966883,5.822935054311529e-05,9.850796777755022e-05,0.00024633880821056664,0.0004097384517081082,0.00042512398795224726,0.000638987694401294,0.00023582087305840105,6.261714588617906e-05,0.0,4.2437281081220135e-05,0.00020624474564101547,0.00013992322783451527,0.0,0.0,0.0,0.0,0.0,0.00013240374391898513,0.0004721442237496376,0.0007001047488301992,0.0006898996070958674,0.0006161332712508738,0.0005347280530259013,0.0005108621553517878,0.0005275163566693664,0.0004581160028465092,0.0002975829120259732,6.332392513286322e-05,0.0,0.0,0.0,0.0,0.0,0.0,0.0,7.182073750300333e-05,0.00027028468321077526,0.00042420567478984594,0.00048262838390655816,0.0004571749595925212,0.00039303526864387095,0.00032226700568571687,0.0002284938673255965,0.00014277170703280717,6.510285311378539e-05,3.4710817999439314e-05,2.337054320378229e-05,0.0,0.0,0.0,0.0,0.0,0.0,0.0,0.0,0.0,7.276432734215632e-05,0.0001382589980494231,0.00017827254487201571,0.00016773286915849894,3.482785905362107e-05,0.0,0.0,0.0
2025-12-09T16:22:44.698480,1765297364.69848,0.0,0.0,0.0,0.0,0.0,4.2816431232495233e-05,0.0003338527458254248,0.0006256730994209647,0.0007048624102026224,0.0005306919920258224,0.0002807877608574927,0.000128875020891428,0.0,0.0,0.0,0.0,0.0,0.0,0.0002756142057478428,0.0009108312660828233,0.00135899952147156,0.0014919996028766036,0.0014355600578710437,0.0013785898918285966,0.0013907091924920678,0.0014058321248739958,0.001185717759653926,0.0008178501739166677,0.00044651367352344096,0.00029399883351288736,0.00038113939808681607,0.0006736430223099887,0.001074449741281569,0.0014496918302029371,0.0017097484087571502,0.001995987957343459,0.002159439492970705,0.002222461625933647,0.002347460947930813,0.002426228253170848,0.002428589854389429,0.002309780102223158,0.002023962326347828,0.0015082511818036437,0.0009621952776797116,0.0006788822938688099,0.0005821203230880201,0.0006655050092376769,0.0010979784419760108,0.0016363115282729268,0.0021204326767474413,0.002489635720849037,0.0026419060304760933,0.002626406727358699,0.0026169223710894585,0.0026006880216300488,0.002492498839274049,0.0024395110085606575,0.0024357654619961977,0.0025065813679248095,0.002604315523058176,0.0026403027586638927,0.0025350693613290787,0.00222046859562397,0.0016769003123044968,0.0010982175590470433,0.000615326629485935,0.00019374617841094732,0.0,0.0,0.0,0.0,0.0,0.0,0.0,0.0002225753414677456,0.000430762127507478,0.0005685915239155293,0.0006245055119507015,0.000647011969704181,0.0006808313773944974,0.000722113240044564,0.0005701521877199411,0.00031480705365538597,0.0,0.0,0.0,0.0,0.0,0.0,9.776678052730858e-05,0.0003774240321945399,0.0004652150673791766,0.0005356291658245027,0.00047625694423913956,0.00041918017086572945,0.00031385410693474114,0.00022116558102425188,0.0001491860020905733,0.00010253522486891598,7.042967627057806e-05,3.5004264645976946e-05,0.0,0.0,0.0,0.0,0.0,0.0,0.0,0.0,0.00011097310925833881,0.0004394842544570565,0.0006173655856400728,0.0006810686900280416,0.0006534198182635009,0.000510150333866477,0.0002850542950909585,0.0,0.0,0.0,0.0,0.0,0.0,0.0,0.0,1.3069129636278376e-05,0.0003410489298403263,0.00061385816661641,0.0008295345469377935,0.0009240555227734149,0.0009938542498275638,0.0009723121183924377,0.0009273502510040998,0.0008688245434314013,0.0008045766735449433
2025-12-09T16:22:46.364776,1765297366.3647761,0.0,0.0,0.0,0.0,0.0,0.0,0.0,0.0,0.00017802705406211317,0.00032955166534520686,0.00011603565508266911,0.0,0.0,0.0,0.0,0.0,0.0,2.5194191039190628e-05,0.0002325438690604642,0.00029754542629234493,0.00020417262567207217,0.00015809856995474547,0.00042469846084713936,0.0010055000893771648,0.001653840416111052,0.0019284221343696117,0.001708264579065144,0.0010847990633919835,0.00044475210597738624,5.390040678321384e-05,0.0,0.00016189586312975734,0.0007032949943095446,0.0013332304079085588,0.001731252996250987,0.0019218482775613666,0.001962982816621661,0.0018370924517512321,0.0015165377408266068,0.0014645670307800174,0.0015785982832312584,0.0017029035370796919,0.0017606515903025866,0.0016523535596206784,0.0014849796425551176,0.0014642776222899556,0.001574524212628603,0.0015923483297228813,0.0016469130059704185,0.0018739269580692053,0.0021051906514912844,0.0021830680780112743,0.0021735087502747774,0.0022799158468842506,0.0023696820717304945,0.0025803979951888323,0.002915677847340703,0.003254262963309884,0.0034743892028927803,0.003426728770136833,0.0030814623460173607,0.002393615897744894,0.001672972459346056,0.0010179824894294143,0.0004950702423229814,0.0001635849621379748,0.00016219764074776322,0.0004244578303769231,0.000762604468036443,0.0011756529565900564,0.001460870262235403,0.0015367609448730946,0.001360271591693163,0.0009173192083835602,0.00032943676342256367,0.0,0.0,0.0,0.0,0.0,6.636484613409266e-05,0.0007333296234719455,0.0013909917324781418,0.0016964395763352513,0.0015926278429105878,0.0012297930661588907,0.000681297795381397,2.4225735614891164e-05,0.0,0.0,0.0,0.0,0.0,0.0,0.0,0.0,0.0,1.6132962628034875e-05,0.00018210237612947822,0.0004558284126687795,0.0004857660096604377,0.00047173447092063725,0.00045180419692769647,0.00036770018050447106,0.00023786109522916377,0.0001483915839344263,8.785011596046388e-05,5.283278369461186e-05,8.617866114946082e-05,0.00010346740600652993,5.6375120038865134e-05,0.0,0.0,0.0,0.0,0.0,0.0,0.0,0.0,0.0,0.0,0.0,0.00010155744530493394,0.00034285918809473515,0.0005231602117419243,0.0006177769391797483,0.0006623152876272798,0.0006777188391424716,0.0006317102233879268,0.0005473488126881421,0.0003588773251976818,0.00020260931341908872,1.6378577129216865e-05,0.0,0.0
2025-12-09T16:22:48.031487,1765297368.0314872,0.0,0.0,0.0,0.0,0.0,0.0,0.0,0.0,0.0,0.00011655390699161217,0.0002991221845149994,0.00039873059722594917,0.0003627894911915064,0.00018204323714599013,0.0,0.0,0.0,0.0,0.0,0.0,0.00029558176174759865,0.0007068726699799299,0.0011583601590245962,0.001490037189796567,0.0015342130791395903,0.0012628951808437705,0.00086010224185884,0.0007521702209487557,0.0010177213698625565,0.001378352870233357,0.0014676861464977264,0.00118863838724792,0.0008384146494790912,0.0006570086115971208,0.0006291560712270439,0.001024362863972783,0.0016484562074765563,0.002044081222265959,0.0023706299252808094,0.002476576017215848,0.0021634686272591352,0.0018436966929584742,0.0015188471879810095,0.0010946799302473664,0.001030410872772336,0.0011558857513591647,0.001526154694147408,0.0018388251774013042,0.0018499266589060426,0.0019117435440421104,0.0017894558841362596,0.0016041620401665568,0.0017133703222498298,0.0020031272433698177,0.0024091298691928387,0.002855669241398573,0.0033806515857577324,0.003703770926222205,0.003599956864491105,0.0031781333964318037,0.0025395432021468878,0.0018169080140069127,0.0013184869894757867,0.0011972780339419842,0.001326006487943232,0.0013905655359849334,0.0014250563690438867,0.0013459796318784356,0.0009559564059600234,0.0005430710734799504,0.00017067888984456658,0.0,0.0,0.0,0.0,0.0,0.0,2.792881969071459e-05,0.000469596212496981,0.0008956380770541728,0.0011503949062898755,0.0009402376017533243,0.00042999169090762734,0.0,0.0,0.0,0.0,0.0,0.0,0.0,0.0,0.0,0.0,0.0,0.0,0.0001258375559700653,0.00021812967315781862,0.0003029893268831074,0.0003537088050507009,0.0003325819270685315,0.0002523013681638986,0.00011970148625550792,0.0,0.0,0.0,0.0,0.0,0.0,0.0,0.0,0.0,0.0,0.0,0.0,7.587312575196847e-05,7.681671559112146e-05,0.0,0.0,0.0,0.0,3.61473357770592e-05,0.00010098977509187534,0.00014524914149660617,0.00022269504552241415,0.0003249433357268572,0.000377350312191993,0.0003539422177709639,0.0003273839829489589,0.00032925535924732685,0.00020879841758869588,9.839178528636694e-05,0.0,0.0,0.0,0.0
2025-12-09T16:22:49.698010,1765297369.6980104,0.0,0.0,0.0,3.496526915114373e-05,0.0002370813745073974,0.0004175133362878114,0.0004962750244885683,0.00039632280822843313,0.000214173793210648,0.0,0.0,0.0,0.0,0.0,0.0,0.0,0.0,0.00018389278557151556,0.0004775517445523292,0.000777271983679384,0.0010289663914591074,0.0011247926158830523,0.0010531392181292176,0.0008784098899923265,0.0007475825259461999,0.0008543318836018443,0.0011703099589794874,0.0015090531669557095,0.0015143622877076268,0.0011273737763985991,0.0005670023383572698,0.00022244140563998371,0.00040226048440672457,0.0009995102882385254,0.0017351569840684533,0.002420280361548066,0.0026998978573828936,0.002428728621453047,0.0018472201190888882,0.001381894457153976,0.0012842793948948383,0.001393368118442595,0.0016788874054327607,0.002064112341031432,0.002391716232523322,0.0025576758198440075,0.0023723032791167498,0.002014561090618372,0.0018308793660253286,0.0015570750692859292,0.0012558166636154056,0.0011781892972066998,0.0013855319702997804,0.0016696518287062645,0.002332951407879591,0.003018137998878956,0.003548738546669483,0.003763569751754403,0.003638551337644458,0.0032085473649203777,0.0025797223206609488,0.0019621700048446655,0.0012978966115042567,0.0007830013055354357,0.0004930183640681207,0.00032604680745862424,0.0006009311182424426,0.0008297389722429216,0.0010402677580714226,0.0012766023864969611,0.0012929846998304129,0.0009460187866352499,0.0004312631208449602,0.0,0.0,0.0,0.0,0.0,0.0,0.0,0.00011776541941799223,0.0003504325868561864,0.0007179122767411172,0.0005439016968011856,0.00041264548781327903,0.0002849865413736552,0.0003933039552066475,0.0005176934064365923,0.0006071740644983947,0.0005220501334406435,0.0003177360340487212,0.0,0.0,0.0,0.0,0.0,0.0,0.0,0.0,0.0,0.0,0.0,0.0002280055487062782,0.00034420363954268396,0.00035444990498945117,0.0003099395544268191,0.0002093653893098235,5.731885903514922e-05,0.0,0.0,0.0,0.0,0.0,0.0,0.0,3.249661313020624e-05,0.00018146327056456357,0.00030491294455714524,0.00034482593764550984,0.00025393764371983707,0.00011186495976289734,0.0,0.0,0.0,0.0,0.0,0.0,0.0,0.0,0.0,0.0,0.0,0.0,0.0,0.0
2025-12-09T16:22:51.365706,1765297371.3657062,0.0002459198294673115,0.0002125736209563911,0.00018237244512420148,0.00012058683205395937,3.7312016502255574e-05,0.0,9.180619235849008e-05,0.00014563725562766194,0.00018506466585677117,9.467109339311719e-05,0.0,0.0,0.0,0.0,0.0,0.0,0.0,9.639794734539464e-05,0.0003949421225115657,0.0005889793392270803,0.0007783743785694242,0.0010173785267397761,0.0012932446552440524,0.0014824933605268598,0.0015041264705359936,0.0014397407649084926,0.0013345638290047646,0.0012666556285694242,0.0011033548507839441,0.0007729920325800776,0.0003645676770247519,0.00013835844583809376,0.0004120457451790571,0.0010833593551069498,0.0018887449987232685,0.0026440962683409452,0.00270917103625834,0.00226136134006083,0.001663925009779632,0.0011766422539949417,0.0009356680093333125,0.001158374478109181,0.0017242258181795478,0.002202619332820177,0.0024704935494810343,0.002464102813974023,0.0021261884830892086,0.0016393782570958138,0.0013235354563221335,0.001241019694134593,0.0011576832039281726,0.0012607836397364736,0.0015934162074699998,0.0020177054684609175,0.0024551893584430218,0.002940458245575428,0.0033111635129898787,0.0033891869243234396,0.003284093225374818,0.0029463861137628555,0.002451019361615181,0.0017973093781620264,0.0012582780327647924,0.0008312652353197336,0.0005922656273469329,0.0003872345550917089,0.0006053901743143797,0.000903414620552212,0.0012013895902782679,0.0014929993776604533,0.001489638234488666,0.0010545981349423528,0.00046165287494659424,0.0,0.0,0.0,0.0,0.0,0.0,0.0,0.00024143685004673898,0.0004436151357367635,0.0006669206777587533,0.0004513705789577216,0.0003088817757088691,0.00026215516845695674,0.0004233144863974303,0.0007483267690986395,0.0010470044799149036,0.0009541373001411557,0.0006684798863716424,0.0001550829183543101,0.0,0.0,0.0,0.0,0.0,0.0,0.0,0.0,9.647276601754129e-05,0.00030620518373325467,0.0005240519531071186,0.0006505116471089423,0.0007504214299842715,0.0007997314096428454,0.0007815132848918438,0.0006676259217783809,0.0004566221032291651,0.00021191748965065926,0.0,0.0,0.0,0.0,0.0,0.0,0.0,0.0,5.006053834222257e-05,0.00015396600065287203,0.00023348352988250554,0.0002870250609703362,0.0003245816333219409,0.00033591996179893613,0.00036057515535503626,0.0004289054195396602,0.0005389337311498821,0.0005800533690489829,0.0005230476381257176,0.00043678696965798736,0.000387405016226694,0.00038259962457232177,0.00030831905314698815,0.00024255113385152072,0.00019780604634433985
2025-12-09T16:22:53.033393,1765297373.0333931,0.0,0.0,0.0,0.0,0.0,0.0,0.0,0.00012310946476645768,0.000290190422674641,0.00026158487889915705,0.00012606944073922932,8.762070501688868e-05,0.0001211458511534147,8.045563299674541e-05,0.0,0.0,0.00015934270049910992,0.0004711642686743289,0.0007675754022784531,0.0009130516555160284,0.0009388161124661565,0.0009006696636788547,0.000918059959076345,0.001071280799806118,0.0012931731762364507,0.0013787796488031745,0.0012824912555515766,0.00100462487898767,0.0007450979319401085,0.000654232339002192,0.0007751705124974251,0.001132531906478107,0.0016624238342046738,0.0020524917636066675,0.002214358188211918,0.002262679859995842,0.0022424820344895124,0.002016885206103325,0.001803381135687232,0.001757939113304019,0.0016095859464257956,0.0014430745504796505,0.001246011583134532,0.0011418518843129277,0.0013259908882901073,0.0015679176431149244,0.0017773850122466683,0.0020684078335762024,0.002344738459214568,0.0024488663766533136,0.0022545752581208944,0.0019910188857465982,0.001963997958227992,0.002272610552608967,0.0026103390846401453,0.00294200680218637,0.0032607694156467915,0.0032867714762687683,0.0030496083199977875,0.0027543155010789633,0.002213574480265379,0.00165519118309021,0.00117991934530437,0.0008178253192454576,0.0006470757070928812,0.0006097527802921832,0.0007509608403779566,0.0007927464321255684,0.0007590428576804698,0.000773311301600188,0.0006396378157660365,0.0006370979826897383,0.0006535473512485623,0.0006943193729966879,0.0005581279401667416,0.0006701219244860113,0.0002460957912262529,0.00019242981215938926,9.795696678338572e-05,2.1349487724364735e-05,0.0,5.849776698596543e-07,0.0001752382522681728,0.00015987094957381487,0.00013428596139419824,0.0,4.8482885176781565e-05,0.0,0.0,0.0,0.0,0.0,0.00026243028696626425,0.0003481096646282822,0.00041334479465149343,0.00029634390375576913,9.972967382054776e-05,0.0,0.0,0.0,0.0,0.0,0.00026995723601430655,0.0004403077473398298,0.0005389320431277156,0.0005540900747291744,0.0004611086333170533,0.0002947026223409921,7.409072622976964e-06,0.0,0.0,0.0,0.0,0.0,0.0,0.0,2.9929775337222964e-05,6.981721526244655e-05,2.2963098672335036e-05,0.0,0.0,0.0,0.0,0.0,0.0,0.0,4.94486594107002e-05,4.998481381335296e-05,1.2336091458564624e-05,4.335135963629e-05,0.0,0.00011218036524951458,2.505562406440731e-05,8.322139365191106e-06,0.0
2025-12-09T16:22:54.701288,1765297374.701288,0.0005580959841609001,0.0006822617724537849,0.0007228439790196717,0.0007069044513627887,0.0005472112679854035,0.0003246102714911103,6.0323724028421566e-05,0.0,0.0,4.422823622007854e-05,0.0003002398007083684,0.00045080232666805387,0.00042088766349479556,0.00018657495093066245,4.394726056489162e-05,0.00015128606173675507,0.00027968393987976015,0.00041224612505175173,0.00042668110108934343,0.000455125467851758,0.0007259126286953688,0.0012073806719854474,0.00164877250790596,0.0017086290754377842,0.0013232952915132046,0.0007830446120351553,0.00040648988215252757,0.0003922605828847736,0.000667689077090472,0.001036665285937488,0.0013641443802043796,0.0015325468266382813,0.0015041002770885825,0.001445547677576542,0.0015429762424901128,0.0017638972494751215,0.00200187461450696,0.0021297011990100145,0.0023459442891180515,0.002417362295091152,0.0022808790672570467,0.002053559757769108,0.001829183311201632,0.0016639337409287691,0.0015066189225763083,0.001447298564016819,0.001355291111394763,0.0012952625984326005,0.0013906409731134772,0.0013834317214787006,0.0013589003356173635,0.0015515565173700452,0.0019273334182798862,0.0023843280505388975,0.0027477897237986326,0.003111595520749688,0.00329551100730896,0.0033655595034360886,0.003269671695306897,0.0029362072236835957,0.002330297837033868,0.001765331719070673,0.001133474987000227,0.000875250727403909,0.0007501748623326421,0.0008197505958378315,0.0009580894256941974,0.0008840268128551543,0.0006808601319789886,0.0006607085233554244,0.0008829986327327788,0.0009387876489199698,0.0010178096126765013,0.000913203926756978,0.0005612520617432892,0.0001612996420590207,0.0,0.0,0.0,0.0,0.0,3.3778294891817495e-05,0.00019219968817196786,0.0003977458400186151,0.0006082837353460491,0.0007876681047491729,0.0007236310048028827,0.0004055481986142695,0.0001355834538117051,0.0,0.0,0.0,0.0,0.0,0.00017799461784306914,0.00016074969607871026,0.00020735991711262614,0.00022496165183838457,0.00027212651912122965,0.0003557068994268775,0.00033757826895453036,0.00030683563090860844,0.00032450168509967625,0.00029388885013759136,0.00030709232669323683,0.00028869230300188065,0.00021099182777106762,8.175824041245505e-05,0.0,0.0,0.0,0.0,0.0,0.0,0.0,0.0,0.0,0.0,0.0,0.0,0.0,0.0,0.0,0.00012204925587866455,0.00029808696126565337,0.0004169972671661526,0.0004952921299263835,0.0005271469708532095,0.0005597836570814252,0.000674842856824398,0.0006901673623360693,0.0006671579321846366,0.0006698088836856186,0.0006358881364576519,0.0005560923600569367
2025-12-09T16:22:56.369085,1765297376.3690848,0.0,6.590910925297067e-05,0.0002182797179557383,0.0002824352995958179,0.00020079314708709717,0.00011821684893220663,2.9771332265227102e-05,0.0,0.0,0.0,0.0,0.0,0.0,6.378275429597124e-05,0.0,0.0,0.0,0.00016404112102463841,0.0004580587847158313,0.000566143833566457,0.0005683171912096441,0.0006071316311135888,0.0008444124250672758,0.001256514573469758,0.0016343239694833755,0.0016978445928543806,0.0013750535435974598,0.000926988897845149,0.000641076301690191,0.0005736216553486884,0.0006232056184671819,0.0007750980439595878,0.0011046857107430696,0.0016247201710939407,0.0021297461353242397,0.002602484542876482,0.0025971371214836836,0.002218045527115464,0.0017319716280326247,0.0013833496486768126,0.0013208984164521098,0.0014209618093445897,0.001671703765168786,0.0019392400281503797,0.002044940833002329,0.0021345072891563177,0.001961970003321767,0.0017713262932375073,0.0019266066374257207,0.0019922014325857162,0.0017749107209965587,0.001508084824308753,0.00140275654848665,0.0015715090557932854,0.0019963840022683144,0.0025516431778669357,0.003192585427314043,0.0036823819391429424,0.003855915041640401,0.003613285021856427,0.0030443845316767693,0.0021445155143737793,0.0011895433999598026,0.000259545398876071,0.0,0.0,0.0,0.0005254397401586175,0.0012337605003267527,0.0018817143281921744,0.0021876771934330463,0.0017941957339644432,0.0011624014005064964,0.00039148019277490675,0.0,0.0,0.0,0.0,0.0,0.0,0.0,0.0002613974211271852,0.0005004033446311951,0.000544656824786216,0.0005474657518789172,0.0007027964456938207,0.000762288982514292,0.0008818336646072567,0.0011792088625952601,0.0011617073323577642,0.0009697155910544097,0.0005503467400558293,1.2208440239191987e-05,0.0,0.0,0.0,0.0,0.0,0.0,0.0,0.0,0.0,0.0002581976295914501,0.00040681849350221455,0.0004929311689920723,0.0005211404641158879,0.000492350896820426,0.0004422584024723619,0.0004466399550437927,0.00046182391815818846,0.0004774528497364372,0.0005033085471950471,0.000446116115199402,0.00035247154301032424,0.0002750131825450808,0.0001671239297138527,7.354528497671708e-05,0.0,0.0,0.0,0.0,0.0,0.0,0.0,0.0,0.00012505418271757662,0.0003510492097120732,0.0005083060823380947,0.0005879324162378907,0.0005706417141482234,0.0004904576926492155,0.00045254218275658786,0.0003324012504890561,0.0001932547165779397,3.214341995771974e-05
2025-12-09T16:22:58.038634,1765297378.0386338,0.00022191806056071073,0.00031663707341067493,0.00042296465835534036,0.0005183708271943033,0.0006541404291056097,0.0007212107302621007,0.0007476632599718869,0.0005445604911074042,0.00021031378128100187,0.0,0.0,0.0,0.0,0.00019776199769694358,0.00031980033963918686,0.00025682695559225976,0.00012163911742391065,2.7613759812084027e-05,8.961366256698966e-05,0.0003050223458558321,0.0006185784004628658,0.0009437184198759496,0.0012254975736141205,0.0013989823637530208,0.0014518878888338804,0.0014053614577278495,0.0012622913345694542,0.00103553116787225,0.0006906879716552794,0.00031984690576791763,7.118326175259426e-05,0.00017741965712048113,0.0006865729810670018,0.0014257930452004075,0.0021453555673360825,0.0025803609751164913,0.0025648404844105244,0.002193173859268427,0.0017078102100640535,0.0014951374614611268,0.001457634032703936,0.0016106272814795375,0.0018236651085317135,0.0019989642314612865,0.002101400401443243,0.0020546820014715195,0.0017930680187419057,0.0014988674083724618,0.0013433608692139387,0.0012443348532542586,0.00113943952601403,0.0011983823496848345,0.0015567776281386614,0.002053785603493452,0.002600679639726877,0.003124325070530176,0.0033819004893302917,0.003435852937400341,0.0032359077595174313,0.002798262285068631,0.0022223792038857937,0.001649779616855085,0.0011646614875644445,0.0008936974336393178,0.0007014941074885428,0.0007743401802144945,0.0008197465795092285,0.0009278981597162783,0.0009744380949996412,0.0008966069435700774,0.0008785679237917066,0.0007182465051300824,0.0004865844966843724,0.0001235933741554618,0.0,0.0,0.0,0.0,0.0,0.0,0.0,0.00021191488485783339,0.00020450631564017385,0.00017761123308446258,0.00013262135325931013,0.00014443974941968918,0.00015627576794940978,9.477330604568124e-05,0.00017185996694024652,0.00019324936147313565,0.00019795692060142756,0.0001845432707341388,0.00012628022523131222,4.848530443268828e-05,0.0,0.0,0.0,0.0,0.0,0.0,2.2006141080055386e-05,6.729245069436729e-05,6.13699303357862e-05,6.731546454830095e-05,3.1189781566354213e-06,0.0,0.0,0.0,2.6513682769291336e-06,7.916009781183675e-05,0.0001647241151658818,0.00022445767535828054,0.0002127358311554417,0.00011319136683596298,0.0,0.0,0.0,0.0,0.0,0.0,0.0,0.0,0.0,6.750311877112836e-05,0.0001963066606549546,0.0002661476319190115,0.0002688795793801546,0.00023801009228918701,0.0002179775619879365,0.00019506430544424802,0.00012867005716543645,8.821823575999588e-05,7.974776235641912e-05,6.423692684620619e-05,7.397406443487853e-05
2025-12-09T16:22:59.704597,1765297379.704597,0.0,0.0,0.0,0.0,0.0,0.0,0.0,0.0,0.00018323342374060303,0.0003241844824515283,0.0002943475847132504,0.00014497425581794232,0.0,0.0,0.0,0.0,0.0,0.0,5.543256975215627e-06,0.0004043992958031595,0.0007599103264510632,0.0010236852103844285,0.0012583914212882519,0.0015497487038373947,0.0017043977277353406,0.0015153426211327314,0.0010012427810579538,0.0005137022817507386,0.00038157639210112393,0.0006875067483633757,0.0011779136257246137,0.001585103222168982,0.0016592034371569753,0.001429799827747047,0.0010128190042451024,0.0008227078942582011,0.0010401774197816849,0.0014850759180262685,0.001944620511494577,0.002169128740206361,0.002270581666380167,0.002106735249981284,0.0018780345562845469,0.0016163699328899384,0.0013805506750941277,0.0014516246737912297,0.0016261953860521317,0.0018541327444836497,0.0020395731553435326,0.0022291510831564665,0.00223391386680305,0.002074294723570347,0.0019960070494562387,0.0018208228284493089,0.0017383419908583164,0.00187392788939178,0.0022224991116672754,0.00261145131662488,0.0029253624379634857,0.0029634812381118536,0.0027075977995991707,0.0024234214797616005,0.0021098696161061525,0.0017155194655060768,0.0013277960242703557,0.0007410669350065291,0.0003358864923939109,0.0,0.0,0.00011716765584424138,0.0005893891211599112,0.0007735817926004529,0.0008996319375000894,0.0008557518012821674,0.0006611081189475954,0.00047363073099404573,0.0003352969069965184,0.0,0.0,0.0,4.6942986955400556e-05,5.734810474677943e-05,0.0,4.74806220154278e-05,9.409558515471872e-06,0.0,0.0,0.0,1.2810629414161667e-05,0.0,5.733693342335755e-06,8.704851643415168e-05,0.00016038767353165895,0.00016574717301409692,0.00015742502000648528,8.858560613589361e-05,0.0,0.0,0.0,0.0,0.0,0.0,0.0,0.0,0.00020464732369873673,0.0003722799592651427,0.00048698982573114336,0.0004900031490251422,0.00044335806160233915,0.00036479151458479464,0.00025251638726331294,0.00016230352048296481,8.995157259050757e-05,4.373961201054044e-05,8.332727702509146e-06,4.8192639951594174e-05,0.00010846392251551151,5.0920989451697096e-05,0.0,0.0,0.0,0.0,0.0,0.0,0.0,0.0,0.0,0.0,0.0,0.0,0.0,0.0,0.0,0.0,0.0
2025-12-09T16:23:01.370628,1765297381.370628,1.6869837054400705e-05,0.0,0.0,0.0,0.0,0.0,1.4864095646771602e-05,0.00017600027786102146,0.0003311167820356786,0.0004238719411659986,0.0003362581192050129,5.622378012049012e-05,0.0,0.0,0.0,1.8678281776374206e-05,6.028066491126083e-05,0.00010411784751340747,0.0002676015137694776,0.0005256971344351768,0.0007463849615305662,0.0008634874247945845,0.0009041235316544771,0.0009720621164888144,0.0010623445268720388,0.0011106043821200728,0.0011149602942168713,0.0010610270546749234,0.0009605867671780288,0.0009038416319526732,0.0009625978418625891,0.0011675141286104918,0.0014778932090848684,0.0016569962026551366,0.0015756363281980157,0.0015209844568744302,0.001407511648721993,0.001366624142974615,0.001487527508288622,0.0016600060043856502,0.0020178763661533594,0.002212892286479473,0.002300922991707921,0.0022638579830527306,0.002026194939389825,0.0016734509263187647,0.0015132917324081063,0.001422635279595852,0.0014919618843123317,0.0016869455575942993,0.0018315332708880305,0.001962717156857252,0.0021096663549542427,0.0022279175464063883,0.0023852100130170584,0.0024726262781769037,0.002510246355086565,0.002578187035396695,0.002637287601828575,0.002565655391663313,0.0023677486460655928,0.002130077686160803,0.0017845697002485394,0.001460776198655367,0.0013233465142548084,0.0011295947479084134,0.0011893827468156815,0.001007822691462934,0.0005545858875848353,0.00043395403190515935,0.00042437136289663613,0.00027702393708750606,0.0001894606539281085,8.805964898783714e-05,0.0,0.0,0.0,6.866538751637563e-05,0.00031367814517579973,0.00039074302185326815,0.0004798905283678323,0.00017552592908032238,2.9588905817945488e-05,3.8213478546822444e-05,0.0,0.0,0.0,0.0,0.0,0.0,0.0,0.0,2.0699386368505657e-05,0.000259856169577688,0.0002266012306790799,0.00014545390149578452,0.0,0.0,0.0,0.0,0.0,8.196863200282678e-05,0.0003711670287884772,0.0005426524439826608,0.0005810366128571332,0.0005328455590642989,0.00038558494998142123,0.00017590096103958786,0.0,0.0,0.0,0.0,0.0,0.0001404492068104446,0.0002942399587482214,0.00042109363130293787,0.0004752062086481601,0.0004184505669400096,0.00026052771136164665,6.140221375972033e-05,0.0,0.0,0.0,0.0,0.0,0.0,0.0,0.0,0.0,0.0,0.0,1.584614801686257e-05,6.972119444981217e-05,0.00011907771113328636,0.0001740425213938579
2025-12-09T16:23:03.037595,1765297383.0375946,0.0,0.0,0.0,0.0,0.00018929282668977976,0.00022668113524559885,4.781705138157122e-05,0.0,0.0,0.0,0.0,0.0,0.00020469976880121976,0.0002197933936258778,0.00017648361972533166,0.0002299186890013516,0.0003839378186967224,0.00041087399586103857,0.0002659375313669443,0.0001880754134617746,0.00031574623426422477,0.0007370496750809252,0.0012201849604025483,0.0014539649710059166,0.0012791590997949243,0.0008411506423726678,0.0005248598172329366,0.0005783580709248781,0.0009298794320784509,0.0012006985489279032,0.00122140534222126,0.0011276396689936519,0.0011468332959339023,0.0014814321184530854,0.0019145506666973233,0.0021854082588106394,0.0023228107020258904,0.0022591922897845507,0.0019229399040341377,0.0015900555299594998,0.0013771072262898088,0.0013214622158557177,0.0014469894813373685,0.0016016722656786442,0.0017368553671985865,0.001954356674104929,0.0020008825231343508,0.0019238233799114823,0.001862331060692668,0.0018598247552290559,0.0019094165181741118,0.0019478530157357454,0.001961035653948784,0.0020951463375240564,0.0023041819222271442,0.002711889334022999,0.0030956834089010954,0.0033200117759406567,0.003357228823006153,0.003091853577643633,0.002571257995441556,0.0020480435341596603,0.001320986426435411,0.0009085715282708406,0.0006298403022810817,0.0006673851166851819,0.0007882484351284802,0.001057259738445282,0.0011941255070269108,0.0011640870943665504,0.0010791969252750278,0.0008925254223868251,0.0006405962049029768,0.00022684292343910784,0.00012063906615367159,0.0,0.0,0.0,0.0,0.0,0.0003128093958366662,0.0007631295593455434,0.0007627958548255265,0.00044776557479053736,0.00010199679672950879,5.496557059814222e-05,0.0,0.0,0.00019940885249525309,0.00047059415373951197,0.0006096125580370426,0.0005643542390316725,0.0003097456647083163,0.00013672928616870195,2.8725664833473274e-06,5.6186272558989e-05,0.00014065417053643614,0.00022448296658694744,0.00024678351473994553,0.00021491498046088964,3.28304449794814e-05,0.0,0.0,0.0,0.0,0.0,0.0,0.0,0.0,0.0,6.715457857353613e-05,0.00012083182809874415,0.00012796024384442717,0.00014234842092264444,0.00016019967733882368,0.0001826633233577013,0.00017980656411964446,0.000145643949508667,5.89413357374724e-05,0.0,0.0,0.0,0.0,0.0,0.0,0.0,0.00013050995767116547,0.00031687653972767293,0.0004140707605984062,0.0004661926650442183,0.0005525217857211828,0.0006901469896547496,0.0006378277321346104,0.0006277037900872529,0.0006044403417035937
2025-12-09T16:23:04.705853,1765297384.7058535,0.00027186720399186015,0.00021462606673594564,0.00017808983102440834,0.0001862895442172885,0.00019438244635239244,0.00012606839300133288,8.918028470361605e-05,0.00011109337356174365,0.00020660860172938555,0.00039368733996525407,0.0005288046668283641,0.0003504933847580105,0.0,0.0,0.0,0.0,0.0,0.0,9.595751180313528e-05,0.0005462230765260756,0.0009830064373090863,0.001291045336984098,0.0014254205161705613,0.0013894537696614861,0.0012766444124281406,0.0011271837865933776,0.0009550398681312799,0.0008534716907888651,0.0008500482654199004,0.0009042880847118795,0.0009501113672740757,0.0010287145851179957,0.0012542481999844313,0.0014970621559768915,0.0016831413377076387,0.0019231472397223115,0.0020385393872857094,0.0019433902343735099,0.0018458152189850807,0.0016992927994579077,0.0014891979517415166,0.001468397444114089,0.001611359417438507,0.0016478504985570908,0.0016824882477521896,0.0018458090489730239,0.0017917085206136107,0.0016523472731932998,0.0016000382602214813,0.0015956014394760132,0.001579641830176115,0.0016906603705137968,0.0019130276050418615,0.0021593489218503237,0.002508233767002821,0.0029134766664355993,0.003261140314862132,0.0034034750424325466,0.003411049023270607,0.003086546901613474,0.002594206016510725,0.0018970967503264546,0.0013817021390423179,0.0009432576480321586,0.0006782820564694703,0.0005387165583670139,0.0005640183226205409,0.0007015595328994095,0.00088076526299119,0.0011099615367129445,0.001220616395585239,0.0010981197701767087,0.0008256749715656042,0.00049571692943573,0.0,0.0,0.0,0.0,0.0,0.0,0.0,0.0003029838262591511,0.0005678716115653515,0.0006154565489850938,0.0005298961186781526,0.00046844722237437963,0.00037535696174018085,0.0002763848751783371,0.0002491050981916487,0.00017489997844677418,0.00013082927034702152,0.00010828884842339903,0.0001351497630821541,3.312814806122333e-05,0.00012838617840316147,0.00016952828445937485,9.618095646146685e-05,0.0,0.0,0.0,0.0,0.0,0.0,9.208392293658108e-05,0.00034397467970848083,0.0005510750925168395,0.000673875620122999,0.00068714190274477,0.0006201452924869955,0.00041841540951281786,0.00016260823758784682,0.0,0.0,0.0,0.0,0.0,0.0,0.0,0.0,0.0,0.0,9.25597341847606e-05,0.00029156386153772473,0.0004400490433908999,0.0005177865386940539,0.0005693664425052702,0.0005892814951948822,0.0005908851744607091,0.0005492406198754907,0.0004771909734699875,0.0003183287335559726,0.00028276900411583483,0.00011185804760316387,0.0,0.0
2025-12-09T16:23:06.372191,1765297386.3721914,0.0,0.0,0.0,0.0,0.0,0.0,0.0,0.00016692433564458042,0.00036298760096542537,0.00038647139444947243,0.00022224300482776016,8.065619113040157e-06,0.0,0.0,0.0,4.599738076649373e-06,4.438655196281616e-06,0.0,5.837226126459427e-05,0.00016983202658593655,0.0003510107344482094,0.0005973835359327495,0.0009220950305461884,0.0012352599296718836,0.0014627821510657668,0.0015178328612819314,0.001346968812867999,0.0010798843577504158,0.0008970231283456087,0.000896281679160893,0.0010010494152083993,0.0010496759787201881,0.0010149579029530287,0.0010310381185263395,0.001125804497860372,0.0013619387755170465,0.0016782464226707816,0.001957005588337779,0.0021915133111178875,0.0023891087621450424,0.002498081885278225,0.0024666704703122377,0.0022975497413426638,0.0020340720657259226,0.0017087763408198953,0.0014626523479819298,0.0013291959185153246,0.0013879146426916122,0.0015856828540563583,0.0018814749782904983,0.0021029175259172916,0.0022735721431672573,0.0024405631702393293,0.0024846093729138374,0.0025070039555430412,0.0025607154238969088,0.0026026414707303047,0.002694364869967103,0.0027684783563017845,0.0028100269846618176,0.0026240383740514517,0.002329291542991996,0.0020756537560373545,0.0016948250122368336,0.001294122077524662,0.0010188702726736665,0.0007813978008925915,0.0006294897757470608,0.0004555720661301166,0.0005452054901979864,0.0007450684788636863,0.0006931034149602056,0.000544294249266386,0.00027352652978152037,0.00010275589738739654,0.0,0.0,0.0,0.0,0.0,0.0,0.00029793946305289865,0.0005654212436638772,0.000809221004601568,0.0008083496941253543,0.00067297019995749,0.00023664371110498905,0.0,0.0,0.0,0.0,0.0,0.0,0.0001937798224389553,0.00029537538648582995,0.00017590681090950966,3.6749133869307116e-05,0.0,0.0,0.0,0.0,3.6529425415210426e-05,0.000139388968818821,0.0001622341078473255,0.00021686589752789587,0.000216928543522954,0.00016175619384739548,8.686479122843593e-05,1.594160494278185e-06,0.0,7.816096331225708e-05,0.0002373249881202355,0.00039731478318572044,0.000510901736561209,0.0005025622667744756,0.00038629554910585284,0.00021928541536908597,5.420626257546246e-05,0.0,0.0,0.0,0.0,0.0,0.0,0.0,0.0,0.0,0.0,9.92725199466804e-06,0.0,0.0,5.332225555321202e-05,0.0,0.0,0.0
2025-12-09T16:23:08.039731,1765297388.0397305,0.001041932962834835,0.0008535492233932018,0.0006373312789946795,0.00038691615918651223,0.0,0.0,0.0,0.0,0.0,0.00011507007729960606,0.00040583437657915056,0.00043870863737538457,0.00032439143978990614,0.0002436657523503527,0.0004269664059393108,0.000723951670806855,0.0008620098233222961,0.0006857134285382926,0.00034854214754886925,1.4352193829836324e-05,0.0,0.0,0.0004415855510160327,0.0011846334673464298,0.0018342614639550447,0.0020403522066771984,0.0016498222248628736,0.0009774238569661975,0.00045405421406030655,0.000382153142709285,0.0007581607205793262,0.0013394937850534916,0.0018228334374725819,0.0019282846478745341,0.001651251339353621,0.001363646239042282,0.0011743770446628332,0.0015574153512716293,0.0021894164383411407,0.0026218516286462545,0.0027779892552644014,0.0026283268816769123,0.0022077388130128384,0.0015706093981862068,0.0010594106279313564,0.0009013547678478062,0.0010897776810452342,0.0014499250100925565,0.001843269681558013,0.002086452441290021,0.0022731577046215534,0.002377063035964966,0.0022720578126609325,0.002107348060235381,0.0019789887592196465,0.0019918198231607676,0.002082518534734845,0.002217110013589263,0.0024729694705456495,0.0027370317839086056,0.0029468643479049206,0.0031557425390928984,0.0029794659931212664,0.002635193755850196,0.0020654224790632725,0.0013703296426683664,0.0005480604595504701,0.0,0.0,0.0,0.0,0.0,0.0,0.00040344911394640803,0.0007859759498387575,0.0008880443638190627,0.001088800490833819,0.0009896201081573963,0.0007785273483023047,0.0003466345078777522,0.0,0.0,0.0,0.0,0.0,0.0,7.577367796329781e-06,0.00011954335786867887,0.00016165978740900755,0.00011506843293318525,0.0,0.0,0.0,0.0,5.4311396525008604e-05,0.00027849545585922897,0.00042908615432679653,0.0004628378665074706,0.00036375015042722225,0.00015574741701129824,0.0,0.0,0.0,0.0,0.0,0.0,0.0,0.0,0.0,0.0,0.0,0.0,6.297616346273571e-05,0.0001775001728674397,0.00033456430537626147,0.0004943558014929295,0.0005967025063000619,0.0006623540539294481,0.0006728778243996203,0.0006059628794901073,0.0004772357933688909,0.00023281750327441841,0.0,0.0,0.0,0.0,0.0,0.0,0.0,0.0,0.0,0.0,0.0,0.0,0.0
2025-12-09T16:23:09.705880,1765297389.7058802,0.0004231851198710501,0.00035991996992379427,0.0002954021911136806,0.00024064071476459503,0.00011240315507166088,0.0,0.0,0.0,2.917285200965125e-05,0.00024743759422563016,0.00026368643739260733,8.947282913140953e-05,0.0,0.0,6.49304420221597e-05,0.0,0.0,0.0,0.0,0.00015852109936531633,0.000397088733734563,0.0006956218858249485,0.0011004341067746282,0.0015184148214757442,0.0017076889052987099,0.00143973168451339,0.000818685395643115,0.00032891289447434247,0.00031251690234057605,0.0006582607165910304,0.0009619253105483949,0.0009958789451047778,0.0008432022877968848,0.0008166837505996227,0.0009058380965143442,0.0012528476072475314,0.0018176704179495573,0.002275952370837331,0.0024187425151467323,0.002383399987593293,0.002260139910504222,0.001956426538527012,0.0017408834537491202,0.0016253937501460314,0.001449290313757956,0.0014395051402971148,0.001430583419278264,0.0014117134269326925,0.0014675975544378161,0.0016522109508514404,0.001812157453969121,0.0019652368500828743,0.0020964895375072956,0.002258036518469453,0.002424938138574362,0.0026034594047814608,0.0028494209982454777,0.0029766992665827274,0.003048366168513894,0.0029959334060549736,0.0028272923082113266,0.002650783397257328,0.0022694668732583523,0.0018739646766334772,0.001451857853680849,0.0009882865706458688,0.0006061875610612333,0.0003048971120733768,0.0001559385418659076,0.00026409010752104223,0.0003153280122205615,0.00025635151541791856,0.0003229293506592512,0.00035401617060415447,0.0004597718652803451,0.0004014977312181145,0.00023770923144184053,0.0,0.0,0.0,0.0,0.0003687737334985286,0.0006382240098901093,0.0008228141814470291,0.0007470608688890934,0.0003774720535147935,8.616491686552763e-05,0.0,0.0,0.0,0.0,0.0,0.0,0.0,3.143035792163573e-05,1.542550489830319e-05,1.0526792721066158e-05,1.8347915101912804e-05,4.8780475481180474e-05,0.00014377386833075434,0.00010937140177702531,7.505659596063197e-05,3.1940147891873494e-05,1.4561626812792383e-05,0.0,0.0,0.0,0.0,0.0,2.364293140999507e-05,6.387283792719245e-05,0.00010809038940351456,8.744696242501959e-05,0.0,0.0,0.0,0.0,0.0,0.0,0.0,0.0,0.0,0.0,0.0001016564347082749,0.00025305687449872494,0.0003563191567081958,0.00044984748819842935,0.000504405761603266,0.000516377913299948,0.0005068711470812559,0.0003772683267015964,0.00037052814150229096,0.0002900228137150407,0.00019488667021505535,9.534737910144031e-05
2025-12-09T16:23:11.371966,1765297391.3719656,0.00037320677074603736,0.0003285753191448748,0.0002764993696473539,0.00021161569748073816,0.00015791603073012084,5.364223397918977e-05,0.0,0.0,0.0,0.0,9.61637997534126e-05,0.0004713206726592034,0.0006029276992194355,0.0002641361497808248,0.0,0.0,0.00015015971439424902,0.0003852082008961588,0.00039316833135671914,0.00035246400511823595,0.0004923781380057335,0.0008642450557090342,0.0011855114717036486,0.0011724003124982119,0.0008263543131761253,0.00047381751937791705,0.00039800707600079477,0.0006621726206503808,0.0010533559834584594,0.0013426551595330238,0.001450532814487815,0.0014176627155393362,0.0012708823196589947,0.00119308871217072,0.001262035919353366,0.0012802820419892669,0.0013143010437488556,0.001352619961835444,0.0014298224123194814,0.001670420984737575,0.0017596934922039509,0.0018320081289857626,0.001931646023876965,0.002005422255024314,0.0021033529192209244,0.0019521164940670133,0.0017954485956579447,0.0019015460275113583,0.00190664769615978,0.0019527780823409557,0.0021422661375254393,0.002242384245619178,0.002333412179723382,0.002560423919931054,0.002689260756596923,0.0027776495553553104,0.002816896652802825,0.002821669215336442,0.0027664238587021828,0.0026435106992721558,0.0024379645474255085,0.002116106217727065,0.0016360784647986293,0.0012047144118696451,0.0010809613158926368,0.0009341612458229065,0.0008867214783094823,0.0007307680789381266,0.0005268586683087051,0.0004208398167975247,0.00025766933686099946,0.0004095420299563557,0.0006437235861085355,0.0008540572016499937,0.0008215312263928354,0.0006473418325185776,0.00039231425034813583,0.00030109891667962074,1.3357788702705875e-05,0.0,0.0,0.0,0.0,0.0,0.0,0.0,0.0,0.0,0.0,8.999235433293507e-05,0.0002093439397867769,0.00026696640998125076,0.00026746693765744567,0.000330205395584926,0.00038524827687069774,0.0004677226534113288,0.0005508780595846474,0.0005719673354178667,0.0005336620379239321,0.00035814300645142794,7.815189746906981e-05,0.0,0.0,0.0,0.0,0.0,0.0,0.0,0.0,0.0,0.0,7.349961379077286e-05,0.0001223656436195597,8.617284765932709e-05,3.349124745000154e-05,0.0,0.0,0.0,0.0,0.0,0.0,0.0,0.0,0.0,0.00011904729035450146,0.0002252366830362007,0.0003238921635784209,0.0004168613231740892,0.00046788202598690987,0.0005742090870626271,0.000563633453566581,0.00037013256223872304,0.0002986884501297027,0.0001720490399748087,4.792108666151762e-05
2025-12-09T16:23:13.038999,1765297393.0389993,0.0,0.0,0.0,0.0,0.0,0.0,0.0,0.0,0.0,3.19808054882742e-06,9.27891451283358e-05,0.00017580980784259737,0.0002285630180267617,0.00011838184582302347,0.0,0.0,0.0,0.0,8.291538688354194e-05,0.0003825276216957718,0.0005494450451806188,0.0006677088094875216,0.0008825778495520353,0.0012516869464889169,0.0016007188241928816,0.0015646446263417602,0.0011007060529664159,0.00044812599662691355,6.809592741774395e-05,0.00013427840895019472,0.0005064880824647844,0.001031828811392188,0.0016144929686561227,0.001976046711206436,0.00203906511887908,0.0019669788889586926,0.0018559591844677925,0.0018901264993473887,0.0020120139233767986,0.002027864335104823,0.002030390314757824,0.001909984857775271,0.0016909423284232616,0.0013335586991161108,0.0010528707643970847,0.0011190398363396525,0.0013254962395876646,0.0014887037687003613,0.0017888853326439857,0.0020438102073967457,0.002130108652636409,0.0021870997734367847,0.002177865244448185,0.002138919662684202,0.00221021706238389,0.0023969875182956457,0.0026115814689546824,0.002749848645180464,0.002712339162826538,0.002534029074013233,0.0022479919716715813,0.001986065646633506,0.0019939113408327103,0.0018695574253797531,0.0015938905999064445,0.0013575208140537143,0.0012151387054473162,0.0009206453105434775,0.0006735953502357006,0.0005780261708423495,0.0005058837123215199,0.00032302088220603764,0.00014956928498577327,0.0,0.0,0.0,0.0,5.62278728466481e-05,6.96823772159405e-05,0.0,3.6620178434532136e-05,7.963883399497718e-05,3.961282709497027e-05,5.0426111556589603e-05,0.0001392588746966794,0.0002456038200762123,0.00022137495398055762,6.31455986876972e-05,0.0,0.0,0.0,0.0,0.0002550160279497504,0.0006150357075966895,0.0007251795032061636,0.0006631198921240866,0.00041669467464089394,7.922005170257762e-05,0.0,0.0,0.0,0.0,0.0,0.0,8.233797416323796e-05,6.912249227752909e-05,0.0,0.0,0.0,0.0,0.0,0.0,2.592488224095746e-09,0.0001834759023040533,0.0003339814720675349,0.00037650158628821373,0.0003146040835417807,0.00014826885308139026,0.0,0.0,0.0,0.0,0.0,0.0,0.0,0.0,0.00012165404768893495,0.0003758161619771272,0.0005755120073445141,0.0006056822603568435,0.0005371894221752882,0.0005503746215254068,0.00045041233533993363,0.0002957823744509369,0.00017196836415678263
2025-12-09T16:23:14.705960,1765297394.7059598,0.0,5.554730159929022e-05,0.00015601018094457686,0.00025633705081418157,0.0004106050473637879,0.0002830807352438569,0.00018166711379308254,8.12161379144527e-05,0.0,0.0,0.0,0.0,0.0,0.0,0.0,0.0,0.0,2.03201284421084e-06,0.00023061619140207767,0.00046405126340687275,0.0005766915855929255,0.0007028802065178752,0.0009837670950219035,0.001357370987534523,0.0015279804356396198,0.0013339119032025337,0.0008638582075946033,0.0005082644638605416,0.0005020031821914017,0.0008009605226106942,0.001068968209438026,0.0011152426013723016,0.0009947418002411723,0.0009036122355610132,0.0008921260014176369,0.0012775571085512638,0.001622260664589703,0.0018500223523005843,0.0020516440272331238,0.002012811601161957,0.0017041120445355773,0.001364489202387631,0.0012195069575682282,0.001175078097730875,0.0012525336351245642,0.00153211853466928,0.0019681425765156746,0.002199215581640601,0.0023381600622087717,0.00238026212900877,0.0021167825907468796,0.0017578040715306997,0.0014180447906255722,0.0011415836634114385,0.001049818005412817,0.001154081430286169,0.0015012117801234126,0.002179692965000868,0.002950554946437478,0.0035783040802925825,0.003791519207879901,0.0034800181165337563,0.0027595506981015205,0.0017805699026212096,0.0008130634669214487,0.0,0.0,0.0,0.0,0.0,0.000359098135959357,0.0005885314312763512,0.0008182331221178174,0.0009478862048126757,0.0009690371807664633,0.0009361552074551582,0.0007405611104331911,0.0002493064966984093,0.0,0.0,4.263683149474673e-05,0.00016109077841974795,0.00045123594463802874,0.0003628042177297175,0.0,0.0,0.0,0.0,0.0,0.0,0.0004318973806221038,0.0007738284766674042,0.0008861622191034257,0.0008308449760079384,0.0006372572388499975,0.00043455566628836095,0.00011100361007265747,0.0,0.0,0.0,0.0,0.0,0.0,0.0,0.0,0.0,4.972099486622028e-05,0.00023032767057884485,0.000379166507627815,0.00042673919233493507,0.00037375951069407165,0.00026480568340048194,0.0001672727958066389,0.00011685622303048149,9.363888966618106e-05,6.934454722795635e-05,6.414547533495352e-05,0.0,0.0,0.0,0.0,0.0,0.0,0.0,0.0,0.0,0.0,0.0,0.00014853324682917446,0.00030233862344175577,0.0004326848138589412,0.0005265265353955328,0.0005635983543470502,0.0005390806472860277,0.0005110450438223779
2025-12-09T16:23:16.373319,1765297396.3733194,0.0005115658859722316,0.0006206374964676797,0.0006538477027788758,0.0006792751373723149,0.0006885229959152639,0.0004973117029294372,0.00011542133870534599,0.0,0.0,0.0,0.0,0.00014758601901121438,0.0005039294483140111,0.000653203867841512,0.0006439050775952637,0.00037089252145960927,0.0,0.0,0.0,0.0,0.000459512259112671,0.0011696998262777925,0.0016165425768122077,0.0017201475566253066,0.0015537780709564686,0.0012658418854698539,0.0009931133827194571,0.0008152124937623739,0.0007292393711395562,0.0006706132553517818,0.0005247845547273755,0.00039097401895560324,0.0005160266300663352,0.0008125809254124761,0.0013034556759521365,0.0018386316951364279,0.0022649236489087343,0.002419373020529747,0.0023153882939368486,0.0021073813550174236,0.0017378510674461722,0.0013398356968536973,0.0012235146714374423,0.001222202554345131,0.0012888258788734674,0.001476054429076612,0.0016255431110039353,0.0017606731271371245,0.0018102854955941439,0.001826824969612062,0.001845695311203599,0.001867774990387261,0.0019493631552904844,0.0021453960798680782,0.002490126295015216,0.002890922361984849,0.003230930073186755,0.0033104533795267344,0.003189475741237402,0.0028958809562027454,0.002491726540029049,0.0022152848541736603,0.0019092700676992536,0.0016025174409151077,0.0011383086675778031,0.0006067341892048717,8.881821122486144e-05,0.0,0.0,0.0,0.00024030281929299235,0.000548486365005374,0.000882718653883785,0.0011315105948597193,0.0012472558300942183,0.0011617079144343734,0.0010282685980200768,0.0008188455831259489,0.0004871029232162982,0.0,0.0,0.0,0.0,0.0,0.0,0.0,8.398486534133554e-05,0.000626334804110229,0.001076394459232688,0.0010694894008338451,0.000844592519570142,0.0004775964771397412,0.00011033988994313404,1.4452195500780363e-05,0.0,0.00016168277943506837,0.0002772999578155577,0.000314072472974658,0.00018323799304198474,0.0,0.0,0.0,0.0,0.0,0.0,0.0,0.0,0.00035000123898498714,0.0006747544393874705,0.0008251410908997059,0.0007698360132053494,0.0006091956165619195,0.00044060760410502553,0.0002651969844009727,0.00012511899694800377,5.965551099507138e-05,0.00011395134060876444,0.00027012944337911904,0.00044444738887250423,0.0005591206718236208,0.0005649418453685939,0.0005159008433111012,0.00047170984908007085,0.00038755949935875833,0.00024722321541048586,8.253209671238437e-05,0.0,0.0,0.0,0.0,0.0,0.0,0.0,0.0,0.0
2025-12-09T16:23:18.041975,1765297398.0419755,0.0,0.0,0.0,0.0,3.179633858962916e-05,0.00011695496505126357,1.9146702470607124e-05,0.0,0.0,0.0,0.0,0.0,0.0,0.0,4.71311213914305e-05,0.00019454678113106638,0.0003341847623232752,0.00045120003051124513,0.0005338829942047596,0.0006551522528752685,0.0009028495405800641,0.0011919214157387614,0.0013325568288564682,0.0012444629101082683,0.0010335729457437992,0.00086716387886554,0.0008041038527153432,0.0007790931849740446,0.0007507965201511979,0.0007165863644331694,0.0007559746154583991,0.0009186221868731081,0.0011940645053982735,0.001542334328405559,0.0018375803483650088,0.0019577599596232176,0.0019647434819489717,0.0018111449899151921,0.001613997621461749,0.001436617923900485,0.0013933334266766906,0.0015806423034518957,0.0019135335460305214,0.0023144492879509926,0.0026980675756931305,0.0028765136376023293,0.0027437726967036724,0.0023829485289752483,0.0019166632555425167,0.001432993565686047,0.001048269565217197,0.0010100206127390265,0.0013411784311756492,0.0018351172329857945,0.002461226424202323,0.0031237953808158636,0.003571577835828066,0.0036408407613635063,0.003462577238678932,0.0029090021271258593,0.0021818499080836773,0.0014575858367606997,0.0009911912493407726,0.0006680692895315588,0.0005892259068787098,0.0007342278258875012,0.0010619011009112,0.001363638206385076,0.001410734374076128,0.0013238785322755575,0.0010588669683784246,0.0006330559263005853,0.00037224189145490527,0.00021590896358247846,0.0003464665205683559,1.047219120664522e-05,0.0,0.0,0.0,0.0,0.0,0.0,0.0,0.0,9.148581739282236e-05,0.00020746309019159526,0.0003909595834556967,0.0005523439613170922,0.0007326563354581594,0.000727011589333415,0.0005830324371345341,0.0003148527175653726,0.0,0.0,0.0,0.0,0.0,0.0,0.0,0.0,0.00010904136433964595,0.0002581716107670218,0.000313880416797474,0.00029606095631606877,0.0002152828819816932,8.600137516623363e-05,0.0,0.0,0.0,0.0,0.0,9.139101166510954e-05,0.00023866015544626862,0.0003207069239579141,0.0003692661412060261,0.00036124495090916753,0.0003292822220828384,0.0002370126312598586,0.00010886575182667002,0.0,0.0,0.0,0.0,0.0,1.0543769349169452e-05,9.590866102371365e-05,0.00015161145711317658,0.00020424526883289218,0.00027360886451788247,0.0003558756725396961,0.00038322684122249484,0.0003989672986790538,0.00042356166522949934,0.0004593953490257263,0.00045615906128659844
2025-12-09T16:23:19.709405,1765297399.709405,0.00010402876068837941,0.00012918618449475616,0.00011931071639992297,6.673803000012413e-05,7.520512735936791e-05,8.606482151662931e-05,0.00021997618023306131,0.00024421888520009816,0.0001364112104056403,0.0,0.0,0.0,0.0,0.0,0.0,0.0,0.00014302131603471935,0.0004182404954917729,0.0005979486741125584,0.0006577060557901859,0.0006140224286355078,0.0006031061057001352,0.0007784755434840918,0.001226855325512588,0.0017416557529941201,0.0019077302422374487,0.0016317820409312844,0.0009472805541008711,0.00028413301333785057,0.0,0.0,0.00031513129943050444,0.0009486479102633893,0.0015430490020662546,0.0018625818192958832,0.002004020381718874,0.0019599953666329384,0.001833654474467039,0.0016133369645103812,0.001633192179724574,0.0019902479834854603,0.002215929329395294,0.0022620614618062973,0.0020830363500863314,0.0017749976832419634,0.0015511942328885198,0.0012251116568222642,0.0008020999957807362,0.0006926283822394907,0.0009518985170871019,0.0013108613202348351,0.0016572049353271723,0.0020167480688542128,0.002437504008412361,0.002880387008190155,0.003321293042972684,0.0034770271740853786,0.0033259806223213673,0.0029255019035190344,0.0024031987413764,0.001845396589487791,0.0015134302666410804,0.0014685288770124316,0.0013829172821715474,0.0012759072706103325,0.001236487878486514,0.0012190856505185366,0.001128877978771925,0.0008061853586696088,0.0004252014623489231,2.3747685190755874e-05,0.0,0.0,0.0,0.0,0.0,6.851846410427243e-05,0.0002515456289984286,0.0003125352377537638,0.00013704835146199912,0.00041431738645769656,0.00032286407076753676,0.00022452253324445337,0.0001818318705772981,0.0001278500130865723,3.9439186366507784e-05,0.0,0.0,0.0,0.0,0.0,0.0,0.0,0.0,0.0,0.0,0.0,0.0,0.0,0.0,0.0,0.00012042118760291487,0.000208289289730601,0.00024526313063688576,0.0002536441897973418,0.00023478474759031087,0.00019267025345470756,0.00015594986325595528,8.567597978981212e-05,8.024607814149931e-05,0.00014797411859035492,0.0002875759673770517,0.00041636097012087703,0.00044255168177187443,0.00039415984065271914,0.00028054180438630283,0.00014246959472075105,2.4123351977323182e-05,0.0,0.0,0.0,0.0,0.0,0.0,0.0,0.0,0.0,0.0,0.00013173575280234218,0.00024720319197513163,0.00031073324498720467,0.0003910105733666569,0.00039888432365842164,0.00044440795318223536,0.00045195111306384206
2025-12-09T16:23:21.376295,1765297401.376295,0.0005463628331199288,0.000581130851060152,0.0005397247732616961,0.00045582681195810437,0.0003576591843739152,0.00011671878746710718,0.0,0.0,0.0,0.0,0.0,0.0002677444426808506,0.0003989889519289136,0.0001213100113091059,0.0,0.0,0.0,0.000364727049600333,0.0006174552254378796,0.0006378045654855669,0.0005109979538246989,0.0005155562539584935,0.0008315016748383641,0.001333033898845315,0.0016775013646110892,0.001673077349551022,0.0014183607418090105,0.00106718554161489,0.0008295833831652999,0.00081489491276443,0.0009811568306759,0.001225932501256466,0.0013783732429146767,0.0013753394596278667,0.0012866161996498704,0.0013182623079046607,0.0014035615604370832,0.001411874545738101,0.0015038632554933429,0.0017554147634655237,0.0018673468148335814,0.001886883401311934,0.001890644896775484,0.002031384501606226,0.0021941643208265305,0.0022324782330542803,0.002151775173842907,0.002026427537202835,0.0017341850325465202,0.0014693653210997581,0.0012669193092733622,0.0012289662845432758,0.0014519253745675087,0.0018253660527989268,0.002185949357226491,0.0025939815677702427,0.003069052007049322,0.003349544480443001,0.003408507676795125,0.0031558144837617874,0.0026193063240498304,0.002050569746643305,0.0014613341772928834,0.0011306169908493757,0.0009500017040409148,0.000791638158261776,0.00071163778193295,0.0006376852397806942,0.0006675235345028341,0.0004200383264105767,0.00023545276781078428,1.4786141946387943e-05,1.1498721505631693e-05,0.0001056782784871757,0.0005019910167902708,0.0004857608873862773,0.0004700065474025905,0.00033448607427999377,4.072580486536026e-05,0.0,0.0,0.0,0.00024032498185988516,0.0002801664813887328,0.00019443745259195566,8.664862252771854e-05,0.0,0.0,0.00025135697796940804,0.0005944004515185952,0.0007553485920652747,0.0006573887658305466,0.00029536389047279954,3.4163924283348024e-05,0.0,0.0,0.0,0.0,7.784746412653476e-05,0.00015379568503703922,0.0001752888783812523,0.00013682821008842438,0.0,0.0,0.0,0.0,0.0,0.00010644311987562105,0.0002550957433413714,0.0002569207863416523,9.179807966575027e-05,0.0,0.0,0.0,0.0,0.0,0.0,0.0,0.00011262564657954499,0.0003876734699588269,0.0005883018602617085,0.0006598669569939375,0.000646265281829983,0.000530477671418339,0.0003323311684653163,0.0001386584190186113,0.0,0.0,0.0,0.0,0.0,0.0,4.1423340007895604e-05,0.00026523825363256037,0.00046259889495559037
2025-12-09T16:23:23.044981,1765297403.0449815,0.000462202267954126,0.0003241449303459376,0.00015575962606817484,0.0,0.0,0.0,0.0,0.0,0.0,0.00019678199896588922,0.00030785848503001034,0.00034983037039637566,0.000408444699132815,0.0004105327243451029,0.0002959629346150905,7.911138527560979e-05,0.0,6.418761699933384e-07,0.00015201393398456275,0.00032845992245711386,0.00042286759708076715,0.00041756912833079696,0.0004252150247339159,0.000579606625251472,0.0009306014399044216,0.0013155322521924973,0.0014034808846190572,0.0011455670464783907,0.0007859584293328226,0.0006332980701699853,0.0008547033066861331,0.0013154885964468122,0.0017199553549289703,0.0019780087750405073,0.0020236768759787083,0.0019988492131233215,0.0018187292153015733,0.001528639579191804,0.0013691415078938007,0.0014174618991091847,0.0014825563412159681,0.0016379050211980939,0.0017348966794088483,0.001871956279501319,0.0019736276008188725,0.0018350289901718497,0.0015641337959095836,0.0014456857461482286,0.0014810116263106465,0.0017566530732437968,0.0021436954848468304,0.002461005235090852,0.0026339360047131777,0.002849123440682888,0.0030134806875139475,0.0030584968626499176,0.002928150352090597,0.0027802640106528997,0.0025810617953538895,0.002387610264122486,0.002307593822479248,0.002181434305384755,0.00201653060503304,0.0017784611554816365,0.0016451335977762938,0.0014214133843779564,0.0011151123326271772,0.0008047848823480308,0.0006272931350395083,0.0001964739931281656,0.0,0.0,0.0,8.338382031070068e-05,0.0003485683409962803,0.0007663677097298205,0.0009729999583214521,0.0010957313934341073,0.0008764831582084298,0.0007318612188100815,0.0005225646309554577,8.781778160482645e-05,0.0,0.0,0.0,0.0,0.0,0.0,0.0,0.0,0.0,0.0,0.0,0.00025541032664477825,0.0006236328626982868,0.0008751770365051925,0.0009689573780633509,0.0009029681095853448,0.0007542594103142619,0.00044997097575105727,0.00016836958820931613,0.0,0.0,0.0,0.0,0.0,0.0,0.0,0.0,1.5722580428700894e-05,5.721269189962186e-05,2.42952646658523e-05,0.0,0.0,0.0,0.0,0.0,0.0,0.0,0.0,0.0,0.00011184228787897155,0.0003519698802847415,0.0005462823319248855,0.0006517506553791463,0.0006333263590931892,0.0004959024372510612,0.00027824146673083305,1.2189805602247361e-05,0.0,0.0,0.0,0.0,0.0,0.0
2025-12-09T16:23:24.712010,1765297404.7120101,0.0,0.0,0.0,0.0,0.0,7.499799539800733e-05,0.00031605223193764687,0.0004284862370695919,0.0003241584636271,5.250254616839811e-05,0.0,0.0,0.0,0.0,0.0,0.0,1.1116460882476531e-05,0.0001716394181130454,0.0003415505343582481,0.0004227349709253758,0.0005201757303439081,0.0007304197642952204,0.001065432676114142,0.00138727982994169,0.0015383429126814008,0.001465110806748271,0.0012428050395101309,0.0009765597642399371,0.0007898904150351882,0.0007646517478860915,0.0009150789701379836,0.0011845908593386412,0.0015995620051398873,0.0019360496662557125,0.002068884205073118,0.0021282886154949665,0.00191345380153507,0.0015555929858237505,0.0011820986401289701,0.0009777515660971403,0.0011422227835282683,0.0015888132620602846,0.0020382022485136986,0.0022904640063643456,0.002305317670106888,0.0022490322589874268,0.0019217781955376267,0.0014627327909693122,0.0011654476402327418,0.0012143113417550921,0.0015659007476642728,0.0020909912418574095,0.0025279102846980095,0.0028857304714620113,0.003148292889818549,0.003277319250628352,0.0033039923291653395,0.0032018038909882307,0.0029191728681325912,0.0024937933776527643,0.002036008983850479,0.0015619572950527072,0.0012280541704967618,0.000995718757621944,0.0007293738890439272,0.0005952352075837553,0.00039326498517766595,0.00039328416460193694,0.00047133807674981654,0.0006601263885386288,0.0007971682935021818,0.0006987195229157805,0.0006824412266723812,0.0005812414456158876,0.0006286739371716976,0.00033193256240338087,6.145764200482517e-05,0.0,0.0,0.0,0.0,0.0001734058023430407,0.0002254986175103113,0.00030192811391316354,0.0003084925119765103,0.0003661205410026014,0.00038167586899362504,0.0005886005237698555,0.0008673786069266498,0.000766208628192544,0.00042331343865953386,0.0,0.0,0.0,0.0,0.0,0.0,0.0,0.00014555071538779885,0.00010583906259853393,0.00010284239397151396,8.383414387935773e-05,0.00015728977450635284,0.00023162375146057457,0.0003693629987537861,0.0004958297358825803,0.0005730190896429121,0.0005477147060446441,0.0004427341918926686,0.0002563574234955013,2.458354856571532e-06,0.0,0.0,0.0,0.0,0.0,0.0,3.9614584238734096e-05,0.00014401250518858433,8.59064602991566e-05,0.0,0.0,0.0,0.0,0.0,0.0,0.0,0.0,0.0,0.0,0.0,0.0,0.0,1.0905239832936786e-05,0.0
2025-12-09T16:23:26.378950,1765297406.3789496,0.0,0.0,0.0,0.0,0.0,0.0,0.0001739103754516691,0.00027384329587221146,0.0003817015967797488,0.00033378228545188904,0.00011874312622239813,0.0,0.0,0.0,0.0,0.0,0.0,0.0,0.0,6.048663635738194e-05,0.0005788799026049674,0.0011015989584848285,0.0013109842548146844,0.0012047544587403536,0.0010789098450914025,0.0011535887606441975,0.0013209852622821927,0.0013277053367346525,0.0010951266158372164,0.0008074782090261579,0.000587464717682451,0.00047167527372948825,0.0006347160669974983,0.001078390283510089,0.0015996011206880212,0.0019966864492744207,0.002136671682819724,0.0019021333428099751,0.0016112088924273849,0.0013389162486419082,0.0012880139984190464,0.0014011769089847803,0.001753609161823988,0.0019845471251755953,0.0019170192535966635,0.0017507853917777538,0.0016287189209833741,0.0013802952598780394,0.0012976330472156405,0.0015493929386138916,0.0018527319189161062,0.0020115752704441547,0.0021723418030887842,0.0024532678071409464,0.002641526283696294,0.0029204932507127523,0.0031996509060263634,0.0032933237962424755,0.003314355853945017,0.003160052467137575,0.0027742546517401934,0.002128932625055313,0.001525840605609119,0.0011174390092492104,0.0006792088388465345,0.00045568100176751614,0.00017781926726456732,0.000192157895071432,0.00029921362875029445,0.0005986933247186244,0.0010585919953882694,0.0014801033539697528,0.0016694217920303345,0.0014327892567962408,0.0009078596485778689,0.0,0.0,0.0,0.0,0.0,0.0,0.00012267522106412798,0.00033172621624544263,0.0004924327367916703,0.000564920308534056,0.0008262685732915998,0.0007365046767517924,0.0007420621695928276,0.0008358970517292619,0.0008407153654843569,0.0007215533987618983,0.00043124196236021817,7.378939335467294e-05,0.0,0.0,0.0,0.0,0.0,0.0,0.0,0.0,0.0,0.0,0.0,0.0003211990697309375,0.0006147281965240836,0.0008241221075877547,0.0009119398891925812,0.0008924929425120354,0.000798330525867641,0.0006460337317548692,0.0004921844229102135,0.00032875797478482127,0.00013116445916239172,0.0,0.0,0.0,0.0,0.0,0.0,0.0,0.0,2.346969813515898e-05,0.00013150906306691468,0.0002665224892552942,0.0004195771471131593,0.0005725644296035171,0.0006733342306688428,0.0006813537911511958,0.0006281230598688126,0.000577359925955534,0.0005796412588097155,0.0005916037480346859,0.0005867794388905168,0.0006020171567797661
2025-12-09T16:23:28.046796,1765297408.0467956,7.145994459278882e-05,9.33094179345062e-06,0.0,0.0,0.0,0.0,0.0,3.3982818422373384e-05,0.0002087575412588194,0.00019850386888720095,1.8285993064637296e-05,0.0,0.0,0.0,7.691475911997259e-05,0.00020781518833246082,0.00020675257837865502,8.053625060711056e-05,4.755547342938371e-05,0.00019992695888504386,0.0005719386390410364,0.0010900835040956736,0.001608970109373331,0.0019092371221631765,0.0018097303109243512,0.0013436565641313791,0.0007504815002903342,0.00040833334787748754,0.00037745083682239056,0.0004999862285330892,0.0005677484441548586,0.0005992530495859683,0.0007793804397806525,0.0010440965415909886,0.001381661742925644,0.0018816293450072408,0.0022969392593950033,0.002431357279419899,0.002501530572772026,0.0024332955945283175,0.0020058390218764544,0.0016514832386747003,0.0013775518164038658,0.001039115129970014,0.0008681327453814447,0.0011402876116335392,0.0013793394900858402,0.0016035933513194323,0.001840274315327406,0.001981082372367382,0.002026753965765238,0.001990092219784856,0.0019075828604400158,0.0017790347337722778,0.0017866101115942001,0.001959987450391054,0.0023083428386598825,0.002687838627025485,0.003003076184540987,0.0032483628019690514,0.0031683153938502073,0.002934590680524707,0.002246243879199028,0.0015571272233501077,0.0009438333217985928,0.0004833962593693286,0.000258187617873773,0.00011753117723856121,4.4481352233560756e-05,0.0,1.4395239304576535e-05,6.864019087515771e-05,0.00020636645785998553,0.00035015810863114893,0.0005088630132377148,0.000699231110047549,0.0006075242999941111,0.0003290708118584007,0.00034607810084708035,0.0003071088867727667,0.00010710309288697317,0.0,0.0,0.0,0.0,0.0,0.0,0.0,0.00037072502891533077,0.0006309474701993167,0.0007742046727798879,0.0007838838500902057,0.0006459312862716615,0.00047424293006770313,0.0003088489465881139,0.0002461430267430842,7.90160775068216e-05,0.0,0.0,0.0,0.0,0.0,0.0,0.0,0.0,0.0,0.0,2.7954025426879525e-05,0.0002007018483709544,0.00035065822885371745,0.0004380216705612838,0.00045947011676616967,0.0004020493652205914,0.0003165176894981414,0.00022566871484741569,0.00012194444570923224,5.6635017244843766e-05,6.022338129696436e-05,8.995870302896947e-05,0.0001523900282336399,0.00023413928283844143,0.00026043393881991506,0.0002608250069897622,0.00024712184676900506,0.0002308850089320913,0.00021943838510196656,0.00019717593386303633,0.00017117545939981937,0.00020615702669601887,0.00015848010662011802,0.00019770597282331437,0.0003921212919522077,0.00046268486767075956,0.0005543784936890006,0.0006532651023007929
2025-12-09T16:23:29.714483,1765297409.714483,0.00040949470712803304,0.00018849832122214139,2.0450615920708515e-05,0.0,0.0,0.0,0.0,0.0,6.292210309766233e-05,0.0002410462620900944,0.0004929935676045716,0.0006818805704824626,0.0007531908340752125,0.0005625602789223194,0.00016718478582333773,0.0,0.0,0.0,9.751345351105556e-05,0.00045929933548904955,0.0007278911070898175,0.0009355340735055506,0.001116512343287468,0.0012505891500040889,0.0012705237604677677,0.0011892500333487988,0.0011153615778312087,0.0009946657810360193,0.0008631669916212559,0.0008330440614372492,0.0010108520509675145,0.0014083776623010635,0.0017480960814282298,0.0018734069308266044,0.0017304114298895001,0.0014475233620032668,0.0012443324085325003,0.0012634226586669683,0.0015336471842601895,0.0018874459201470017,0.002165560843423009,0.0023096867371350527,0.002132521942257881,0.001735485508106649,0.001366084674373269,0.0011205493938177824,0.0010349422227591276,0.0012582072522491217,0.0014698249287903309,0.0019594035111367702,0.0024017305113375187,0.002606794936582446,0.002693198388442397,0.0027139887679368258,0.0025466701481491327,0.0024102984461933374,0.0024114905390888453,0.0023822023067623377,0.002280955435708165,0.0022360351867973804,0.0021373701747506857,0.002162000397220254,0.0021751075983047485,0.0021348928567022085,0.001986058196052909,0.0016227045562118292,0.001122067915275693,0.0005773713928647339,0.0001336022251052782,0.0,0.0,0.0,0.0,0.00016546662664040923,0.0004700771241914481,0.0005434490740299225,0.00040641045779921114,0.000434485002188012,0.00032676904811523855,8.273780258605257e-05,0.00022003926278557628,0.0003977315791416913,0.0005972980870865285,0.0006218249327503145,0.0005755682941526175,0.0004627255257219076,0.00013146961282473058,0.0,0.0,0.0,0.0,0.0,0.0,0.0,0.0,3.415941318962723e-05,0.0001833315473049879,0.00025039847241714597,0.00027093570679426193,0.00020134465012233704,0.0001193792195408605,2.0323799617472105e-05,0.0,0.0,6.193448643898591e-05,0.00016650624456815422,0.00023635169782210141,0.00024030834902077913,0.0001352783729089424,0.0,0.0,0.0,0.0,0.0,0.0,0.0,0.0,0.0,5.812187373521738e-05,0.00011597761476878077,0.00011154417734360322,0.00011386506230337545,9.967586083803326e-05,8.595256076660007e-05,8.214010449592024e-05,0.0001053681771736592,0.00012919922301080078,0.00011836057819891721,8.842352690408006e-05,4.838624590774998e-05,0.0,0.0,0.0,0.0,0.0
2025-12-09T16:23:31.382199,1765297411.3821988,0.0,0.0,9.490966476732865e-05,0.00019638281082734466,0.000265680777374655,0.00031633026083000004,0.00034063676139339805,0.0002633377443999052,0.000136975446366705,0.0,0.0,0.0,0.0,2.2285139493760653e-05,0.00018104394257534295,0.00026931369211524725,0.00035353965358808637,0.00035613556974567473,0.0003266795538365841,0.0003043027245439589,0.0004245671152602881,0.0007355816196650267,0.0011734378058463335,0.0015374835347756743,0.001632837695069611,0.0013815558049827814,0.0009240536601282656,0.0004186353471595794,4.93594488943927e-05,0.0,5.1076891395496204e-05,0.0004372847033664584,0.0010068676201626658,0.0015496843261644244,0.002056155586615205,0.0023770127445459366,0.0023715475108474493,0.002090136520564556,0.0018668676493689418,0.001728721777908504,0.0015914617106318474,0.00154407590162009,0.0017251813551411033,0.0019265334121882915,0.001926927245222032,0.0018338795052841306,0.0016603096155449748,0.0015679406933486462,0.0015919827856123447,0.0016008256934583187,0.0015978248557075858,0.0016940260538831353,0.0018149239476770163,0.0021031820215284824,0.0023640256840735674,0.002661122241988778,0.0030143389012664557,0.003217387478798628,0.003278598189353943,0.003112935461103916,0.0027293150778859854,0.0021895053796470165,0.001723518711514771,0.001204659347422421,0.0007475899183191359,0.0003922362520825118,0.00027379405219107866,0.0002670545072760433,0.0005202661268413067,0.0009150516125373542,0.0013082717778161168,0.0012630943674594164,0.0011122905416414142,0.0008158131968230009,0.00042850786121562123,3.612124055507593e-05,0.0,0.0,0.0,0.0,0.0,0.0,0.00033834693022072315,0.000882026506587863,0.001210321788676083,0.0012354233767837286,0.001034702523611486,0.0005922980490140617,0.000271334545686841,0.0,0.0,0.0,0.0,0.0,0.0,0.0,0.0,0.0,0.0,0.0,0.0,0.0,8.537873509339988e-05,0.00034100381890311837,0.0005057069938629866,0.0006504493649117649,0.0007432203274220228,0.0007818174781277776,0.0007389219244942069,0.0006991259288042784,0.0006597996107302606,0.0005772865260951221,0.00038386511732824147,0.00014210511290002614,0.0,0.0,0.0,0.0,0.0,0.0,0.0,0.0,0.0,0.0,8.044094283832237e-05,0.0002133740927092731,0.00031025568023324013,0.000271085649728775,0.00011758234177250415,0.0,0.0,0.0,0.0,0.0,0.0
2025-12-09T16:23:33.049573,1765297413.0495727,1.1113131677120691e-06,0.0,0.0,0.0,0.0,0.0,0.0,0.0,0.0,0.00032176251988857985,0.0006778679089620709,0.0006984690553508699,0.0005696758162230253,0.0003618084592744708,8.531780622433871e-05,0.0,0.0,0.0,0.00010937802289845422,0.00047280066064558923,0.0007709537749178708,0.001007722457870841,0.0011806355323642492,0.0012079703155905008,0.0010368108050897717,0.000691123481374234,0.0002702883502934128,0.0001752545649651438,0.0006548810633830726,0.0014356437604874372,0.002098293974995613,0.0022437984589487314,0.0018970093224197626,0.0014498134842142463,0.001253400114364922,0.0013169243466109037,0.0017028612783178687,0.0021920432336628437,0.002398115349933505,0.0021960639860481024,0.0016125477850437164,0.0012592540588229895,0.001111450488679111,0.001117648440413177,0.0012673827586695552,0.0016109319403767586,0.0017119989497587085,0.0017674892442300916,0.00168759620282799,0.0016904836520552635,0.0019593157339841127,0.0023639106657356024,0.0026111972983926535,0.002828432945534587,0.002853836165741086,0.0028815935365855694,0.0030004181899130344,0.003053243737667799,0.002894546138122678,0.002540023298934102,0.002060762606561184,0.0017289032693952322,0.0013151317834854126,0.001089672208763659,0.0008941262494772673,0.0007724322495050728,0.0005557627882808447,0.00038046971894800663,0.00043122642091475427,0.0006028483039699495,0.0007675673114135861,0.0010634512873366475,0.0013146207202225924,0.0014662053436040878,0.0009804238798096776,0.000799023371655494,0.00021787833247799426,0.0,0.0,0.0,0.0,0.0,0.0,5.201942622079514e-05,0.00033277992042712867,0.00032549453317187726,0.0003990136319771409,0.0003874764370266348,0.00013684970326721668,7.811351679265499e-06,2.3807691832189448e-05,0.00012438207340892404,0.00026156898820772767,0.00021841829584445804,0.0001901474315673113,9.056130693352316e-06,0.0,0.0,0.0,0.0,0.0,0.0,0.0,0.0,0.0,0.0,2.387111453572288e-05,0.00018976686988025904,0.0002926940214820206,0.00038937272620387375,0.00047019278281368315,0.0005106176831759512,0.00046506489161401987,0.0003361897834111005,0.00011836826161015779,0.0,0.0,0.0,0.0,0.0,0.0,0.0,0.0,0.0,0.0,0.00010119591752300039,0.00026890161097981036,0.00039041784475557506,0.00043782024295069277,0.00038279787986539304,0.00030502016306854784,0.0002882543485611677,0.00017517496598884463,7.94172883615829e-05,0.0
2025-12-09T16:23:34.719449,1765297414.7194493,0.0005424980772659183,0.0004799945163540542,0.00044052134035155177,0.00042391408351249993,0.00040874892147257924,0.0003827547770924866,0.00037967186653986573,0.0003995326114818454,0.0003484529734123498,0.0002303137443959713,0.0001053669402608648,4.7443278162973e-05,0.0,0.0,0.0,0.0,0.00033913610968738794,0.0006860370049253106,0.0007408004021272063,0.0005486017325893044,0.0003829544293694198,0.00039324755198322237,0.0006376291858032346,0.0010231322376057506,0.0013092514127492905,0.0012679013889282942,0.0009190952405333519,0.0005412547616288066,0.0004463585210032761,0.0006710655288770795,0.0009972669649869204,0.0013528297422453761,0.0016339103458449244,0.0018070285441353917,0.0018113568658009171,0.0018792967312037945,0.001871878164820373,0.0017763028154149652,0.0016179427038878202,0.001462003798224032,0.0014289775863289833,0.0013116324553266168,0.0010891364654526114,0.0010483205551281571,0.0013437627349048853,0.0016574239125475287,0.0019875813741236925,0.0021909382194280624,0.0022580150980502367,0.0021497737616300583,0.0017097116215154529,0.0012518804287537932,0.0011587919434532523,0.0014935329090803862,0.00204686657525599,0.002672660630196333,0.0031878724694252014,0.0036267407704144716,0.003686541225761175,0.003334284294396639,0.0027050639037042856,0.0020207103807479143,0.0014222258469089866,0.0011657484574243426,0.0010746699990704656,0.0010895535815507174,0.0010865256190299988,0.0011698493035510182,0.0012919530272483826,0.0011611436493694782,0.0007899355259723961,0.0003511616960167885,0.0,0.0,0.0,0.0,5.838408469571732e-05,0.00034930615220218897,0.0006542648188769817,0.0008664446067996323,0.0005383924581110477,0.00034141913056373596,1.1060682481911499e-05,0.0,0.0,0.0,0.0,0.0,0.0,0.0,0.0,0.0,0.0,0.0,0.0,6.49935900582932e-05,0.00017841301450971514,0.00031399406725540757,0.0004443572252057493,0.0005561757134273648,0.000517653941642493,0.00044296676060184836,0.00036588942748494446,0.00025163276586681604,0.00013219194079283625,3.813962757703848e-05,0.0,0.0,0.0,0.0,0.0,0.0,0.0,0.0,0.0,0.0,0.0,0.0,0.0,6.046380440238863e-05,0.00031106334063224494,0.0005017068469896913,0.0005563412560150027,0.0005123812006786466,0.0003835081879515201,0.00023296887229662389,6.482555181719363e-05,0.0,0.0,0.0,0.0,0.0,0.0,0.0,0.0
2025-12-09T16:23:36.385350,1765297416.38535,0.0011972167994827032,0.0009556532604619861,0.0006871998775750399,0.00036600176827050745,0.0,0.0,0.0,0.0,0.0,0.0,0.00025886186631396413,0.0004023008805233985,0.0004411151458043605,0.0003348706231918186,0.00029188167536631227,0.00036155496491119266,0.00048698572209104896,0.0004908317350782454,0.0004092063754796982,0.00033326592529192567,0.00034677705843932927,0.0005016032955609262,0.0007920257048681378,0.0011779398191720247,0.0014929466415196657,0.001538384472951293,0.001271749846637249,0.0007307492196559906,0.0001810820249374956,0.0,0.00015997250739019364,0.0007986593409441411,0.0016264040023088455,0.002227490535005927,0.002412516623735428,0.0023100145626813173,0.0019883920904248953,0.0017016719793900847,0.00148422596976161,0.0015803223941475153,0.0017587897600606084,0.0018509913934394717,0.001858619973063469,0.0017310245893895626,0.001578573603183031,0.0015338632510975003,0.0014448196161538363,0.0013995643239468336,0.0015122126787900925,0.0016362133901566267,0.0017769145779311657,0.0018664838280528784,0.0019522449001669884,0.002150119049474597,0.0023921967949718237,0.0025326889008283615,0.0026400936767458916,0.0026484960690140724,0.0025838520377874374,0.002512509934604168,0.00233739847317338,0.0020176332909613848,0.0015809782780706882,0.001162286614999175,0.0008196531562134624,0.0007103129755705595,0.0008046380244195461,0.0008008270524442196,0.0007061999058350921,0.0006093016127124429,0.0006519200396724045,0.0005565080791711807,0.0005007176077924669,0.00044240790884941816,0.00030089705251157284,0.00024234093143604696,5.547071486944333e-05,0.0,0.0,0.0,0.0,0.0,0.0,8.964491280494258e-05,0.0003846636682283133,0.0006274018087424338,0.0008190220105461776,0.0006447997293435037,0.00040874441037885845,0.0,0.0,0.0,0.0,0.0,0.0,6.72681926516816e-05,0.00010925386595772579,0.0001561618410050869,0.00020910061721224338,0.00026033350150100887,0.0003167704271618277,0.00029746812651865184,0.00028790722717531025,0.00023436767514795065,0.00016851047985255718,0.00010631298209773377,6.447464693337679e-05,2.1822976123075932e-05,0.0,0.0,0.0,0.0,0.0,0.0,0.0,0.0,0.0,0.0,0.0,0.0,8.754498594498727e-06,0.00014102619024924934,0.00028847320936620235,0.00044592630001716316,0.0005696180160157382,0.0006082981126382947,0.0005476591759361327,0.00047090943553484976,0.0004458085459191352,0.0004156618088018149,0.00031863609910942614,0.0002845495764631778,0.0002867270668502897,0.00030038479599170387,0.0003083189658354968
2025-12-09T16:23:38.053354,1765297418.0533535,0.0,0.0,0.0,2.899439277825877e-05,0.0001848344982136041,0.0002053139469353482,6.618722545681521e-05,0.0,0.0,0.0,0.0,0.00035570753971114755,0.0006212705047801137,0.000469841092126444,0.00011440056550782174,0.0,0.0,0.0,0.00015432060172315687,0.0003066615608986467,0.0003638669732026756,0.0005151194636709988,0.0008676131838001311,0.0013842182233929634,0.0018220325000584126,0.001854988164268434,0.0014150928473100066,0.0007465574308298528,0.00033524478203617036,0.0003743232518900186,0.000714668130967766,0.001122473506256938,0.0013508115662261844,0.0014825722901150584,0.0016451688716188073,0.0017117635579779744,0.0018130625830963254,0.001979248132556677,0.002004045294597745,0.0018970469245687127,0.0019255582010373473,0.0019856661092489958,0.002094732830300927,0.0022582204546779394,0.002261780435219407,0.0021354989148676395,0.0018121033208444715,0.0015584344509989023,0.0014217557618394494,0.0014567408943548799,0.001703753019683063,0.002089817775413394,0.0025002588517963886,0.0027699912898242474,0.002789430320262909,0.002779829315841198,0.002719568321481347,0.0025874413549900055,0.0026296975556761026,0.002744523109868169,0.0027403514832258224,0.0027881558053195477,0.0022410238161683083,0.0017880839295685291,0.0012389321345835924,0.0007601453689858317,0.0002086938766296953,0.0,1.4861408089927863e-05,0.00015471404185518622,0.0004685470194090158,0.000640613550785929,0.0007736806874163449,0.0007935206522233784,0.0006623498047702014,0.0005205043707974255,0.00023560177942272276,0.0,0.0,0.0,0.0,0.00011748055840143934,0.00024977666907943785,0.0002625751367304474,0.0001694795791991055,8.582773443777114e-05,0.0,0.0,0.00011606525367824361,0.0002898356760852039,0.0003941192990168929,0.00035265498445369303,0.00020669926016125828,3.8468424463644624e-05,0.0,0.0,0.0,0.0,0.0,0.0,0.0,0.0,0.0,0.0,1.0051390745502431e-05,0.0001119061853387393,0.0001737842831062153,0.00016774502000771463,8.75620826263912e-05,0.0,0.0,0.0,0.0,0.0,0.0,0.0,0.0,0.0,0.0,0.0,0.0,0.0,0.0,0.0,1.929418067447841e-05,0.00010853105777641758,0.00018848563195206225,0.00020472715550567955,0.00013725919416174293,7.519576320191845e-05,0.0,0.0,0.0,0.0,0.0
2025-12-09T16:23:39.720305,1765297419.7203054,0.0023072934709489346,0.001875630347058177,0.0015225684037432075,0.0011754820588976145,0.0006798048852942884,0.00016611735918559134,0.0,0.0,8.314036676893011e-05,0.00018659212219063193,0.00022488855756819248,0.0002667114604264498,0.0003548291861079633,0.0003728126466739923,0.00025364913744851947,8.750893175601959e-05,0.0,4.355574128567241e-05,0.00023373562726192176,0.000500791531521827,0.0008158045820891857,0.0009945140918716788,0.0009972144616767764,0.0009614757145754993,0.0010867773089557886,0.0013678853865712881,0.001474699703976512,0.0010903154034167528,0.000350056478055194,0.0,0.0,0.0001707722112769261,0.0008682985207997262,0.0014947055606171489,0.0019402488833293319,0.0020592310465872288,0.0017868655268102884,0.0014434682670980692,0.0012014037929475307,0.0012640145141631365,0.0017040906241163611,0.0020877516362816095,0.002413431415334344,0.002615146804600954,0.002526748925447464,0.0021273570600897074,0.0015384071739390492,0.0009199755731970072,0.0006494601839222014,0.0006924473564140499,0.001113954815082252,0.0017001081723719835,0.0022631026804447174,0.002724305260926485,0.0030595690477639437,0.0032216340769082308,0.003060163464397192,0.0026181568391621113,0.002179923001676798,0.0019394159317016602,0.0018811884801834822,0.0020723857451230288,0.002047658199444413,0.0019790655933320522,0.0017323087668046355,0.0013792619574815035,0.0010977140627801418,0.0008425292908214033,0.0006626308313570917,0.0005288932006806135,0.00023055175552144647,0.00013965998368803412,0.0,0.0,0.0,0.0,0.0,0.0,0.0,0.0,0.0,0.0,0.0,0.0004012255521956831,0.0008448000880889595,0.001224202336743474,0.0011872948380187154,0.0010575327323749661,0.0005542323924601078,7.593478949274868e-05,0.0,0.0,0.0,0.0,0.0,0.0,0.0,2.3174183297669515e-05,4.486395846470259e-05,0.0,0.0,0.0,0.00010305234172847122,0.0002543317386880517,0.0004131841706112027,0.0004991641617380083,0.0005165065522305667,0.0004778216243721545,0.0003761742846108973,0.0001942665985552594,0.0,0.0,0.0,0.0,0.0,0.0,7.185467256931588e-05,0.0002545600291341543,0.00037691128090955317,0.00039713442674838006,0.0003284934500698,0.0001774366246536374,1.1843543461509398e-06,0.0,0.0,0.0,0.0,0.0,0.0,0.0,0.0,0.0,0.0,0.0,0.0
2025-12-09T16:23:41.387319,1765297421.387319,0.0005554472445510328,0.0004959519137628376,0.00046259077498689294,0.0004544271214399487,0.0004417358723003417,0.0004071202129125595,0.00037086440715938807,0.0003897465649060905,0.00040671188617125154,0.0004960896330885589,0.0005663502379320562,0.0004607471637427807,0.00022566151164937764,0.0,0.0,0.0,0.0,0.0,0.00028176396153867245,0.0005228358204476535,0.0006989235407672822,0.0008963523432612419,0.001195774064399302,0.0016130228759720922,0.0019101524958387017,0.0017925947904586792,0.0012951630633324385,0.0006521441973745823,0.0002902897831518203,0.0003999022301286459,0.0008275588043034077,0.001349143567495048,0.001753416028805077,0.0017205080948770046,0.0014668907970190048,0.001336251967586577,0.0014183372259140015,0.0015637363540008664,0.0016694708028808236,0.0017903890693560243,0.0018529921071603894,0.0017086104489862919,0.001499009202234447,0.0014425497502088547,0.00153479038272053,0.0017245070775970817,0.001818376942537725,0.0019256697269156575,0.002138926414772868,0.0021982742473483086,0.002206255681812763,0.0021291463635861874,0.002045760629698634,0.002040234627202153,0.0021383920684456825,0.0022770718205720186,0.0023800176568329334,0.002404396655037999,0.0024872422218322754,0.002601084765046835,0.002609237562865019,0.002556775463744998,0.0020602340810000896,0.0015384609578177333,0.0009973469423130155,0.0005976520478725433,0.00023781885101925582,0.00011849951988551766,0.00018464999448042363,0.0003549880057107657,0.0007126957061700523,0.0009677473572082818,0.001230398309417069,0.0012828308390453458,0.001208996633067727,0.000876853649970144,0.00047648049076087773,0.0,0.0,0.0,0.0,0.0,0.0,0.0,0.0,0.00010135583579540253,8.817468187771738e-05,8.827616693452e-05,0.00018362926493864506,0.00024755302001722157,0.00026151869678869843,0.0002440075622871518,0.0001941591181093827,0.00010110942821484059,0.0001518533390481025,0.00024983074399642646,0.0003652953018900007,0.00047530714073218405,0.0004842543276026845,0.000363517930964008,0.00011917160009033978,0.0,0.0,0.0,0.0,0.0,0.0,0.0,0.0,0.0,5.8543049817672e-05,6.29195710644126e-05,0.0,0.0,0.0,0.0,2.2548751076101325e-05,0.00017179005953948945,0.0003699807566590607,0.0005559513228945434,0.0006151195848360658,0.0005463515990413725,0.0004497818590607494,0.00034492227132432163,0.00021783159172628075,3.951631879317574e-05,0.0,0.0,0.0,0.0,8.124172018142417e-05,0.00022680580150336027,0.0002680742763914168,0.00028669758467003703,0.0002839009393937886
2025-12-09T16:23:43.053744,1765297423.0537438,0.0005764943780377507,0.00032200064742937684,9.628397674532607e-05,0.0,0.0,0.0,0.0,0.0,0.000306237576296553,0.0006376050296239555,0.000697007984854281,0.000579122337512672,0.0004794061533175409,0.0004363007901702076,0.00034773233346641064,0.00013081239012535661,0.0,0.0,0.0,0.00026065000565722585,0.0007001816993579268,0.0009544839267618954,0.0009790189797058702,0.0009313978953287005,0.0010520421201363206,0.0014180764555931091,0.0017873594770208001,0.001873391680419445,0.0014640598092228174,0.0007564279367215931,0.00015681983495596796,0.00011356842878740281,0.0006928215734660625,0.001617132336832583,0.0023572230711579323,0.002676605246961117,0.0024865069426596165,0.0019160963129252195,0.001427801325917244,0.0011393817840144038,0.0012863755691796541,0.0016354674007743597,0.001897500711493194,0.002023770473897457,0.0020396560430526733,0.0019786132033914328,0.0017847887938842177,0.0016314059030264616,0.0015374242793768644,0.0015807724557816982,0.001642733346670866,0.0017804737435653806,0.0018873810768127441,0.0021411096677184105,0.0025345380418002605,0.0030278025660663843,0.0035160379484295845,0.0037115169689059258,0.0036244511138647795,0.003218713914975524,0.0025701129343360662,0.0018374344799667597,0.0013318833662196994,0.001056785462424159,0.0009552064584568143,0.0008564482559449971,0.0008641265449114144,0.0009258898789994419,0.0010650272015482187,0.0011454998748376966,0.0009808283066377044,0.0006169973057694733,0.00029201889992691576,2.7993442927254364e-05,0.0,0.0,0.0,0.0,0.0,2.1300322259776294e-05,0.0,0.00022383169562090188,0.00028687441954389215,0.00011855342745548114,0.00011175277904840186,0.00025806869962252676,0.0003973912389483303,0.0005132848746143281,0.0005410077283158898,0.00029395363526418805,4.7958301365724765e-06,0.0,0.0,0.0,0.0,0.0,8.271512342616916e-05,0.0001239248813362792,0.00011132951476611197,0.00010067273979075253,5.51563935005106e-05,0.00012325806892476976,0.0003282586403656751,0.000467463192762807,0.0005276694428175688,0.0004652456846088171,0.00028615922201424837,3.177694816258736e-05,0.0,0.0,0.0,0.0,0.0,0.0,0.0,0.0,7.830063623259775e-06,0.00011676770373014733,0.0001634079235373065,0.00017409656720701605,0.0002012424956774339,0.00026015154435299337,0.0003038167196791619,0.0003942001785617322,0.0004820640024263412,0.000577880535274744,0.0006577608291991055,0.0006893275422044098,0.0006809210171923041,0.0006527706864289939,0.0005878093652427197,0.0006225489196367562,0.0005340044153854251,0.0004781179304700345,0.0004330623196437955
2025-12-09T16:23:44.720479,1765297424.7204788,0.00032335834112018347,0.0003562837082426995,0.00034629672882147133,0.00030037699616514146,0.00032353444839827716,0.0003788894391618669,0.0003192187868990004,0.0002680486359167844,0.00010278839181410149,0.0,0.0,6.812182255089283e-05,0.00020880896772723645,3.3329870348097757e-05,0.0,0.0,4.294524114811793e-05,0.00029840978095307946,0.0004011505516245961,0.0004934592288918793,0.0007000762852840126,0.0010662295389920473,0.0014213224640116096,0.0015679943608120084,0.0014248444931581616,0.0010887760436162353,0.000775408698245883,0.0006756145739927888,0.0008037814986892045,0.0009625430102460086,0.0009935186244547367,0.0009481956949457526,0.0008959784172475338,0.0009935395792126656,0.0010687803151085973,0.0012937105493620038,0.0016707625472918153,0.0017706381622701883,0.0018865900347009301,0.0019907576497644186,0.0021139138843864202,0.002152468077838421,0.0020038229413330555,0.0018491389928385615,0.0018470508512109518,0.0017712867120280862,0.0016206640284508467,0.0014199675060808659,0.0013274255907163024,0.0015616804594174027,0.0017590610077604651,0.0018364241113886237,0.0020029880106449127,0.002171323401853442,0.0024630206171423197,0.0028633074834942818,0.0032321771141141653,0.003333890810608864,0.0033108864445239305,0.0031129445414990187,0.0026446767151355743,0.0020944555290043354,0.0016523496014997363,0.0013436514418572187,0.001019751187413931,0.0008081832784228027,0.0006093447445891798,0.0005269668763503432,0.00048035106738097966,0.0004521673545241356,0.0004080748767592013,0.00019349523063283414,9.69822212937288e-06,0.0,9.589885303284973e-05,0.0,9.305038111051545e-05,0.00010028562974184752,0.0001597601658431813,0.0002493997453711927,0.00037010983214713633,0.0005412005120888352,0.00030574569245800376,5.067969686933793e-05,0.0,0.0,0.0,0.0,1.0251509593217634e-05,0.00025062248460017145,0.000480332673760131,0.0005500501138158143,0.0004747770435642451,0.00033198820892721415,0.0001120480737881735,0.0,0.0,0.0,0.0,0.0,0.0,0.0,0.0,2.111119101755321e-05,5.689494719263166e-05,6.890250369906425e-05,5.142463851370849e-05,6.347156613628613e-06,0.0,2.893133023462724e-05,0.00013238140672910959,0.00026975153014063835,0.0003760071995202452,0.0003693105245474726,0.000272182107437402,0.00014174715033732355,0.0,0.0,0.0,0.0,0.0,0.0,0.0,0.0,0.0,0.0,8.845202683005482e-05,0.00020905770361423492,0.0002501124981790781,0.0001629756879992783,8.29734344733879e-05,0.0,0.0,0.0,0.0
2025-12-09T16:23:46.387021,1765297426.387021,0.0006565584917552769,0.0006643597735092044,0.0005794286262243986,0.0004478527407627553,0.0002094091905746609,0.0,0.0,0.0,0.0,0.0,0.0,0.0005109365447424352,0.0009419681737199426,0.0010177312651649117,0.0008517896640114486,0.0005148249911144376,0.000125337959616445,0.0,0.0,0.0,0.00033210881520062685,0.0008629022631794214,0.0012395103694871068,0.0013445200165733695,0.0011396915651857853,0.0007996138301678002,0.0005920797120779753,0.0007041742792353034,0.0010681496933102608,0.0014090879121795297,0.001532388268969953,0.0014771497808396816,0.0014511317713186145,0.0014553605578839779,0.00150647375266999,0.0016291983192786574,0.001807640539482236,0.0020296776201575994,0.0018832009518519044,0.00162258162163198,0.0014131402131170034,0.001326622674241662,0.0014208873035386205,0.0014947709860280156,0.0017697000876069069,0.002093773102387786,0.002277304418385029,0.0023456562776118517,0.0021242641378194094,0.0019230033503845334,0.0017783280927687883,0.0017750408733263612,0.0018369171302765608,0.0020742868073284626,0.0023244069889187813,0.002574040088802576,0.002762880874797702,0.0029036563355475664,0.0028149986173957586,0.0025726184248924255,0.002289524534717202,0.0019309810595586896,0.0017403217498213053,0.0015890615759417415,0.0015877332771196961,0.0015193545259535313,0.0014680781168863177,0.0013294995296746492,0.001101479516364634,0.0006612377474084496,8.406141569139436e-05,0.0,0.0,0.0,0.0,0.00040824065217748284,0.0007271092035807669,0.0012024645693600178,0.0010911497520282865,0.0008656755089759827,0.0006190683343447745,0.0002463069395162165,4.047386028105393e-05,0.0,0.0,0.0,0.00011175774125149474,6.813826621510088e-05,0.0,0.0,0.0,0.0,0.0,0.00011477346561150625,0.00033024768345057964,0.0004767772334162146,0.00045391349704004824,0.0003177752369083464,0.00014739851758349687,0.0,0.0,0.0,0.0,0.0,0.0,0.0,0.0,0.0,0.0,0.0,0.0,0.0,0.0,8.071804768405855e-05,0.00024510567891411483,0.0003719904343597591,0.00046610465506091714,0.000524912727996707,0.0005288628162816167,0.0004668148758355528,0.0003150310949422419,0.0001603386626811698,3.464793917373754e-05,0.0,0.0,0.0,0.0,0.0,0.0,0.0,0.0,0.0,0.0,0.0,0.0
2025-12-09T16:23:48.053586,1765297428.0535858,0.0,0.0,0.0,0.0,0.0,0.000161511663463898,0.00046582522918470204,0.000604216184001416,0.000511727761477232,0.0001951871527126059,0.0,0.0,0.0,0.0,0.0,0.0,0.0,0.00012316173524595797,0.0005659610033035278,0.0011053887428715825,0.0014898463850840926,0.001540193916298449,0.001293155481107533,0.0009172706631943583,0.0006292710895650089,0.0005352573352865875,0.0006497839349322021,0.0008676914148963988,0.0010407103691250086,0.0010948484996333718,0.001028014114126563,0.0009302171529270709,0.0010457441676408052,0.0014334582956507802,0.001984190661460161,0.0024402413982897997,0.00262554083019495,0.0024335826747119427,0.0020448914729058743,0.0015215168241411448,0.0009053547400981188,0.0005207110662013292,0.0007367930957116187,0.001191660645417869,0.0016556261107325554,0.0020612289663404226,0.0025998642668128014,0.002952216425910592,0.002938871970400214,0.0025691187474876642,0.0021091222297400236,0.0018801806727424264,0.001877838047221303,0.001883010845631361,0.0018829531036317348,0.0020237695425748825,0.002339314203709364,0.0028214941266924143,0.003160745371133089,0.0032265172339975834,0.0029938314110040665,0.0025285095907747746,0.0019109289860352874,0.0014824778772890568,0.0011415742337703705,0.0008656755671836436,0.0006831232458353043,0.0006703866529278457,0.0008245940553024411,0.0008214136469177902,0.0006838932749815285,0.000352770381141454,0.0,0.0,0.0,0.0,0.0,0.00017690770619083196,0.0004802557814400643,0.0008439624216407537,0.0006869903882034123,0.0006840178393758833,0.0006208422128111124,0.00031387334456667304,4.189605533611029e-06,0.0,0.0,0.0,0.0,7.57612579036504e-05,0.00021684772218577564,0.0002541154681239277,0.000212592858588323,6.545388896483928e-05,3.369664045749232e-05,9.624871017877012e-05,0.00010029374971054494,0.00015265113324858248,0.00020677951397374272,0.00029408259433694184,0.000264274247456342,0.00021803889831062406,9.35817151912488e-05,0.0,0.0,0.0,0.0,0.0,0.0,0.0,0.0,0.0001552656467538327,0.0003153761790599674,0.0003988579846918583,0.00043294852366670966,0.0003299589443486184,0.00026489622541703284,0.00020662772294599563,9.75485090748407e-05,0.0,0.0,0.0,0.0,0.0,0.0,0.0,0.0,0.0,0.0,0.0,0.0,0.0,0.0,0.0,0.0
2025-12-09T16:23:49.720982,1765297429.720982,0.0,0.0,0.0,0.0,0.0,0.0002247599040856585,0.0003816629177890718,0.0003686230047605932,0.00020448376017156988,0.0,0.0,0.0,0.0,0.0,1.9608471120591275e-05,8.554283704143018e-05,0.00014223642938304693,0.00023965435684658587,0.0002889462630264461,0.00030734555912204087,0.00032173871295526624,0.0004121004603803158,0.0006410387577489018,0.0009570375550538301,0.0012181290658190846,0.001248678076080978,0.0010803915793076158,0.0008959362166933715,0.0008296388550661504,0.0008565096068195999,0.0008921905537135899,0.0009472589590586722,0.0010530869476497173,0.0012674318859353662,0.001403826056048274,0.0015642879297956824,0.0018441524589434266,0.0020398509223014116,0.001952402526512742,0.0017904425039887428,0.001844316371716559,0.0018336651846766472,0.0017260804306715727,0.0017324427608400583,0.0018025785684585571,0.0019049852853640914,0.0020164051093161106,0.0020232286769896746,0.0020041335374116898,0.002100065816193819,0.0020816854666918516,0.0019870831165462732,0.0018684620736166835,0.0016619048546999693,0.0016864778008311987,0.001833796501159668,0.0021641175262629986,0.0026108145248144865,0.0029073257464915514,0.0030582344625145197,0.0029915310442447662,0.0028741639107465744,0.0025670931208878756,0.0022883396595716476,0.0018556038849055767,0.0013972064480185509,0.000854309240821749,0.00034798268461599946,0.0,0.0,0.0,0.0,8.736052404856309e-05,0.0003192869189660996,0.00047486627590842545,0.0006706291460432112,0.0005246073706075549,0.00018527534848544747,0.0,0.0,0.0,0.0,0.0,0.0,0.0,0.0,0.0,0.0,0.0,0.0,0.00011716874723788351,0.0003108040546067059,0.0004763443721458316,0.0006471712258644402,0.0007219873950816691,0.0008464254206046462,0.0007633590721525252,0.0006269713630899787,0.00040008765063248575,0.00021832564380019903,0.0,0.0,0.0,0.0,0.0,0.0,0.0,0.0,0.0,0.0,0.0,0.0,0.0002449622843414545,0.0004370211099740118,0.0005455098580569029,0.0005572147783823311,0.0005061255651526153,0.00038362291525118053,0.00023657287238165736,0.00012118134327465668,4.675317904911935e-05,0.0,0.0,0.0,6.688908797514159e-06,2.180128103645984e-05,4.2901527194771916e-05,6.373284850269556e-05,7.448961696354672e-05,6.769109313609079e-05,2.714295987971127e-05,0.0,0.0,0.0,0.0
2025-12-09T16:23:51.388196,1765297431.3881955,0.0004596179642248899,0.0003355656226631254,0.00023904959380161017,0.0001623536372790113,9.357857925351709e-05,6.926411879248917e-05,0.0,0.0,0.0,3.335118526592851e-05,0.0003691506863106042,0.00043621586519293487,0.00018642767099663615,0.0,0.0,0.0,0.00022917037131264806,0.00045913882786408067,0.0006423390004783869,0.0008743996731936932,0.0010446568485349417,0.0010785250924527645,0.0009680306538939476,0.0008347020484507084,0.0007969911093823612,0.0009010862559080124,0.0010036492021754384,0.000886258203536272,0.0006143659702502191,0.0005402924725785851,0.0008245667559094727,0.00140368880238384,0.001896770321764052,0.0021204024087637663,0.0020842943340539932,0.001884107361547649,0.0017311874544247985,0.0014515673974528909,0.0013734359527006745,0.0017002009553834796,0.0019591457676142454,0.0019997430499643087,0.001990268239751458,0.002034940989688039,0.002016360405832529,0.0017891371389850974,0.0015264637768268585,0.0012758442899212241,0.0011164899915456772,0.0011496845399960876,0.00133972626645118,0.0015068562934175134,0.0018969435477629304,0.0024180845357477665,0.0028485856018960476,0.0031959929037839174,0.0033111898228526115,0.0031508447136729956,0.002789587015286088,0.002241679234430194,0.0016521747456863523,0.001264576567336917,0.0011494673090055585,0.0010746485786512494,0.0010672599310055375,0.001261022756807506,0.001373694627545774,0.0013590746093541384,0.0010580943198874593,0.0008047768496908247,0.00044686871115118265,0.0003500570892356336,0.0003601827775128186,0.00031217001378536224,0.0002670974936336279,0.0,0.0,0.0,0.0,0.0,0.0,0.0,0.0,0.0,0.00017899372323881835,0.0004720154101960361,0.0007221257546916604,0.0008359674829989672,0.0006663469830527902,0.0004885498201474547,0.0002716749731916934,0.00011041310062864795,0.0,0.0,0.0,0.0,0.0,0.0,0.0,0.0,0.0,0.0,0.00015071123198140413,0.0003791871131397784,0.0005660215974785388,0.0006413544178940356,0.0005849198205396533,0.00042976855183951557,0.00023695839627180248,0.00010046217357739806,7.543682386312867e-06,0.0,4.117020216654055e-05,0.00010966296395054087,0.00017864335677586496,0.0002800851361826062,0.00030613879789598286,0.00028198101790621877,0.00022363421157933772,0.00012061790039297193,0.0,0.0,0.0,0.0,0.0,0.0,8.608560892753303e-05,0.00022266071755439043,0.00034753920044749975,0.0004212142084725201,0.0004261935828253627,0.0004149430606048554,0.00045450666220858693,0.0004825578653253615,0.0004819563473574817
2025-12-09T16:23:53.055669,1765297433.0556688,0.00023191174841485918,0.0003289876040071249,0.0004077361663803458,0.00045883195707574487,0.00044515906483866274,0.0003543822094798088,0.00011744118819478899,0.0,0.0,2.413770016573835e-05,0.0002782267110887915,0.0002777415211312473,4.963113315170631e-05,0.0,0.0,0.0,0.0,0.00023937276273500174,0.0005080753471702337,0.0007215368095785379,0.0008197115967050195,0.0007750224322080612,0.0006816370878368616,0.000651513400953263,0.0007229983457364142,0.0008730703266337514,0.0010005799122154713,0.0010153580224141479,0.0008988812332972884,0.0007650931947864592,0.0006758316303603351,0.0007312014349736273,0.0008964174776338041,0.0011433714535087347,0.0014988039620220661,0.0017542089335620403,0.0018539645243436098,0.0017502688569948077,0.0014993257354944944,0.0014458681689575315,0.0015384943690150976,0.001680466579273343,0.0018648015102371573,0.0020874887704849243,0.002212204271927476,0.002156550530344248,0.0019253643695265055,0.001663588685914874,0.0014034266350790858,0.001300924806855619,0.001370337326079607,0.0015632414724677801,0.0019268138566985726,0.002299414947628975,0.0026834914460778236,0.003125621937215328,0.0034680666867643595,0.003609573235735297,0.003551933215931058,0.003275246825069189,0.00271445419639349,0.002130182459950447,0.0013471581041812897,0.0008737888420000672,0.0005237912409938872,0.0003904843470081687,0.0003564184298738837,0.0005850301822647452,0.0008747994434088469,0.001108580152504146,0.0012707218993455172,0.0012977095320820808,0.0011394295142963529,0.0008389873546548188,0.0003690796729642898,0.0,0.0,0.0,0.0,0.0,0.0,0.0,0.0,0.0,0.00021519800066016614,0.0005123987211845815,0.0007584565319120884,0.0007688294863328338,0.0006225255783647299,0.00030025947489775717,3.300738171674311e-06,0.0,0.0,0.0,0.0,0.0,0.0,0.0,0.0,0.0,0.0,0.0,0.00015555483696516603,0.0003921885509043932,0.0005468680756166577,0.0005989765049889684,0.0005228159134276211,0.00037973481812514365,0.00017810374265536666,1.661657734075561e-05,0.0,0.0,0.0,0.0,0.0,0.0,0.0,0.0,0.0,0.0,0.0,0.0,0.0,1.4052673577680252e-05,0.0001973817852558568,0.00038318862789310515,0.0005784641252830625,0.0006959154270589352,0.0007592040929012001,0.000750127190258354,0.0007159981178119779,0.0007462853682227433,0.0006775670917704701,0.0005806588451378047,0.000507564633153379
2025-12-09T16:23:54.726640,1765297434.7266402,0.00042761871009133756,0.000489461817778647,0.000493009458296001,0.00043447763891890645,0.00033677142346277833,0.00023559786495752633,0.0001442178909201175,5.4258856835076585e-05,8.387042907997966e-05,0.0001630622718948871,0.00023067819711286575,0.00021717439813073725,0.00015308239380829036,8.695529686519876e-05,8.650818199384958e-05,9.558386955177411e-05,0.0,0.0,0.0,0.0,0.0005252196569927037,0.0012229110579937696,0.001634897431358695,0.0015723644755780697,0.0011966602178290486,0.0008951211348176003,0.0009117903537116945,0.0011222464963793755,0.0012645804090425372,0.0012154248543083668,0.0010798039147630334,0.0010543117532506585,0.001256519928574562,0.0015473597450181842,0.0017809615237638354,0.0019155084155499935,0.0017839653883129358,0.0016309544444084167,0.0014311537379398942,0.0013284777523949742,0.001510084723122418,0.0017932846676558256,0.002006390830501914,0.0021164657082408667,0.0020980732515454292,0.002075385535135865,0.0017613933887332678,0.0014235979178920388,0.001200461178086698,0.001123740803450346,0.0012457045959308743,0.001620159251615405,0.002141389064490795,0.002538124332204461,0.002914055250585079,0.003124237759038806,0.003130984492599964,0.0029806324746459723,0.0026658109854906797,0.002101385500282049,0.0015090209199115634,0.001184231135994196,0.0009681106894277036,0.0009704621625132859,0.0011090792249888182,0.0013450365513563156,0.0016324266325682402,0.0016034936998039484,0.0011847278801724315,0.0007612585322931409,0.0002531841164454818,0.0,0.0,0.0,0.0,0.0,0.00020993580983486027,0.0005174105754122138,0.0007630414329469204,0.0006348690367303789,0.0006618804181925952,0.0004545306437648833,0.00014739665493834764,4.505085962591693e-05,0.0,0.0,0.0,0.0,0.0,2.219088673882652e-05,9.374990622745827e-05,7.532964082201943e-05,0.0,0.0,0.0,0.0,0.0,9.309123561251909e-05,0.0004255020176060498,0.0006102673360146582,0.0007301949081011117,0.0006323858397081494,0.00032138865208253264,1.735801197355613e-05,0.0,0.0,0.0,0.0,0.0,0.0,7.043255027383566e-05,6.714998016832396e-05,0.0,0.0,0.0,0.0,0.0,0.0,0.0,0.0,4.814722342416644e-05,0.000162559183081612,0.0002127831830875948,0.00021704747632611543,0.00017301728075835854,7.824043859727681e-05,0.0,0.0,0.0,0.0,0.0,0.0,0.0,0.0,0.0
2025-12-09T16:23:56.393111,1765297436.3931112,4.1240742575610057e-05,0.0,0.0,0.0,0.0,0.00021297663624864072,0.00043356246897019446,0.0005346674006432295,0.0005257159355096519,0.0003109397366642952,1.744293695082888e-05,0.0,0.0,0.0,0.00011154715321026742,0.00017551019845996052,0.00012840885028708726,9.142086491920054e-05,0.00017883360851556063,0.00032917867065407336,0.00045295897871255875,0.000484526070067659,0.0005604401812888682,0.0008223035256378353,0.001182936946861446,0.001413830672390759,0.0013989361468702555,0.001200615195557475,0.0009580551413819194,0.000803929811809212,0.0008396781049668789,0.00113893102388829,0.0014753517461940646,0.0016765568871051073,0.0017326547531411052,0.0016992874443531036,0.0014793116133660078,0.0012745034182444215,0.0013190950267016888,0.001548013766296208,0.001980086322873831,0.002197063760831952,0.002102329395711422,0.001977108418941498,0.0017427150160074234,0.0014683527406305075,0.0011294882278889418,0.0011087610619142652,0.0014861165545880795,0.0019347377819940448,0.002202418865635991,0.0024493983946740627,0.0026148781180381775,0.002775039291009307,0.002846955554559827,0.002812705934047699,0.0027283476665616035,0.0026353998109698296,0.002484771655872464,0.0022444131318479776,0.0019939641933888197,0.0017875004559755325,0.001650714548304677,0.0015827440656721592,0.0016099949134513736,0.0015714203473180532,0.001490562572143972,0.0013241550186648965,0.0012055099941790104,0.0008965975139290094,0.00044471476576291025,0.00011963462748099118,0.0,0.0,0.0,0.0,0.0,0.0,0.00018612833810038865,0.00033082280424423516,0.0004774263652507216,0.0005341441137716174,0.0005843485705554485,0.00038918261998333037,0.00012666986731346697,0.0,0.0,0.0,0.0,0.0,0.0,0.0,0.0001770813250914216,0.000416342489188537,0.0005886715953238308,0.0006894177640788257,0.0007403111085295677,0.000695019552949816,0.0005973656079731882,0.0004319666186347604,0.00023848214186728,7.515754259657115e-05,0.0,0.0,0.0,0.0,0.0,0.0,0.0,0.0,0.0,0.0,0.0,0.0,0.0,0.0,0.0,0.0,0.0,2.451525506330654e-05,0.00015456652909051627,0.0002471503976266831,0.0002983278245665133,0.0003255981719121337,0.00029644876485690475,0.00026225566398352385,0.0002154329267796129,0.00018648733384907246,0.00016540524666197598,0.00018425531743559986,0.00025034212740138173,0.00012364854046609253,8.009769226191565e-05,9.35175412450917e-05,0.00012401140702422708
2025-12-09T16:23:58.059456,1765297438.0594563,0.0,0.0,0.0,0.0,0.0,0.0,0.0,0.0,0.0,0.0,0.00012196115858387202,0.0003526636864989996,0.0004286324547138065,0.00014377819024957716,0.0,0.0,0.0,0.00010563449177425355,0.0005725520313717425,0.0009060201700776815,0.00101869972422719,0.001057156827300787,0.0011766236275434494,0.0013860082253813744,0.0014855723129585385,0.001332540763542056,0.0009637220064178109,0.0006765144062228501,0.0006534034037031233,0.0008557382971048355,0.0010400137398391962,0.0011401886586099863,0.0012430655770003796,0.0014214147813618183,0.0016801862511783838,0.0021138021256774664,0.00238246307708323,0.002335464349016547,0.0022741241846233606,0.0020829050336033106,0.0016733494121581316,0.0014110805932432413,0.0012481668964028358,0.0012426524190232158,0.0014042776310816407,0.001687105163000524,0.001983104972168803,0.002167193219065666,0.002303546294569969,0.0022572020534425974,0.001979009248316288,0.0015972208930179477,0.0015290110604837537,0.0016660550609230995,0.0019484834047034383,0.002413931768387556,0.0030223336070775986,0.00355563685297966,0.0038660881109535694,0.0037860681768506765,0.0031509101390838623,0.0021222862415015697,0.0010849819518625736,0.0002866958675440401,0.0,0.0,0.0,0.00023139604309108108,0.0005223210318945348,0.000978441326878965,0.0014137800317257643,0.0015669710701331496,0.0013778298161923885,0.0009129378595389426,0.0003556407173164189,0.0,0.0,0.0,0.0,2.036652404058259e-05,0.00035120092798024416,0.0005745077505707741,0.000626846682280302,0.0005097434623166919,0.0001913890737341717,0.0,0.0,0.0,0.0,0.00014501223631668836,0.0003032673557754606,0.00027217771275900304,0.0,0.0,0.0,0.0,0.0,0.0,0.0,0.00013082985242363065,0.0003713113837875426,0.0004931177827529609,0.0004827097291126847,0.0005023828707635403,0.00047299632569774985,0.0004408083623275161,0.00044933948083780706,0.000449006533017382,0.00040328074828721583,0.0002584776666481048,5.280395271256566e-06,0.0,0.0,0.0,0.0,0.0,0.0,0.0,0.0,0.0,0.0,3.464990368229337e-05,0.00010511618893360719,0.00016393730766139925,0.0001914068852784112,0.00018206957611255348,0.00016152256284840405,0.00013802949979435652,0.00010083470988320187,0.0,0.0,0.0,0.0,0.0,0.0
2025-12-09T16:23:59.729071,1765297439.7290711,0.0,0.0,0.0,0.0,0.0,0.0001774674456100911,0.0002697050804272294,0.00038892493466846645,0.00034006129135377705,0.0002467622107360512,0.000265464186668396,0.0002858226071111858,0.00019305440946482122,0.0,0.0,0.0,0.0,5.639463051920757e-05,0.0006087675574235618,0.000989103689789772,0.0011781962821260095,0.001237506396137178,0.0012492703972384334,0.001215773168951273,0.0011000694939866662,0.0009314391645602882,0.0007925131940282881,0.0008125116000883281,0.0010300379944965243,0.0013353832764551044,0.0015164128271862864,0.0014525873120874166,0.0011905886931344867,0.0009338199160993099,0.0008500672411173582,0.001212970819324255,0.001853592460975051,0.0024297102354466915,0.002726909937337041,0.0027136497665196657,0.0022581196390092373,0.001711273449473083,0.0012259179493412375,0.0009856527904048562,0.0011554127559065819,0.0014565316960215569,0.0018229357665404677,0.00207510101608932,0.0022563894744962454,0.0023288815282285213,0.002266340423375368,0.002233541803434491,0.0022953327279537916,0.002278606640174985,0.002179100876674056,0.002175817498937249,0.0022556334733963013,0.002329418435692787,0.002546279923990369,0.0029157090466469526,0.0031488968525081873,0.003135584993287921,0.002595602534711361,0.0020908883307129145,0.001497756689786911,0.0007983979885466397,0.00015072971291374415,0.0,0.0,0.0,0.0,0.00022885600628796965,0.0007066273828968406,0.0010323666501790285,0.0013687120517715812,0.001312113250605762,0.0009377576061524451,0.0006268463912419975,0.00021391722839325666,0.0,0.0,0.0,0.0,0.0,0.0,0.0,0.0,0.0002760463976301253,0.0008714552968740463,0.001173329888843,0.001187509042210877,0.0009335832437500358,0.000549556571058929,0.0002405729319434613,5.497040183399804e-05,0.00011092824570368975,0.0001248275366378948,4.061880099470727e-05,0.0,0.0,0.0,0.0,0.0,0.0,0.0,0.0,0.00014257829752750695,0.00044554498163051903,0.0005889021558687091,0.0006316936342045665,0.0005698369350284338,0.00043952555279247463,0.0002832563186530024,0.00011987503239652142,2.7991318347631022e-06,0.0,0.0,4.4468870328273624e-05,0.00012012226216029376,0.00013201750698499382,7.249718328239396e-05,0.0,0.0,0.0,0.0,0.0,0.0,0.0,0.0,0.0,0.0,0.0,0.0,0.0,0.0
2025-12-09T16:24:01.404425,1765297441.4044247,0.0,0.0,0.0,0.0,0.0,6.650795694440603e-05,0.00018928565259557217,0.000295474921585992,0.00030056500690989196,0.0001881279022200033,0.00013246499293018132,0.00015084652113728225,6.71921152388677e-05,0.0,0.0,0.0,0.0,0.0002830444136634469,0.000772446917835623,0.0011805715039372444,0.001307837083004415,0.0011971876956522465,0.0009850551141425967,0.0008552909130230546,0.0008446500287391245,0.000921756261959672,0.0009357668459415436,0.0009030315559357405,0.0008869257871992886,0.0009315229835920036,0.000996472779661417,0.001039666123688221,0.0010823357151821256,0.0012356596998870373,0.001525635365396738,0.0017463276162743568,0.0019687428139150143,0.0021158289164304733,0.002033983124420047,0.0019553524907678366,0.0017921284306794405,0.001444431720301509,0.0012081937165930867,0.0011011167662218213,0.0010748347267508507,0.0012600785121321678,0.0015369837637990713,0.001822505728341639,0.0022347753401845694,0.0024596762377768755,0.0024543260224163532,0.0023388024419546127,0.002063992666080594,0.0019259400432929397,0.0019266143208369613,0.001971525140106678,0.002066977322101593,0.002444217447191477,0.002786286175251007,0.00292417174205184,0.0027948925271630287,0.002515302272513509,0.002041034633293748,0.0017231112578883767,0.0012957478174939752,0.0010689786868169904,0.0007945821271277964,0.0004007958632428199,0.00017235241830348969,8.789189450908452e-05,3.762617416214198e-05,0.0,5.9479869378264993e-05,0.0003290735185146332,0.0003521463368088007,0.0007092062151059508,0.0008110790513455868,0.0006131063564680517,0.0005546575412154198,0.0002545216993894428,3.026988633791916e-05,0.0,0.0,0.0,0.0,0.0,0.0,0.0,0.0,8.273538696812466e-05,0.00032484051189385355,0.0004972205497324467,0.0005495910882018507,0.0006080986931920052,0.000528724689502269,0.00042436542571522295,0.0002869809395633638,0.00012941824388690293,0.0,0.0,0.0,0.0,0.0,0.0,0.0,0.0,0.0,8.182215424312744e-06,0.00011593153612921014,0.0002233772975159809,0.00028244106215424836,0.0003083973715547472,0.0002980698482133448,0.0002241934707853943,0.00014336932508740574,4.9997965106740594e-05,0.0,0.0,0.0,0.0,0.0,0.0,0.0,0.0,0.0,0.0,1.4886063581798226e-06,4.364424239611253e-05,6.350656622089446e-05,0.00012538157170638442,0.00020595492969732732,0.00010304716852260754,0.00013011976261623204,0.00019122073717880994,0.00028023135382682085
2025-12-09T16:24:03.071973,1765297443.071973,0.0,0.0,0.0,0.0,0.0,0.0,0.0,0.00013152178144082427,0.0002756941830739379,0.00023793350555934012,0.0,0.0,0.0,5.444775888463482e-05,0.000313350377837196,0.00045748703996650875,0.0005103179719299078,0.0004973202012479305,0.00043812586227431893,0.0002901951957028359,0.00022938194160815328,0.00034305694862268865,0.0007094874745234847,0.001228080946020782,0.0016171984607353806,0.0016705289017409086,0.0012990920804440975,0.0007774793775752187,0.00044387418893165886,0.00043650122825056314,0.0005907710292376578,0.0007293570670299232,0.0008867293945513666,0.0011464785784482956,0.0015708619030192494,0.002107992535457015,0.0024211492855101824,0.0025577438063919544,0.0023647653870284557,0.0019268395844846964,0.001494567608460784,0.0013177049113437533,0.001399995293468237,0.0016078068874776363,0.0019166324054822326,0.0022854208946228027,0.002497598063200712,0.0023527967277914286,0.002124198479577899,0.0017590825445950031,0.0013615820789709687,0.0011817221529781818,0.0012083920883014798,0.001499821781180799,0.0019026576774194837,0.0023859539069235325,0.0029361117631196976,0.003492526477202773,0.0037699672393500805,0.0037773356307297945,0.003293932881206274,0.002498539164662361,0.0015573898563161492,0.0008168838103301823,0.00024407845921814442,1.8724515484791482e-06,0.00010178000229643658,0.0003567014937289059,0.0007017807802185416,0.0011146358447149396,0.001325421268120408,0.0011223285691812634,0.0008718462195247412,0.0005006538704037666,0.00020163792942184955,0.0,0.0,0.0,0.0,0.0,0.0,0.0,0.0,0.0,0.0,3.915606430382468e-05,0.00030205477378331125,0.0006367820315063,0.0009329504682682455,0.0009312818292528391,0.000847372692078352,0.0006521070026792586,0.00041839477489702404,0.0002521431597415358,5.652742402162403e-05,0.0,0.0,0.0,0.0,0.0,0.0,0.0,0.0,0.0,8.791028812993318e-05,0.0003281483077444136,0.00048001090181060135,0.0005083380383439362,0.00042287359246984124,0.0002926018787547946,0.00017537875100970268,0.00011863791587529704,6.337587547022849e-05,0.0,0.0,0.0,0.0,0.0,0.0,0.0,0.0,0.0,0.0,0.0,0.0,0.0,0.0001538546639494598,0.00033352302853018045,0.0003882391902152449,0.00033973262179642916,0.00030871661147102714,0.0002912214258685708,0.00017252593534067273,9.714291809359565e-05,1.7627104170969687e-05
2025-12-09T16:24:04.738808,1765297444.7388082,6.173316796775907e-05,0.000187455108971335,0.0003069134254474193,0.0005063023418188095,0.0007688389741815627,0.0007112041348591447,0.0003390348865650594,0.0,0.0,0.0,0.0,0.0001668819022597745,0.0005529496120288968,0.0004307885537855327,0.00022123230155557394,0.00021668743283953518,0.00043795930105261505,0.0006066042697057128,0.0006195473251864314,0.0005439224187284708,0.00045812930329702795,0.00047044444363564253,0.0006613808800466359,0.0009012268856167793,0.0010652102064341307,0.0011228028452023864,0.0011430607410147786,0.0011151598300784826,0.0010061627253890038,0.0008914053905755281,0.00085557991405949,0.0010176864452660084,0.0012285482371225953,0.0013470713747665286,0.001299357507377863,0.0011885864660143852,0.0011481433175504208,0.0011510951444506645,0.001280839554965496,0.0015106633072718978,0.001773518044501543,0.0020044019911438227,0.0022110273130238056,0.002292489865794778,0.002422804944217205,0.0023748911917209625,0.002175896195694804,0.0018250241409987211,0.0014025046257302165,0.00124934536870569,0.0012871987419202924,0.00143200415186584,0.0017616638215258718,0.0020549786277115345,0.002337758895009756,0.0027103754691779613,0.0030330284498631954,0.0031062657944858074,0.0029676698613911867,0.0026725763455033302,0.0022095523308962584,0.0018784110434353352,0.001643093186430633,0.001504656276665628,0.0013878815807402134,0.0012858378468081355,0.000991473556496203,0.0007600389653816819,0.0004593862686306238,7.028935942798853e-05,0.0,0.0,0.00024057189875748008,0.000601003470364958,0.0009901068406179547,0.0011127474717795849,0.0010251289932057261,0.0007399563328363001,0.00019987512496300042,0.0,0.0,0.0,0.0,0.0,0.0,0.0,0.0001793366391211748,0.00034868301008827984,0.00048326925025321543,0.000507705204654485,0.0004115076153539121,0.0002441733668092638,7.882635691203177e-05,0.0,0.0,0.0,0.0,0.0,0.0,0.0,0.0,0.0,0.0,0.0,0.0,0.0,0.0,0.00021635221492033452,0.000377936870791018,0.00044948511640541255,0.000413236120948568,0.000304877117741853,0.0002060586994048208,6.377290992531925e-05,0.0,0.0,0.0,0.0,0.0,0.0,8.172693924279884e-05,0.00028233660850673914,0.0003869378997478634,0.00041303187026642263,0.00040502421325072646,0.0003806774620898068,0.00032663060119375587,0.00028969135018996894,0.0002591109659988433,0.000258874410064891,0.00030499379499815404,0.0003104784700553864,0.00026805634843185544,0.0002445701393298805,0.00021633628057315946
2025-12-09T16:24:06.407845,1765297446.407845,0.0006015126709826291,0.0005917825037613511,0.0006064883200451732,0.0006317307706922293,0.0006134567665867507,0.00037466094363480806,5.628001963486895e-05,0.0,0.0,0.0,0.0,0.0,0.0,0.00012050749501213431,0.00017752565327100456,0.0001025716119329445,0.0,2.017984115809668e-05,0.00021720121731050313,0.0005028568557463586,0.0008157060365192592,0.001076224842108786,0.0011944582220166922,0.0011442922987043858,0.0009824599837884307,0.0008892337209545076,0.0009985597571358085,0.0011927762534469366,0.0012586188968271017,0.0011492350604385138,0.0009242158848792315,0.0007172402110882103,0.0006843403680250049,0.0008300710469484329,0.001042188610881567,0.0013929351698607206,0.001658885506913066,0.0016831810353323817,0.001509220339357853,0.0013715886743739247,0.0014005990233272314,0.0014672352699562907,0.0017721772892400622,0.002151037799194455,0.0024417564272880554,0.0024654672015458345,0.002357589779421687,0.0019280757987871766,0.0013771781232208014,0.0009653816814534366,0.0007956050685606897,0.0009139960748143494,0.0014411186566576362,0.0020992655772715807,0.0027430388145148754,0.003270667977631092,0.003426887560635805,0.003302411874756217,0.002967910375446081,0.0024961018934845924,0.00203201943077147,0.0015808668686076999,0.0012705284170806408,0.001091326936148107,0.001061654998920858,0.001064090640284121,0.001133554382249713,0.001210025162436068,0.0010852059349417686,0.0006504476768895984,0.00018301117233932018,0.0,0.0,0.0,0.0,0.000353034381987527,0.0005463615525513887,0.0008982406579889357,0.0008636524435132742,0.0007764965994283557,0.0005140118882991374,0.0002832169702742249,4.129424269194715e-05,0.0,0.0,0.0,0.0,0.0,0.0,0.0,0.0,0.0,0.0,0.0,1.7326532542938367e-05,0.00018095617997460067,0.000323969783494249,0.00041133849299512804,0.0004296436090953648,0.0004014633595943451,0.0002747944963630289,8.931313641369343e-05,0.0,0.0,0.0,0.0,0.0,0.0,6.439122807933018e-05,1.842040364863351e-05,0.0,0.0,0.0,0.0,0.0,0.0,6.647678674198687e-05,0.0002972070942632854,0.0005264020292088389,0.0006959414458833635,0.0007068128907121718,0.0005768274422734976,0.0003313457127660513,3.055985507671721e-05,0.0,0.0,0.0,0.0,0.0,0.0,0.0,0.0,0.0,0.0,0.0
2025-12-09T16:24:08.079075,1765297448.0790753,0.0,0.0,5.657232759403996e-05,0.0001526375417597592,0.00022328837076202035,0.00012519207666628063,5.354073891794542e-06,0.0,0.0,0.0,0.0,0.0,0.0,1.596253969182726e-05,0.0002854944032151252,0.0005415812483988702,0.0006701226229779422,0.0006065101479180157,0.0004237528482917696,0.00034050620160996914,0.0005154133541509509,0.0008765401435084641,0.0011414523469284177,0.0010695040691643953,0.0008267759112641215,0.0007206674781627953,0.0009359470568597317,0.0013887234963476658,0.0016594238113611937,0.0014495640061795712,0.000857277016621083,0.00027078110724687576,0.0002279512700624764,0.0007860665209591389,0.0016152119496837258,0.0024509611539542675,0.0029624004382640123,0.002797222463414073,0.002288163872435689,0.001656336709856987,0.0012035162653774023,0.0011002265382558107,0.0013043058570474386,0.00163572549354285,0.00200359127484262,0.002294824691489339,0.002342160092666745,0.002119768178090453,0.0019136572955176234,0.0017104006838053465,0.0014914297498762608,0.001411383505910635,0.0015018555568531156,0.0018035118700936437,0.0022130648139864206,0.0028209586162120104,0.0033712564036250114,0.0036709061823785305,0.00371675007045269,0.003496228251606226,0.0029650647193193436,0.002186734927818179,0.001458334969356656,0.0007424978539347649,0.00022139682550914586,0.0,0.0,0.00016650858742650598,0.0005166969494894147,0.0008755577728152275,0.001064984709955752,0.0012104216730222106,0.0011158846318721771,0.0009189637494273484,0.0005164460162632167,0.0004201307601761073,0.0001881926436908543,0.00018912370433099568,0.0001565784914419055,8.81594096426852e-05,9.311351277574431e-06,0.0,0.0,0.0,0.0,0.0,0.0,0.0,0.00026625976897776127,0.0004956396296620369,0.0006204906385391951,0.0006431240472011268,0.0005618585273623466,0.0005295155569911003,0.0004390466492623091,0.00044791054097004235,0.00024084161850623786,2.0345914890640415e-05,0.0,0.0,0.0,0.0,0.0,0.0,0.00017176769324578345,0.0003773626231122762,0.0005131801008246839,0.0005561573198065162,0.0006220737705007195,0.0006835142849013209,0.0006833145162090659,0.0006083875778131187,0.00044072658056393266,0.00028189769363962114,0.00015661882935091853,0.0,0.0,0.0,0.0,0.0,0.0,0.0,0.0,0.00011125455057481304,0.00033113412791863084,0.0005155831458978355,0.0006276619387790561,0.000665780040435493,0.0006854794337414205,0.0007091416628099978,0.000737686175853014,0.0006869765347801149,0.0006474539986811578,0.0005772909498773515,0.0005787460831925273
2025-12-09T16:24:09.747906,1765297449.747906,0.0,0.0,0.0,0.0,0.0,0.0,0.0,0.0,0.0,0.0,0.0,0.00016191101167351007,0.000402492587454617,0.0004989653825759888,0.0004841785703320056,0.00037869621883146465,0.00023231832892633975,0.00015008696937002242,0.00011473426275188103,0.00021622827625833452,0.000402098405174911,0.0005491673946380615,0.000573070312384516,0.0005544731393456459,0.0006831909413449466,0.0010751431109383702,0.0015374867944046855,0.0017135670641437173,0.0014936958905309439,0.001137804938480258,0.0009176860912702978,0.0009952026885002851,0.0011684475466609001,0.0013694502413272858,0.0015719679649919271,0.0016573810717090964,0.0015675218310207129,0.0014584435848519206,0.0015664628008380532,0.001714584301225841,0.0018622009083628654,0.0020885488484054804,0.002320394851267338,0.0024157022126019,0.002411208115518093,0.0020709221716970205,0.0018341768300160766,0.0016796099953353405,0.0014108691830188036,0.0014007663121446967,0.0015738417860120535,0.0018835250521078706,0.0023027947172522545,0.002738944021984935,0.0029128522146493196,0.002919932594522834,0.0028590657748281956,0.0027057400438934565,0.0024828645400702953,0.002265066606923938,0.0020948932506144047,0.0021337508223950863,0.0019199246307834983,0.002083113882690668,0.0023025479167699814,0.002250074641779065,0.002143278019502759,0.0015689032152295113,0.0007781058084219694,7.95180403656559e-06,0.0,0.0,0.0,5.9601792600005865e-05,0.000327646906953305,0.0006457241252064705,0.0011208329815417528,0.001090014586225152,0.0010205362923443317,0.0009389417828060687,0.00038312209653668106,0.0,0.0,0.0,0.0,0.0,0.0,0.0,0.0,0.0,0.0,0.0,0.0,0.0003591428976505995,0.0006529295933432877,0.000837357307318598,0.0007980442023836076,0.0007200124091468751,0.0006031299126334488,0.0005263829953037202,0.00035032525192946196,0.0001094561448553577,0.0,0.0,0.0,0.0,0.0,0.0,0.0,0.0,0.0,0.0001231295900652185,0.00034885553759522736,0.0005559868877753615,0.0006098346784710884,0.00048726791283115745,0.00027330961893312633,0.00012821615382563323,3.957714216085151e-05,9.655446774559096e-05,0.000177318841451779,0.00031095577287487686,0.00035168929025530815,0.0003372208448126912,0.0002597176644485444,0.0001696669787634164,8.316800813190639e-05,0.0,0.0,0.0,0.0,0.0,0.0,0.0,0.0
2025-12-09T16:24:11.415717,1765297451.4157174,0.0009245093679055572,0.0007890905835665762,0.0007075683097355068,0.0006823589210398495,0.0006519320886582136,0.0004825532960239798,0.0001772578398231417,0.0,0.0,0.0,4.580071254167706e-05,8.618874562671408e-05,0.0,0.0,0.0,0.00034340907586738467,0.0005920298281125724,0.0007125046686269343,0.0006592794670723379,0.0005227004876360297,0.00043868806096725166,0.0004866198287345469,0.0006949182716198266,0.0010078923078253865,0.001244470477104187,0.0012882865266874433,0.0011146807810291648,0.0007013444555923343,0.0002962919243145734,0.00032367653329856694,0.0008409939473494887,0.0016433936543762684,0.0022653478663414717,0.002327984431758523,0.0018195275915786624,0.0013209362514317036,0.0008324881782755256,0.000530863762833178,0.0006740887765772641,0.0012305586133152246,0.0019103720551356673,0.0022087451070547104,0.002322896383702755,0.0022839929442852736,0.0020151189528405666,0.001609336119145155,0.0013354909606277943,0.0011530551128089428,0.0011315291048958898,0.0013506780378520489,0.0017597335390746593,0.0021672905422747135,0.0025370705407112837,0.0028103343211114407,0.0029154757503420115,0.002839744323864579,0.002596057252958417,0.002306366804987192,0.002075594151392579,0.0019340540748089552,0.0019856770522892475,0.0021083985920995474,0.0020627190824598074,0.0019294070079922676,0.0017800097120925784,0.0015429386403411627,0.0012276312336325645,0.0009014251409098506,0.0005163768655620515,6.66182822897099e-05,0.0,0.0,0.0,4.859005275648087e-05,0.0003023188910447061,0.0006564658833667636,0.0008612773381173611,0.0008931272896006703,0.0005911145126447082,0.00019041851919610053,0.0,0.0,0.0,0.0,0.0,0.0,7.300156721612439e-05,3.3186031942022964e-05,0.0,0.0,0.0,0.0,0.0,0.00026634876849129796,0.0006284249247983098,0.0009399832924827933,0.0010676340898498893,0.0010030753910541534,0.0007759198779240251,0.00038859553751535714,7.6056327088736e-05,0.0,0.0,0.0,0.0,0.0,0.0,0.0,0.0,0.0,0.0,0.0,0.0,0.0,0.0,0.0,0.0,3.080616079387255e-05,0.00020688000950030982,0.0004037676262669265,0.0005116572719998658,0.0005065541481599212,0.00041442975634709,0.0002894582285080105,0.00018049098434858024,3.981676127295941e-05,0.0,0.0,0.0,0.0,0.0,0.00036499506677500904,0.0005871931789442897,0.0008166244369931519,0.0010341741144657135
2025-12-09T16:24:13.083758,1765297453.0837576,0.0001066348995664157,0.00021793373161926866,0.00027906091418117285,0.00030402091215364635,0.00029358058236539364,0.00024716355255804956,0.00020433288591448218,0.00014960482076276094,0.00015354499919340014,0.00018646829994395375,0.0002240838948637247,0.00026743081980384886,0.0002660245227161795,8.312371210195124e-05,0.0,0.0,0.0,0.0,8.248859376180917e-05,0.000340388563927263,0.0005726038361899555,0.0007484403904527426,0.000831586541607976,0.0009347987943328917,0.0010958529310300946,0.001291760359890759,0.001362682436592877,0.0013325479812920094,0.0012312845792621374,0.0011275066062808037,0.0010574822081252933,0.0010069251293316483,0.0010420249309390783,0.0011535767698660493,0.001388234319165349,0.0017498621018603444,0.0019939944613724947,0.0018666546093299985,0.0018424534937366843,0.0016754231182858348,0.0014829845167696476,0.0016157665522769094,0.0018196534365415573,0.0020246263593435287,0.002086625201627612,0.0018705495167523623,0.0015584873035550117,0.001221079146489501,0.0010304602328687906,0.0010202769190073013,0.0012084535555914044,0.0014956229133531451,0.0018719428917393088,0.002343719359487295,0.0026936361100524664,0.0028764631133526564,0.003025974379852414,0.003076581284403801,0.0029001759830862284,0.002709155436605215,0.002506195567548275,0.002252367790788412,0.0018574119312688708,0.0013722500298172235,0.0008501762640662491,0.0003068575751967728,0.0,0.0,0.0,6.304972339421511e-05,0.0006928467773832381,0.0010176741052418947,0.0012436966644600034,0.0010553457541391253,0.0010325496550649405,0.0004741694428957999,0.0,0.0,0.0,0.0,0.0,0.0,0.0004824810312129557,0.000856851227581501,0.00096525764092803,0.0010704930173233151,0.0007730543147772551,0.0005962593713775277,0.0007000351324677467,0.0006879647844471037,0.000503632880281657,0.0001701727887848392,0.0,0.0,0.0,0.0,0.0,0.0,0.0,8.402200910495594e-05,0.00016391514509450644,0.00022309563064482063,0.00028833633405156434,0.0003564976213965565,0.0004332189273554832,0.0004900466301478446,0.0005375229520723224,0.0005503746797330678,0.0005270562251098454,0.0004579931846819818,0.0003196981269866228,0.00016999730723910034,5.854676783201285e-05,0.0,0.0,0.0,0.0,0.0,2.035922443610616e-05,3.948004632547963e-06,0.0,0.0,0.0,0.0,0.0,7.266682223416865e-05,0.00016089009295683354,0.00025007204385474324,0.00035813957219943404,0.0004294327227398753,0.00047598499804735184,0.0003373243089299649,0.00031408481299877167,0.00028795452089980245,0.00026379109476692975
2025-12-09T16:24:14.752296,1765297454.7522962,0.000593459524679929,0.0005309180705808103,0.0004638870886992663,0.00034786443575285375,0.0003148306277580559,0.00039741102955304086,0.0004005831724498421,0.0003038700670003891,0.0001141355896834284,0.0,0.0,0.0,0.0001382722839480266,0.0001608566235518083,0.00011999061098322272,0.0001029984196065925,3.611308420659043e-05,2.541752292017918e-05,0.00010165490675717592,0.0003767333400901407,0.0007265724125318229,0.001079248613677919,0.0013009629910811782,0.0013609196757897735,0.001291557215154171,0.001185543485917151,0.0010790011147037148,0.0010704114101827145,0.0010998849757015705,0.0010950096184387803,0.0010090058203786612,0.0008471483015455306,0.0007510304567404091,0.0008698864839971066,0.0010910109849646688,0.0013894285075366497,0.001715226680971682,0.0019161199452355504,0.002097767312079668,0.0020134304650127888,0.0017736133886501193,0.001645945361815393,0.0015932349488139153,0.0015852578217163682,0.0016922183567658067,0.0018292699242010713,0.0021427145693451166,0.002302879001945257,0.0021931894589215517,0.002019090810790658,0.0017698869341984391,0.001557723036967218,0.0016203033737838268,0.001833370653912425,0.0019699246622622013,0.0022501565981656313,0.002653234638273716,0.003021051874384284,0.0031887029763311148,0.003067671088501811,0.0025903291534632444,0.001793018775060773,0.0013152073370292783,0.001006466569378972,0.0008262661867775023,0.0008423109538853168,0.000960407080128789,0.0010337072890251875,0.0008466928265988827,0.0007590383174829185,0.0006941281026229262,0.0005786249530501664,0.0004767071222886443,0.0003350682382006198,7.505985558964312e-05,0.00021790961909573525,6.544004281749949e-05,7.002896018093452e-05,0.0,0.0,0.0,0.0,0.0,0.0,0.0,0.0,0.00013023796782363206,0.0003361564304213971,0.0005667594377882779,0.0006145242368802428,0.000516182801220566,0.00030385568970814347,8.27882468001917e-06,0.0,0.0,0.0,0.0,0.0,0.0,0.0,9.371232590638101e-05,0.0003225394175387919,0.00048566830810159445,0.0005449271411634982,0.0005875735078006983,0.0005454526981338859,0.00046771421330049634,0.00034382290323264897,0.00017384393140673637,7.57240150051075e-06,0.0,0.0,0.0,0.0,0.0,0.0,0.0,0.0,0.0,0.0,0.0,0.0,7.038977400952717e-06,0.0,0.0,0.0,0.0,0.0,0.0,0.0,0.0,0.0,0.0,0.0,0.0
2025-12-09T16:24:16.421443,1765297456.4214432,0.0011819442734122276,0.0010977747151628137,0.0009686349658295512,0.0008401329978369176,0.0006535134743899107,0.0003637667978182435,7.486598042305559e-05,0.0,0.0,0.0,0.00011325354716973379,0.00014482867845799774,5.288932879921049e-05,0.0,3.189260314684361e-05,0.0002072658098768443,0.0004126284911762923,0.00048498829710297287,0.0005371441366150975,0.0006225701654329896,0.0007507320842705667,0.0009469907381571829,0.0011429025325924158,0.001322836964391172,0.001385120558552444,0.0012202122015878558,0.0008618451538495719,0.0004039912309963256,0.00013049916015006602,0.00028782212757505476,0.0008152681984938681,0.0014652659883722663,0.0019696385134011507,0.002014028374105692,0.0017625385662540793,0.0014934262726455927,0.001222521415911615,0.0010962532833218575,0.0013711964711546898,0.0018390868790447712,0.0022839868906885386,0.002402032259851694,0.0022905198857188225,0.0020958776585757732,0.001738385995849967,0.0013935555471107364,0.0011232992401346564,0.0010860570473596454,0.0013960092328488827,0.001707281800918281,0.0019890647381544113,0.002245501382276416,0.0023593571968376637,0.00239888415671885,0.0023415384348481894,0.0022358244750648737,0.002124796388670802,0.0020701205357909203,0.0021152226254343987,0.0022557361517101526,0.002343148225918412,0.0023846880067139864,0.0023645355831831694,0.002024131827056408,0.0016485287342220545,0.0012334076454862952,0.000789881101809442,0.000372962822439149,0.00019727239850908518,0.00012100022286176682,0.0001741814921842888,0.00022284741862677038,0.0003106979711446911,0.00036443042336031795,0.00017102119454648346,0.00032137450762093067,0.00012851973588112742,0.0,0.0,0.0,0.0,0.0,0.0001274952373933047,0.0006214811000972986,0.0009230183786712587,0.0008791909785941243,0.0007996258209459484,0.0004348348011262715,0.00013229058822616935,0.0,0.0,0.0,0.0,0.0,0.0,0.0,0.0,0.0,0.0,0.0,0.0,2.00192353077e-05,8.95521225174889e-05,0.00016133194731082767,0.0001889875129563734,0.0002118018746841699,0.00018329074373468757,0.0001084820760297589,0.0,0.0,0.0,0.0,0.0,0.0,0.0,0.0,4.730326327262446e-05,0.00023438199423253536,0.00043460101005621254,0.0005937098176218569,0.000682502577546984,0.0007002524798735976,0.0006762786651961505,0.000603746622800827,0.0005056427326053381,0.0003855695831589401,0.0002826559357345104,0.00015456246910616755,2.6650779545889236e-05,6.2036510826146696e-06,0.0,0.0,0.0,0.0,0.0
2025-12-09T16:24:18.090896,1765297458.0908961,0.0,0.0,0.0,0.0,0.0,0.0,0.0,2.4617220333311707e-05,0.0003497681755106896,0.0006554421852342784,0.0006782985292375088,0.0004319598665460944,0.0002000494278036058,8.33095473353751e-05,0.0,0.0,0.0,0.0,0.0,0.0002426108403597027,0.0007406634395010769,0.0011111805215477943,0.0013235884252935648,0.0014331643469631672,0.0015147733502089977,0.0015704336110502481,0.0015354709466919303,0.001413437887094915,0.0011167883640155196,0.0006634120363742113,0.00015761496615596116,0.0,0.0004023697110824287,0.0014014217304065824,0.0024293202441185713,0.003012594999745488,0.0028728723991662264,0.0021959145087748766,0.0016192714683711529,0.0012812901986762881,0.0013266920577734709,0.0016312013613060117,0.0020507562439888716,0.0021458410192281008,0.001892297063022852,0.0014023332623764873,0.0009019862627610564,0.0005453601479530334,0.0007087881676852703,0.0011648983927443624,0.0016338481800630689,0.002093851799145341,0.002567554358392954,0.002980568679049611,0.0033124517649412155,0.0034813922829926014,0.003399613779038191,0.0031333209481090307,0.002792470855638385,0.0024104223120957613,0.001904620905406773,0.0014056058134883642,0.0010386250214651227,0.0008574774255976081,0.0007461587083525956,0.0007711876532994211,0.001052970183081925,0.0012964357156306505,0.0013348328648135066,0.00124228629283607,0.0009686322300694883,0.00041023187804967165,0.0,0.0,0.0,0.0,0.0,7.195626676548272e-05,0.0003343300486449152,0.0006081469473429024,0.0005648275837302208,0.0006635249592363834,0.000613090000115335,0.0005373894819058478,0.0004447735846042633,0.0003592106222640723,0.00018572292174212635,0.0,0.0,0.0,0.0,0.0,0.0,0.0,0.0,0.0,0.0,0.0,0.0,0.00018918067507911474,0.0003589731641113758,0.000495815125759691,0.0006061889580450952,0.0006772509077563882,0.0006595323793590069,0.0005663021584041417,0.000393728754715994,0.0001680490095168352,3.3243599318666384e-05,0.0,0.0,3.0428029276663437e-05,1.978489672183059e-05,0.0,0.0,0.0,0.0,0.0,0.0,0.0,0.0,0.0,0.0,0.0,0.0,0.0,0.0,0.0,0.0,0.0,0.0,0.0,0.0,0.0,0.0
2025-12-09T16:24:19.760277,1765297459.7602766,7.587360596517101e-05,2.275832048326265e-05,0.0,0.0,4.447329956747126e-06,0.00011430103768361732,0.0002490677870810032,0.00029591290513053536,0.0003500044404063374,0.0002777329063974321,0.0001192791823996231,0.0,0.0,0.0,0.0,0.0,0.0,0.0,0.00029049135628156364,0.0006787424208596349,0.0008165431208908558,0.0006446253973990679,0.0005699757602997124,0.000822105968836695,0.0012455221731215715,0.001416158163920045,0.0012025671312585473,0.0007661247509531677,0.0004999390803277493,0.0006682690000161529,0.0011203167960047722,0.0015685615362599492,0.0016122603556141257,0.0011431305902078748,0.0006312535260803998,0.00039766865666024387,0.0008361595100723207,0.001762185012921691,0.0026096587534993887,0.003094386076554656,0.003081187605857849,0.0023993537761271,0.0014360618079081178,0.0006578641477972269,0.0004051013384014368,0.000713156012352556,0.0014758427860215306,0.002337048063054681,0.0031967151444405317,0.003512175288051367,0.0032217048574239016,0.0026757160667330027,0.002099286997690797,0.0016862079501152039,0.0015563421184197068,0.001528033404611051,0.0016665091970935464,0.0017951990012079477,0.0019168833969160914,0.002167410682886839,0.0024220494087785482,0.0026405525859445333,0.002735404297709465,0.0026111756451427937,0.0023953185882419348,0.0019150448497384787,0.001602620235644281,0.00106043741106987,0.0005106525495648384,5.573240196099505e-05,0.0,0.0,0.0,0.0,0.0,0.00020459588267840445,0.0008638708968646824,0.001332889194600284,0.0013971347361803055,0.0010370071977376938,0.0007966516423039138,0.00021092889073770493,2.5263823772547767e-05,0.0,0.0,0.0,0.0,0.0,0.0,0.0,0.0,1.530179360997863e-05,0.00036596436984837055,0.0006620140047743917,0.0007517896010540426,0.0007715349784120917,0.0006317900260910392,0.000497904431540519,0.0003889470244757831,0.00022607446589972824,0.00015822876594029367,2.3079614038579166e-05,0.0,0.0,0.0,0.0,0.0,0.0,0.0,0.00010898261825786904,0.0003041939635295421,0.0004380598256830126,0.0005011064931750298,0.00047328308573924005,0.0003578685864340514,0.00015541120956186205,0.0,0.0,0.0,0.0,0.0,1.2725996384688187e-05,0.00016546150436624885,0.00027317480999045074,0.0003490897361189127,0.0003727391886059195,0.00033229016116820276,0.00026512949261814356,0.0001913904125103727,9.995767322834581e-05,9.73073547356762e-05,0.00016133453755173832,0.00010551000013947487,7.002013444434851e-05,6.53722308925353e-05
2025-12-09T16:24:21.427430,1765297461.4274304,0.0005843595718033612,0.0005195721169002354,0.00046601006761193275,0.00043592340080067515,0.00037266500294208527,0.00023407921253237873,0.0,0.0,0.0,0.0,0.0,0.00033927435288205743,0.0007416817243210971,0.0007516805198974907,0.00044537268695421517,0.0,0.0,0.0,0.0,0.00045700903865508735,0.0008951716590672731,0.0011240962194278836,0.0010306271724402905,0.000733260705601424,0.0004843918140977621,0.0004653494106605649,0.000695874507073313,0.0009566731750965118,0.0010833472479134798,0.0010783375473693013,0.0010651363991200924,0.0011939270189031959,0.0015013011870905757,0.0018778488738462329,0.0021127306390553713,0.0019913159776479006,0.0016409194795414805,0.0011815556790679693,0.0011363776866346598,0.0013552499003708363,0.0015869572525843978,0.0019727367907762527,0.00225965678691864,0.0022910309489816427,0.0020331661216914654,0.0016076193423941731,0.0012115130666643381,0.001023989636451006,0.0009555048309266567,0.0011463791597634554,0.0016296474495902658,0.002097378484904766,0.0025049231480807066,0.002828395226970315,0.002951600356027484,0.002814695006236434,0.0026156085077673197,0.0023789298720657825,0.0020539977122098207,0.0018171208212152123,0.0016713666263967752,0.0016452119452878833,0.0017486677970737219,0.0017311072442680597,0.0016494177980348468,0.0015293454052880406,0.0014470363967120647,0.0012704516993835568,0.0008908001473173499,0.000481690454762429,1.3314442185219377e-05,0.0,0.0,0.0,0.0,0.00010954587196465582,2.92360255116364e-05,0.00022690038895234466,0.00012146950757596642,0.00017147371545433998,0.0003336969530209899,0.0007319453870877624,0.0012050520163029432,0.001419602776877582,0.0014025097480043769,0.0010048819240182638,0.0005590877262875438,0.0,0.0,0.0,0.0,0.0,0.0,0.0,0.0,0.0,0.0,0.0,0.0,8.230756066041067e-06,0.0001332085084868595,0.000309447554172948,0.0004955875920131803,0.0005933223874308169,0.0006104481290094554,0.0005576989497058094,0.0004254690429661423,0.00022894084395375103,1.0411079529148992e-05,0.0,0.0,0.0,0.0,0.0,0.0,3.428666605032049e-05,0.0001819438475649804,0.0002321434731129557,0.0002587649505585432,0.0002762512012850493,0.0002922940475400537,0.00026430984144099057,0.0001665306481299922,0.0,0.0,0.0,0.0,0.0,0.0,0.0,0.0,0.0,0.0,0.0,8.703766070539132e-05
2025-12-09T16:24:23.097460,1765297463.0974598,0.0006180558120831847,0.0005088022444397211,0.0004304085741750896,0.0003769721370190382,0.000325029221130535,0.0003627105033956468,0.00039217426092363894,0.0004009180411230773,0.00032531379838474095,0.00017077373922802508,0.0001322762545896694,0.00029099229141138494,0.0004367611836642027,0.0003138019237667322,2.1657460820279084e-05,0.0,0.0,0.0,0.00011593617091421038,0.00035560462856665254,0.0007338160066865385,0.001112076686695218,0.0013128721620887518,0.0013131636660546064,0.0012493761023506522,0.0012978608720004559,0.001328374957665801,0.001174026052467525,0.0008661130559630692,0.0007018771721050143,0.0007976896595209837,0.0011137067340314388,0.0014285625657066703,0.001597853610292077,0.001607766025699675,0.001570707536302507,0.0014701604377478361,0.0013491474092006683,0.001413013436831534,0.0016960371285676956,0.0019818060100078583,0.0021291361190378666,0.0021601803600788116,0.0020818712655454874,0.002059143502265215,0.0019296122482046485,0.0016972041921690106,0.0015200653579086065,0.0015258181374520063,0.0016700259875506163,0.0017776710446923971,0.0018748141592368484,0.0019694515503942966,0.002144532511010766,0.002473094966262579,0.002775530330836773,0.0029163160361349583,0.0028394858818501234,0.002696922281756997,0.0025597279891371727,0.0023110026959329844,0.0019784746691584587,0.0016239384422078729,0.0011770393466576934,0.0009104445925913751,0.0007580803357996047,0.0007127621793188155,0.0006945263012312353,0.0007324685575440526,0.0006805839366279542,0.0004930511931888759,0.00046672316966578364,0.00041017390321940184,0.0004483784141484648,0.00032780171022750437,0.0004502020310610533,0.00036201864713802934,0.00028923884383402765,1.823073034756817e-05,0.0,0.0,0.0,0.0,0.0,0.0,0.0,0.0003135411534458399,0.0005649068625643849,0.0005191313102841377,0.00046153171570040286,0.0002889981842599809,0.00010402081534266472,0.0,0.0,0.0,0.0,0.0,0.0,0.0,0.0,0.0,2.3258133296621963e-05,7.081619696691632e-05,3.0166700526024215e-05,0.0,0.0,0.0,0.0,0.0,3.679254950839095e-05,8.98824364412576e-05,0.00014548806939274073,0.0001662540016695857,0.0001588253362569958,0.00012663821689784527,4.3760097469203174e-05,0.0,0.0,0.0,0.0,0.0,4.983670805813745e-05,0.00012852602230850607,0.00019599928054958582,0.0002250321995234117,0.00020630074141081423,0.00015794127830304205,7.727080810582265e-05,0.0,0.0,0.0,0.0,0.0,0.0,0.0
2025-12-09T16:24:24.767668,1765297464.767668,0.0,0.0,0.00010675496014300734,0.00023879949003458023,0.0003842416044790298,0.0005467366427183151,0.0006108733941800892,0.000527986790984869,0.00040188143611885607,0.0002054401847999543,4.3095165892736986e-05,0.0,0.0,0.0,0.0,0.0,0.0001513101888122037,0.0004512122250162065,0.000630812777671963,0.0007178721716627479,0.0008916975930333138,0.0011564611922949553,0.0013809502124786377,0.0014361205976456404,0.0013355709379538894,0.0012356943916529417,0.0011805028188973665,0.001049681450240314,0.0007594149792566895,0.00047575708595104516,0.0004759448056574911,0.0007654480868950486,0.0012741332175210118,0.001700907712802291,0.0019439671887084842,0.002061648992821574,0.0020007393322885036,0.0017826484981924295,0.0016221139812842011,0.0017168145859614015,0.001772570889443159,0.0018185183871537447,0.0018661529757082462,0.0019524528179317713,0.0019135483307763934,0.0017914354102686048,0.0015811002813279629,0.0015477490378543735,0.0015195757150650024,0.0016926743555814028,0.002021219115704298,0.0023550810292363167,0.0026050007436424494,0.002762450138106942,0.002780294744297862,0.0027754430193454027,0.002803451381623745,0.0027730674482882023,0.0026551056653261185,0.0024432381615042686,0.0021182335913181305,0.0018103714101016521,0.001334868255071342,0.00113154505379498,0.0010698121041059494,0.0010054713347926736,0.0012477032141759992,0.001294546527788043,0.0009473687969148159,0.0008022387628443539,0.0007067082333378494,0.0004192293854430318,0.0002164914330933243,2.87803368337336e-06,0.0,0.0,0.0,0.0,0.00022701408306602389,0.0002914777141995728,0.00029314938001334667,8.027857256820425e-05,0.0,0.0,0.0,0.0,0.00012180342309875414,0.00013767482596449554,0.00014892680337652564,1.7932810806087218e-05,0.0,4.817356602870859e-05,0.00019825695198960602,0.00035447333357296884,0.0002573906385805458,0.00015668518608435988,0.0,0.0,0.0,0.0,0.0,1.232219710800564e-05,0.00039414913044311106,0.0006470569642260671,0.0007897258619777858,0.0007422240450978279,0.0004920894862152636,9.358964598504826e-05,0.0,0.0,0.0,0.0,0.0,0.0,2.645857421157416e-05,0.00023791052808519453,0.0004760716110467911,0.0006110944668762386,0.0005884909769520164,0.0004480993084143847,0.00026195499231107533,0.0001077533743227832,1.3945638784207404e-05,0.0,0.0,0.0,0.0,0.0,0.0,0.0,0.0,0.0,0.0,0.0,0.0
2025-12-09T16:24:26.435384,1765297466.4353838,0.0003629099519457668,0.0002491295163054019,0.00014386388647835702,7.6713775342796e-05,0.0,0.0,0.0,0.0,0.0001483572123106569,0.0003942683106288314,0.0005725917872041464,0.000558457977604121,0.0004586279101204127,0.00033406444708816707,0.00032047089189291,0.00029554555658251047,0.0002178356662625447,3.328772072563879e-05,0.0,0.0,0.00013043567014392465,0.0006277177599258721,0.0012314051855355501,0.001692695776000619,0.0017899350496008992,0.0014443561667576432,0.0008715809672139585,0.0003403642913326621,0.00020430980657693,0.0005367732373997569,0.0010717721888795495,0.0014790532877668738,0.0015348867746070027,0.0012905590701848269,0.0010758483549579978,0.0011405125260353088,0.001548522850498557,0.0020852494053542614,0.002425264334306121,0.0025568976998329163,0.0023965404834598303,0.0018268375424668193,0.001148406881839037,0.0007016099989414215,0.0005726882955059409,0.0008483922574669123,0.0012427077163010836,0.0017176688415929675,0.002149195410311222,0.0024752106983214617,0.002586333779618144,0.0024168549571186304,0.002087857574224472,0.0019171376479789615,0.0019426709040999413,0.0021188182290643454,0.0023678247816860676,0.002518108580261469,0.0026877387426793575,0.0027894366066902876,0.002744561992585659,0.002597933867946267,0.0023417833726853132,0.0018799015088006854,0.0014124547597020864,0.0009240274084731936,0.00043037417344748974,4.4056621845811605e-05,0.0,0.0,4.661960338125937e-05,0.0005289015825837851,0.0008991814102046192,0.0011522441636770964,0.0008919184328988194,0.000728512357454747,0.0006009063799865544,0.0004226441669743508,0.00012091106327716261,0.0,0.0,0.0,0.0,0.0,0.0,0.00024233508156612515,0.00037715944927185774,0.0005251684342510998,0.000257493753451854,0.00011868628644151613,2.3489476006943733e-05,4.575048296828754e-05,0.0001097999484045431,0.00013207035954110324,0.00016295677050948143,0.00010137754725292325,0.0,0.0,0.0,0.0,0.0,0.0,0.0,0.0,0.0001413260179106146,0.0002948995679616928,0.00037795022944919765,0.0004249112098477781,0.0004226745222695172,0.00035956251667812467,0.0002461459953337908,0.00010987534915329888,0.0,0.0,0.0,0.0,0.0,0.0,0.0,4.674009687732905e-05,8.122173312585801e-05,2.6149422410526313e-05,0.0,0.0,0.0,0.0,0.0,2.776249857561197e-05,0.00019644298299681395,0.00040315938531421125,0.000544994545634836,0.0006344126304611564,0.0007253566873259842,0.0007985779084265232,0.0008235530694946647
